
INSERT INTO alignment_image (transcription_id, zone_id, type, ptr_transcription_start, ptr_transcription_end) VALUES (1, 2, 'transcription', 320, 553);
INSERT INTO alignment_image (transcription_id, zone_id, type, ptr_transcription_start, ptr_transcription_end) VALUES (1, 3, 'transcription', 553, 738);
INSERT INTO alignment_image (transcription_id, zone_id, type, ptr_transcription_start, ptr_transcription_end) VALUES (1, 4, 'transcription', 738, 965);
INSERT INTO alignment_image (transcription_id, zone_id, type, ptr_transcription_start, ptr_transcription_end) VALUES (1, 5, 'transcription', 965, 1073);
INSERT INTO alignment_image (transcription_id, zone_id, type, ptr_transcription_start, ptr_transcription_end) VALUES (1, 6, 'transcription', 1073, 1273);
INSERT INTO alignment_image (transcription_id, zone_id, type, ptr_transcription_start, ptr_transcription_end) VALUES (1, 7, 'transcription', 1273, 1390);
INSERT INTO alignment_image (transcription_id, zone_id, type, ptr_transcription_start, ptr_transcription_end) VALUES (1, 8, 'transcription', 1390, 1571);
INSERT INTO alignment_image (transcription_id, zone_id, type, ptr_transcription_start, ptr_transcription_end) VALUES (1, 9, 'transcription', 1571, 1763);
INSERT INTO alignment_image (transcription_id, zone_id, type, ptr_transcription_start, ptr_transcription_end) VALUES (1, 10, 'transcription', 1763, 1925);
INSERT INTO alignment_image (transcription_id, zone_id, type, ptr_transcription_start, ptr_transcription_end) VALUES (1, 11, 'transcription', 1925, 2178);
INSERT INTO alignment_image (transcription_id, zone_id, type, ptr_transcription_start, ptr_transcription_end) VALUES (1, 12, 'transcription', 2178, 2431);
INSERT INTO alignment_image (transcription_id, zone_id, type, ptr_transcription_start, ptr_transcription_end) VALUES (1, 13, 'transcription', 2431, 2630);
INSERT INTO alignment_image (transcription_id, zone_id, type, ptr_transcription_start, ptr_transcription_end) VALUES (1, 14, 'transcription', 2630, 2792);
INSERT INTO alignment_image (transcription_id, zone_id, type, ptr_transcription_start, ptr_transcription_end) VALUES (1, 15, 'transcription', 2792, 3068);
INSERT INTO alignment_image (transcription_id, zone_id, type, ptr_transcription_start, ptr_transcription_end) VALUES (1, 16, 'transcription', 3068, 3324);
INSERT INTO alignment_image (transcription_id, zone_id, type, ptr_transcription_start, ptr_transcription_end) VALUES (1, 17, 'transcription', 3324, 3548);
INSERT INTO alignment_image (transcription_id, zone_id, type, ptr_transcription_start, ptr_transcription_end) VALUES (1, 18, 'transcription', 3548, 3633);
INSERT INTO alignment_translation (transcription_id, translation_id, ptr_transcription_start, ptr_transcription_end, ptr_translation_start, ptr_translation_end) VALUES (1, 1, 0, 115, 0, 47);
INSERT INTO alignment_translation (transcription_id, translation_id, ptr_transcription_start, ptr_transcription_end, ptr_translation_start, ptr_translation_end) VALUES (1, 1, 115, 333, 47, 180);
INSERT INTO alignment_translation (transcription_id, translation_id, ptr_transcription_start, ptr_transcription_end, ptr_translation_start, ptr_translation_end) VALUES (1, 1, 333, 334, 180, 181);
INSERT INTO alignment_translation (transcription_id, translation_id, ptr_transcription_start, ptr_transcription_end, ptr_translation_start, ptr_translation_end) VALUES (1, 1, 334, 478, 181, 227);
INSERT INTO alignment_translation (transcription_id, translation_id, ptr_transcription_start, ptr_transcription_end, ptr_translation_start, ptr_translation_end) VALUES (1, 1, 478, 690, 227, 358);
INSERT INTO alignment_translation (transcription_id, translation_id, ptr_transcription_start, ptr_transcription_end, ptr_translation_start, ptr_translation_end) VALUES (1, 1, 690, 802, 358, 412);
INSERT INTO alignment_translation (transcription_id, translation_id, ptr_transcription_start, ptr_transcription_end, ptr_translation_start, ptr_translation_end) VALUES (1, 1, 802, 901, 412, 464);
INSERT INTO alignment_translation (transcription_id, translation_id, ptr_transcription_start, ptr_transcription_end, ptr_translation_start, ptr_translation_end) VALUES (1, 1, 901, 1100, 464, 592);
INSERT INTO alignment_translation (transcription_id, translation_id, ptr_transcription_start, ptr_transcription_end, ptr_translation_start, ptr_translation_end) VALUES (1, 1, 1100, 1222, 592, 647);
INSERT INTO alignment_translation (transcription_id, translation_id, ptr_transcription_start, ptr_transcription_end, ptr_translation_start, ptr_translation_end) VALUES (1, 1, 1222, 1508, 647, 925);
INSERT INTO alignment_translation (transcription_id, translation_id, ptr_transcription_start, ptr_transcription_end, ptr_translation_start, ptr_translation_end) VALUES (1, 1, 1508, 2061, 925, 1481);
INSERT INTO alignment_translation (transcription_id, translation_id, ptr_transcription_start, ptr_transcription_end, ptr_translation_start, ptr_translation_end) VALUES (1, 1, 2061, 2186, 1481, 1533);
INSERT INTO alignment_translation (transcription_id, translation_id, ptr_transcription_start, ptr_transcription_end, ptr_translation_start, ptr_translation_end) VALUES (1, 1, 2186, 2329, 1533, 1649);
INSERT INTO alignment_translation (transcription_id, translation_id, ptr_transcription_start, ptr_transcription_end, ptr_translation_start, ptr_translation_end) VALUES (1, 1, 2329, 2330, 1649, 1650);
INSERT INTO alignment_translation (transcription_id, translation_id, ptr_transcription_start, ptr_transcription_end, ptr_translation_start, ptr_translation_end) VALUES (1, 1, 2330, 2720, 1650, 2039);
INSERT INTO alignment_translation (transcription_id, translation_id, ptr_transcription_start, ptr_transcription_end, ptr_translation_start, ptr_translation_end) VALUES (1, 1, 2720, 2851, 2039, 2090);
INSERT INTO alignment_translation (transcription_id, translation_id, ptr_transcription_start, ptr_transcription_end, ptr_translation_start, ptr_translation_end) VALUES (1, 1, 2851, 2934, 2090, 2143);
INSERT INTO alignment_translation (transcription_id, translation_id, ptr_transcription_start, ptr_transcription_end, ptr_translation_start, ptr_translation_end) VALUES (1, 1, 2934, 3045, 2143, 2198);
INSERT INTO alignment_translation (transcription_id, translation_id, ptr_transcription_start, ptr_transcription_end, ptr_translation_start, ptr_translation_end) VALUES (1, 1, 3045, 3321, 2198, 2417);
INSERT INTO alignment_translation (transcription_id, translation_id, ptr_transcription_start, ptr_transcription_end, ptr_translation_start, ptr_translation_end) VALUES (1, 1, 3321, 3403, 2417, 2471);
INSERT INTO alignment_translation (transcription_id, translation_id, ptr_transcription_start, ptr_transcription_end, ptr_translation_start, ptr_translation_end) VALUES (1, 1, 3403, 3485, 2471, 2524);
INSERT INTO alignment_translation (transcription_id, translation_id, ptr_transcription_start, ptr_transcription_end, ptr_translation_start, ptr_translation_end) VALUES (1, 1, 3485, 3654, 2524, 2583);
INSERT INTO alignment_translation (transcription_id, translation_id, ptr_transcription_start, ptr_transcription_end, ptr_translation_start, ptr_translation_end) VALUES (1, 1, 3654, 3817, 2583, 2638);
INSERT INTO alignment_translation (transcription_id, translation_id, ptr_transcription_start, ptr_transcription_end, ptr_translation_start, ptr_translation_end) VALUES (1, 1, 3817, 3944, 2638, 2698);
INSERT INTO alignment_translation (transcription_id, translation_id, ptr_transcription_start, ptr_transcription_end, ptr_translation_start, ptr_translation_end) VALUES (1, 1, 3944, 3955, 2698, 2737);
INSERT INTO alignment_translation (transcription_id, translation_id, ptr_transcription_start, ptr_transcription_end, ptr_translation_start, ptr_translation_end) VALUES (1, 1, 3955, 3956, 2737, 2738);
INSERT INTO alignment_translation (transcription_id, translation_id, ptr_transcription_start, ptr_transcription_end, ptr_translation_start, ptr_translation_end) VALUES (1, 1, 3956, 4088, 2738, 2796);
INSERT INTO alignment_translation (transcription_id, translation_id, ptr_transcription_start, ptr_transcription_end, ptr_translation_start, ptr_translation_end) VALUES (1, 1, 4088, 4163, 2796, 2841);
INSERT INTO alignment_translation (transcription_id, translation_id, ptr_transcription_start, ptr_transcription_end, ptr_translation_start, ptr_translation_end) VALUES (1, 1, 4163, 4164, 2841, 2842);
INSERT INTO alignment_translation (transcription_id, translation_id, ptr_transcription_start, ptr_transcription_end, ptr_translation_start, ptr_translation_end) VALUES (1, 1, 4164, 4292, 2842, 2896);
INSERT INTO alignment_translation (transcription_id, translation_id, ptr_transcription_start, ptr_transcription_end, ptr_translation_start, ptr_translation_end) VALUES (1, 1, 4292, 4431, 2896, 2950);
INSERT INTO alignment_translation (transcription_id, translation_id, ptr_transcription_start, ptr_transcription_end, ptr_translation_start, ptr_translation_end) VALUES (1, 1, 4431, 4563, 2950, 3004);
INSERT INTO alignment_translation (transcription_id, translation_id, ptr_transcription_start, ptr_transcription_end, ptr_translation_start, ptr_translation_end) VALUES (1, 1, 4563, 4707, 3004, 3063);
INSERT INTO alignment_translation (transcription_id, translation_id, ptr_transcription_start, ptr_transcription_end, ptr_translation_start, ptr_translation_end) VALUES (1, 1, 4707, 4808, 3063, 3104);
INSERT INTO alignment_translation (transcription_id, translation_id, ptr_transcription_start, ptr_transcription_end, ptr_translation_start, ptr_translation_end) VALUES (1, 1, 4808, 4809, 3104, 3105);
INSERT INTO alignment_translation (transcription_id, translation_id, ptr_transcription_start, ptr_transcription_end, ptr_translation_start, ptr_translation_end) VALUES (1, 1, 4809, 4922, 3105, 3154);
INSERT INTO alignment_translation (transcription_id, translation_id, ptr_transcription_start, ptr_transcription_end, ptr_translation_start, ptr_translation_end) VALUES (1, 1, 4922, 5030, 3154, 3210);
INSERT INTO alignment_translation (transcription_id, translation_id, ptr_transcription_start, ptr_transcription_end, ptr_translation_start, ptr_translation_end) VALUES (1, 1, 5030, 6467, 3210, 4325);
INSERT INTO commentary (doc_id, com_id, type_id, content, title) VALUES (1, 1, 1, '<p>L''acte est écrit sur un support de dimensions modestes (18 x 13 cm) ;', 'Caractères externes');

INSERT INTO country (country_ref, country_label) VALUES ('http://www.geonames.org/3017382/republic-of-france.html', 'France');
INSERT INTO country (country_ref, country_label) VALUES ('http://www.geonames.org/2510769/kingdom-of-spain.html', 'Espagne');
INSERT INTO country (country_ref, country_label) VALUES ('http://www.geonames.org/2635167/united-kingdom-of-great-britain-and-northern-ireland.html', 'Angleterre');
INSERT INTO country (country_ref, country_label) VALUES ('http://www.geonames.org/3077311/czechia.html', 'République tchèque');

INSERT INTO district (district_id, district_label, country_ref) VALUES (1, 'Picardie', 'http://www.geonames.org/3017382/republic-of-france.html');
INSERT INTO district (district_id, district_label, country_ref) VALUES (2, 'Ile-de-France', 'http://www.geonames.org/3017382/republic-of-france.html');
INSERT INTO district (district_id, district_label, country_ref) VALUES (3, 'Midi-Pyrénées', 'http://www.geonames.org/3017382/republic-of-france.html');
INSERT INTO district (district_id, district_label, country_ref) VALUES (4, 'Franche-Comté', 'http://www.geonames.org/3017382/republic-of-france.html');
INSERT INTO district (district_id, district_label, country_ref) VALUES (5, 'Languedoc-Roussillon', 'http://www.geonames.org/3017382/republic-of-france.html');
INSERT INTO district (district_id, district_label, country_ref) VALUES (6, 'Rhône-Alpes', 'http://www.geonames.org/3017382/republic-of-france.html');
INSERT INTO district (district_id, district_label, country_ref) VALUES (7, 'Nord-Pas-de-Calais', 'http://www.geonames.org/3017382/republic-of-france.html');
INSERT INTO district (district_id, district_label, country_ref) VALUES (8, 'Limousin', 'http://www.geonames.org/3017382/republic-of-france.html');
INSERT INTO district (district_id, district_label, country_ref) VALUES (9, 'Aquitaine', 'http://www.geonames.org/3017382/republic-of-france.html');
INSERT INTO district (district_id, district_label, country_ref) VALUES (10, 'Lorraine', 'http://www.geonames.org/3017382/republic-of-france.html');
INSERT INTO district (district_id, district_label, country_ref) VALUES (11, 'Poitou-Charentes', 'http://www.geonames.org/3017382/republic-of-france.html');
INSERT INTO district (district_id, district_label, country_ref) VALUES (12, 'Haute-Normandie', 'http://www.geonames.org/3017382/republic-of-france.html');
INSERT INTO district (district_id, district_label, country_ref) VALUES (13, 'PACA', 'http://www.geonames.org/3017382/republic-of-france.html');
INSERT INTO district (district_id, district_label, country_ref) VALUES (14, 'Pays de la Loire', 'http://www.geonames.org/3017382/republic-of-france.html');
INSERT INTO district (district_id, district_label, country_ref) VALUES (15, 'Basse-Normandie', 'http://www.geonames.org/3017382/republic-of-france.html');
INSERT INTO district (district_id, district_label, country_ref) VALUES (16, 'Islas Baleares', 'http://www.geonames.org/2510769/kingdom-of-spain.html');
INSERT INTO district (district_id, district_label, country_ref) VALUES (17, 'Bourgogne', 'http://www.geonames.org/3017382/republic-of-france.html');
INSERT INTO district (district_id, district_label, country_ref) VALUES (18, 'Centre', 'http://www.geonames.org/3017382/republic-of-france.html');
INSERT INTO district (district_id, district_label, country_ref) VALUES (19, 'Champagne-Ardenne', 'http://www.geonames.org/3017382/republic-of-france.html');
INSERT INTO district (district_id, district_label, country_ref) VALUES (20, 'Galicia', 'http://www.geonames.org/2510769/kingdom-of-spain.html');
INSERT INTO district (district_id, district_label, country_ref) VALUES (21, 'Grand Londres', 'http://www.geonames.org/2635167/united-kingdom-of-great-britain-and-northern-ireland.html');
INSERT INTO district (district_id, district_label, country_ref) VALUES (22, 'Normandie', 'http://www.geonames.org/3017382/republic-of-france.html');
INSERT INTO district (district_id, district_label, country_ref) VALUES (23, 'Auvergne', 'http://www.geonames.org/3017382/republic-of-france.html');
INSERT INTO district (district_id, district_label, country_ref) VALUES (24, 'Jihomoravský kraj [Moravie du sud]', 'http://www.geonames.org/2510769/kingdom-of-spain.html');
















INSERT INTO document (doc_id, title, subtitle, creation, creation_lab, copy_year, copy_cent, institution_ref, pressmark, argument, date_insert, date_update) VALUES (20, 'Acte sous le sceau de l’officialité épiscopale de Beauvais', 'Une opération de remembrement : la vente à l’abbaye Saint-Germer-de-Fly d’une terre tenue à champart', 1248, '1248', null, null, 'http://data.bnf.fr/ark:/12148/cb12381002j', null, null, null, null);
INSERT INTO document (doc_id, title, subtitle, creation, creation_lab, copy_year, copy_cent, institution_ref, pressmark, argument, date_insert, date_update) VALUES (22, 'Acte sous le sceau de l’officialité épiscopale de Meaux', 'Une patiente politique d’acquisition : vente de terre aux cisterciens de Chaalis', 1251, '1251', null, null, 'http://data.bnf.fr/ark:/12148/cb12381002j', null, null, null, null);
INSERT INTO document (doc_id, title, subtitle, creation, creation_lab, copy_year, copy_cent, institution_ref, pressmark, argument, date_insert, date_update) VALUES (23, 'Acte scellé par un chevalier (Multien)', 'Après le don : le chevalier Thomas d’Oissery s’engage, comme seigneur censuel, à garantir aux cisterciens de Chaalis des terres contestées', 1261, '1261', null, null, 'http://data.bnf.fr/ark:/12148/cb12381002j', null, null, null, null);
INSERT INTO document (doc_id, title, subtitle, creation, creation_lab, copy_year, copy_cent, institution_ref, pressmark, argument, date_insert, date_update) VALUES (24, 'Charte du roi de France Louis IX', 'L’accord du seigneur féodal : le roi, sur le chemin de la croisade, ratifie la vente à deux abbayes de Soissons d’un bois tenu de lui en arrière-fief', 1270, '1270', null, null, 'http://data.bnf.fr/ark:/12148/cb12381002j', null, null, null, null);
INSERT INTO document (doc_id, title, subtitle, creation, creation_lab, copy_year, copy_cent, institution_ref, pressmark, argument, date_insert, date_update) VALUES (25, 'Mandement du roi de France Philippe V', 'Une seigneurie difficile à tenir : le roi fait ouvrir une instruction sur les droits du comte de Périgord dans la seigneurie de Caussade qu’il vient d’acquérir du souverain', 1317, '1317', null, null, 'http://data.bnf.fr/ark:/12148/cb12381002j', null, null, null, null);
INSERT INTO document (doc_id, title, subtitle, creation, creation_lab, copy_year, copy_cent, institution_ref, pressmark, argument, date_insert, date_update) VALUES (26, 'Acte sous le sceau de la cour royale de Salins', 'La vente d’une vigne à Salins', 1296, '1296', null, null, 'cp', null, null, null, null);
INSERT INTO document (doc_id, title, subtitle, creation, creation_lab, copy_year, copy_cent, institution_ref, pressmark, argument, date_insert, date_update) VALUES (27, 'Chirographe co-scellé par les deux auteurs et par un cardinal-légat pontifical (Narbonnais)', 'Payer les fidélités au prix fort : Amaury de Montfort, comte de Toulouse, promet un château au vicomte de Narbonne', 1220, '1220', null, null, 'http://data.bnf.fr/ark:/12148/cb11862272t', null, null, null, null);
INSERT INTO document (doc_id, title, subtitle, creation, creation_lab, copy_year, copy_cent, institution_ref, pressmark, argument, date_insert, date_update) VALUES (31, 'Mandement du dauphin de Viennois', 'L’apprentissage du pouvoir : commission du dauphin Louis (futur roi de France Louis XI) pour la prise de possession de seigneuries échangées', 1447, '1447', null, null, 'http://data.bnf.fr/ark:/12148/cb11862272t', null, null, null, null);
INSERT INTO document (doc_id, title, subtitle, creation, creation_lab, copy_year, copy_cent, institution_ref, pressmark, argument, date_insert, date_update) VALUES (32, 'Acte de la comtesse de Boulogne', 'Entre époux et enfants : la comtesse Mahaut de Boulogne s’engage envers ses héritiers', 1242, '1242', null, null, null, null, null, null, null);
INSERT INTO document (doc_id, title, subtitle, creation, creation_lab, copy_year, copy_cent, institution_ref, pressmark, argument, date_insert, date_update) VALUES (33, 'Chirographe co-scellé par l’abbé de Moissac et le comte de Toulouse (Quercy)', 'L’hommage du comte : convention entre l’abbé de Moissac et Amaury de Montfort, comte de Toulouse', 1218, '1218', null, null, 'http://data.bnf.fr/ark:/12148/cb11862272t', null, null, null, null);
INSERT INTO document (doc_id, title, subtitle, creation, creation_lab, copy_year, copy_cent, institution_ref, pressmark, argument, date_insert, date_update) VALUES (34, 'Acte notarié (Gévaudan)', 'Six ans de retard : certificat relatif au paiement d’arrérages d’une rente assignée sur un péage en Gévaudan', 1325, '1325', null, null, 'http://data.bnf.fr/ark:/12148/cb12381002j', null, null, null, null);
INSERT INTO document (doc_id, title, subtitle, creation, creation_lab, copy_year, copy_cent, institution_ref, pressmark, argument, date_insert, date_update) VALUES (35, 'Acte sous le sceau de l’officialité épiscopale de Thérouanne', 'Quittance pour paiement de gages dus au titre de la guerre de Flandre', 1333, '1333', null, null, null, null, null, null, null);
INSERT INTO document (doc_id, title, subtitle, creation, creation_lab, copy_year, copy_cent, institution_ref, pressmark, argument, date_insert, date_update) VALUES (36, 'Notice sous un sceau consulaire (Limousin)', 'Au marché de Limoges : accord sur le cens à verser pour un étal de boucher', 1246, '1246', null, null, 'http://data.bnf.fr/ark:/12148/cb12118141m', 'H 8146', null, null, null);
INSERT INTO document (doc_id, title, subtitle, creation, creation_lab, copy_year, copy_cent, institution_ref, pressmark, argument, date_insert, date_update) VALUES (37, 'Acte scellé par un seigneur (Picardie)', 'Petits arrangements entre frères : Clarembaud, seigneur de Vendeuil, donne à son frère des rentes qu’il a rachetées à un bourgeois de Péronne', 1233, '1233', null, null, 'http://data.bnf.fr/ark:/12148/cb11862272t', null, null, null, null);
INSERT INTO document (doc_id, title, subtitle, creation, creation_lab, copy_year, copy_cent, institution_ref, pressmark, argument, date_insert, date_update) VALUES (38, 'Acte du trésorier royal de la sénéchaussée de Toulouse', 'Solder l’armée d’occupation : certificat des versements faits et à faire à un capitaine de l’armée royale en Gascogne', 1304, '1304', null, null, 'http://data.bnf.fr/ark:/12148/cb12381002j', null, null, null, null);
INSERT INTO document (doc_id, title, subtitle, creation, creation_lab, copy_year, copy_cent, institution_ref, pressmark, argument, date_insert, date_update) VALUES (39, 'Acte sous les sceaux de l’officialité archidiaconale de Verdun et d’un seigneur (Lorraine) ', 'Un montage féodal complexe : reprises et cessions d’un fief épiscopal en cascade', 1317, '1317', null, null, 'http://data.bnf.fr/ark:/12148/cb12381002j', null, null, null, null);
INSERT INTO document (doc_id, title, subtitle, creation, creation_lab, copy_year, copy_cent, institution_ref, pressmark, argument, date_insert, date_update) VALUES (40, 'Attache de la Chambre des comptes et des généraux des finances pour l’exécution d’un acte du roi de France', 'Le laborieux paiement de la dot d’une fille de roi : Michèle de France reçoit, en l’attente du versement, les revenus des châtellenies de Péronne, Roye et Montdidier', 1418, '1418', null, null, 'http://data.bnf.fr/ark:/12148/cb12381002j', null, null, null, null);
INSERT INTO document (doc_id, title, subtitle, creation, creation_lab, copy_year, copy_cent, institution_ref, pressmark, argument, date_insert, date_update) VALUES (41, 'Lettres pontificales sur fil de chanvre', 'Aux origines de la Sorbonne : le pape demande à l’évêque de Paris d’autoriser l’installation d’un oratoire dans le collège', 1268, '1268', null, null, 'http://data.bnf.fr/ark:/12148/cb11862272t', null, null, null, null);
INSERT INTO document (doc_id, title, subtitle, creation, creation_lab, copy_year, copy_cent, institution_ref, pressmark, argument, date_insert, date_update) VALUES (42, 'Acte sous les sceaux du chapitre cathédral de Toulouse et de son prévôt', 'Procuration pour un concile provincial convoqué à Béziers', 1277, '1277', null, null, 'http://data.bnf.fr/ark:/12148/cb12381002j', null, null, null, null);
INSERT INTO document (doc_id, title, subtitle, creation, creation_lab, copy_year, copy_cent, institution_ref, pressmark, argument, date_insert, date_update) VALUES (43, 'Acte du sénéchal royal de Saintonge-Angoumois', 'Des travaux qui traînent : mandement de faire procéder de toute urgence aux réparations du château de La Rochelle ordonnées par le roi', 1321, '1321', null, null, 'http://data.bnf.fr/ark:/12148/cb12381002j', null, null, null, null);
INSERT INTO document (doc_id, title, subtitle, creation, creation_lab, copy_year, copy_cent, institution_ref, pressmark, argument, date_insert, date_update) VALUES (44, 'Acte du sénéchal royal de Carcassonne-Béziers', 'Veiller aux frontières : mandat d’avance de gages à la garnison du château de Caramany', 1342, '1342', null, null, 'http://data.bnf.fr/ark:/12148/cb12381002j', null, null, null, null);
INSERT INTO document (doc_id, title, subtitle, creation, creation_lab, copy_year, copy_cent, institution_ref, pressmark, argument, date_insert, date_update) VALUES (45, 'Lettres pontificales sur fil de chanvre', 'Roi saint, sénéchal brigand ? Le pape mande au roi de France de faire restituer par son sénéchal de Beaucaire les biens de marchands génois qui se rendaient aux foires de Lagny en Champagne', 1245, '1245', null, null, 'http://data.bnf.fr/ark:/12148/cb11862272t', null, null, null, null);
INSERT INTO document (doc_id, title, subtitle, creation, creation_lab, copy_year, copy_cent, institution_ref, pressmark, argument, date_insert, date_update) VALUES (46, 'Acte scellé par un particulier (Normandie)', 'Masure, courtil, prox. route royale : un acte de vente normand', 1253, '1253', null, null, 'http://data.bnf.fr/ark:/12148/cb11862272t', null, null, null, null);
INSERT INTO document (doc_id, title, subtitle, creation, creation_lab, copy_year, copy_cent, institution_ref, pressmark, argument, date_insert, date_update) VALUES (47, 'Mandement du roi de Naples Robert, comte de Provence', 'Résistance à l’impôt : ordre de faire contribuer les récalcitrants au subside voté par la ville de Tarascon en échange de privilèges commerciaux', 1320, '1320', null, null, 'am_tarascon', null, null, null, null);
INSERT INTO document (doc_id, title, subtitle, creation, creation_lab, copy_year, copy_cent, institution_ref, pressmark, argument, date_insert, date_update) VALUES (48, 'Acte scellé par un notaire à titre personnel (Tarbes)', 'De notaire à notaire : procuration pour percevoir une somme due sur les caisses du roi en Bigorre', 1322, '1322', null, null, 'http://data.bnf.fr/ark:/12148/cb12381002j', null, null, null, null);
INSERT INTO document (doc_id, title, subtitle, creation, creation_lab, copy_year, copy_cent, institution_ref, pressmark, argument, date_insert, date_update) VALUES (49, 'Lettres pontificales sur lacs de soie', 'Aux Mathurins de Paris : la protection pontificale', 1344, '1344', null, null, 'http://data.bnf.fr/ark:/12148/cb11862272t', null, null, null, null);
INSERT INTO document (doc_id, title, subtitle, creation, creation_lab, copy_year, copy_cent, institution_ref, pressmark, argument, date_insert, date_update) VALUES (50, 'Lettres « de par le roi » du roi de France Jean le Bon', 'Père et fils : Jean le Bon impose au régent Charles, depuis Londres, le choix qu’il a fait d’un officier normand', 1357, '1357', null, null, 'http://data.bnf.fr/ark:/12148/cb12381002j', null, null, null, null);
INSERT INTO document (doc_id, title, subtitle, creation, creation_lab, copy_year, copy_cent, institution_ref, pressmark, argument, date_insert, date_update) VALUES (51, 'Acte de l’évêque du Mans', 'Les garanties de l’écrit : le précautionneux montage d’une donation pieuse aux cisterciens de Savigny', 1180, '1180', null, null, 'http://data.bnf.fr/ark:/12148/cb11862272t', 'L 969, n° 3', null, null, null);
INSERT INTO document (doc_id, title, subtitle, creation, creation_lab, copy_year, copy_cent, institution_ref, pressmark, argument, date_insert, date_update) VALUES (52, 'Charte du roi d’Angleterre Henri II, duc de Normandie', 'Une dotation royale : Henri II Plantagenet offre à Saint-Père de Chartres une rente annuelle de dix mille harengs en Normandie', 1172, '[1165-1172]', null, null, 'http://data.bnf.fr/ark:/12148/cb12381002j', null, null, null, null);
INSERT INTO document (doc_id, title, subtitle, creation, creation_lab, copy_year, copy_cent, institution_ref, pressmark, argument, date_insert, date_update) VALUES (53, 'Diplôme du roi de France Louis VII', 'Le ventre de Paris : le roi accorde l’immunité à une maison avec four aux Champeaux', 1138, '1137-1138', null, null, 'http://data.bnf.fr/ark:/12148/cb11862272t', 'K 23, n° 2', null, null, null);
INSERT INTO document (doc_id, title, subtitle, creation, creation_lab, copy_year, copy_cent, institution_ref, pressmark, argument, date_insert, date_update) VALUES (54, 'Notice monastique (Poitou)', 'Être le voisin de saint Maixent : dons et confirmations de dons à Saint-Maixent pour une entrée en religion', 1096, '1096', null, null, 'http://data.bnf.fr/ark:/12148/cb13197296q', null, null, null, null);
INSERT INTO document (doc_id, title, subtitle, creation, creation_lab, copy_year, copy_cent, institution_ref, pressmark, argument, date_insert, date_update) VALUES (55, 'Acte scellé par un seigneur (Dauphiné)', 'Une concession à la chartreuse de Berthaud', 1243, '1243', null, null, 'http://data.bnf.fr/ark:/12148/cb11864291k', null, null, null, null);
INSERT INTO document (doc_id, title, subtitle, creation, creation_lab, copy_year, copy_cent, institution_ref, pressmark, argument, date_insert, date_update) VALUES (58, 'Diplôme de l’empereur Frédéric II', 'Les ennemis de mes ennemis sont mes amis : Frédéric II investit Raimond VII de Toulouse du comté de Forcalquier dont il a prononcé la commise à l’encontre de Raimond Béranger V de Provence.', 1239, '1239', '[1240-1275 ca.]', 13, 'http://data.bnf.fr/ark:/12148/cb11862272t', 'J 340, n° 21', null, null, null);
INSERT INTO document (doc_id, title, subtitle, creation, creation_lab, copy_year, copy_cent, institution_ref, pressmark, argument, date_insert, date_update) VALUES (59, 'Lettre de l’archevêque de Tyr', 'Une trop lourde charge : Gilles archevêque de Tyr annonce que le pape a refusé de le décharger de la prédication de la croisade', 1265, '1265', null, null, null, null, null, null, null);
INSERT INTO document (doc_id, title, subtitle, creation, creation_lab, copy_year, copy_cent, institution_ref, pressmark, argument, date_insert, date_update) VALUES (60, 'Acte laïc sous sceaux ecclésiastiques (Besançon, Dole et Rougemont)', 'Le testament d’un seigneur comtois', 1269, '1269', null, null, 'http://data.bnf.fr/ark:/12148/cb12381002j', 'nouv. acq. fr. 8761', null, null, null);
INSERT INTO document (doc_id, title, subtitle, creation, creation_lab, copy_year, copy_cent, institution_ref, pressmark, argument, date_insert, date_update) VALUES (61, 'Lettre de l’archevêque de Narbonne à six abbés de son diocèse', 'Signez la pétition : lettre circulaire pour la rédaction de procurations appuyant des remontrances au roi de France', 1277, '1277', null, null, null, null, null, null, null);
INSERT INTO document (doc_id, title, subtitle, creation, creation_lab, copy_year, copy_cent, institution_ref, pressmark, argument, date_insert, date_update) VALUES (62, 'Acte sous le sceau de la cour royale de Salins', 'Constitution de rente sur une vigne proche de Salins', 1296, '1296', null, null, null, null, null, null, null);
INSERT INTO document (doc_id, title, subtitle, creation, creation_lab, copy_year, copy_cent, institution_ref, pressmark, argument, date_insert, date_update) VALUES (63, 'Acte notarié scellé d’un sceau épiscopal (Dauphiné)', 'Un hôte encombrant : l’évêque de Gap reconnaît avoir demandé gîte à la chartreuse de Durbon avant que son droit à l’exercer ait été reconnu', 1304, '1304', null, null, null, null, null, null, null);
INSERT INTO document (doc_id, title, subtitle, creation, creation_lab, copy_year, copy_cent, institution_ref, pressmark, argument, date_insert, date_update) VALUES (64, 'Acte scellé par un particulier (Rouergue)', 'Le notaire enquêteur : quittance de gages pour une enquête réalisée dans la sénéchaussée royale de Rouergue', 1340, '1340', null, null, null, null, null, null, null);
INSERT INTO document (doc_id, title, subtitle, creation, creation_lab, copy_year, copy_cent, institution_ref, pressmark, argument, date_insert, date_update) VALUES (65, 'Acte de Nunyo Sanche, seigneur de Roussillon', 'Compromis à la catalane : le roi d’Aragon Jacques Ier se voit reconnaître le droit de nommer un viguier à Majorque', 1240, '1240', null, null, null, null, null, null, null);
INSERT INTO document (doc_id, title, subtitle, creation, creation_lab, copy_year, copy_cent, institution_ref, pressmark, argument, date_insert, date_update) VALUES (66, 'Serment (Nîmes)', 'Tenir le château : serment de fidélité prêté pour le château de Bernis à la vicomtesse de Nîmes', 1159, '[1159]', null, null, 'http://data.bnf.fr/ark:/12148/cb11862272t', null, null, null, null);
INSERT INTO document (doc_id, title, subtitle, creation, creation_lab, copy_year, copy_cent, institution_ref, pressmark, argument, date_insert, date_update) VALUES (67, 'Acte de Guillaume comte de Ponthieu (copie sous le sceau de la châtellenie d’Exmes, 1487)', 'La chaîne de la tradition : don du XIIe, copie du XVe', 1171, '[1157-1171]', '1487', 15, 'http://data.bnf.fr/ark:/12148/cb12381002j', null, null, null, null);
INSERT INTO document (doc_id, title, subtitle, creation, creation_lab, copy_year, copy_cent, institution_ref, pressmark, argument, date_insert, date_update) VALUES (68, 'Acte dressé par un prêtre (Roussillon)', 'Un accensement de vignes', 1116, '1116', null, null, 'http://data.bnf.fr/ark:/12148/cb118653855', 'B 63', null, null, null);
INSERT INTO document (doc_id, title, subtitle, creation, creation_lab, copy_year, copy_cent, institution_ref, pressmark, argument, date_insert, date_update) VALUES (69, 'Précepte du roi de France Charles le Chauve (copie de cartulaire, XIIe siècle)', 'Alimenter les fidélités : don de terres par Charles le Chauve à un fidèle bourguignon', 842, '842', '[1101-1200 ca.] ', 12, 'http://data.bnf.fr/ark:/12148/cb12068304t', null, null, null, null);
INSERT INTO document (doc_id, title, subtitle, creation, creation_lab, copy_year, copy_cent, institution_ref, pressmark, argument, date_insert, date_update) VALUES (70, 'Notice monastique (Val de Loire)', 'Le douaire d’une reine : don d’une forêt à Marmoutier par Bertrade, veuve du roi de France Philippe Ier', 1115, '1115', null, null, 'http://data.bnf.fr/ark:/12148/cb118714563', null, null, null, null);
INSERT INTO document (doc_id, title, subtitle, creation, creation_lab, copy_year, copy_cent, institution_ref, pressmark, argument, date_insert, date_update) VALUES (71, 'Acte de l’évêque d’Amiens en forme de chirographe', 'Répartir les profits du culte : accord entre patron et curé', 1199, '1199', null, null, 'http://data.bnf.fr/ark:/12148/cb12381002j', null, null, null, null);
INSERT INTO document (doc_id, title, subtitle, creation, creation_lab, copy_year, copy_cent, institution_ref, pressmark, argument, date_insert, date_update) VALUES (72, 'Mandement de l’archevêque de Reims (vidimus contemporain sous le sceau de l’officialité archidiaconale de Reims)', 'L’appui du bras spirituel : l’archevêque enjoint d’aider à la levée d’une imposition par la commune de Reims', 1255, '1255', '1255', 13, null, null, null, null, null);
INSERT INTO document (doc_id, title, subtitle, creation, creation_lab, copy_year, copy_cent, institution_ref, pressmark, argument, date_insert, date_update) VALUES (73, 'Acte de l’administration royale (Paris)', 'Des payeurs récalcitrants : rapport d’un sergent du Châtelet aux Requêtes du Palais', 1375, '1375', null, null, 'http://data.bnf.fr/ark:/12148/cb11862272t', 'S 952 n° 2', null, null, null);
INSERT INTO document (doc_id, title, subtitle, creation, creation_lab, copy_year, copy_cent, institution_ref, pressmark, argument, date_insert, date_update) VALUES (74, 'Acte d’Urraka, fille du roi de León et de Castille Alphonse VI', 'Un don royal à l’abbaye de Cluny : l’infante Urraka, dame de Galice, offre le monastère de Pombeiro', 1109, '1109', '[1109-1200 ca.]', 12, 'http://data.bnf.fr/ark:/12148/cb12381002j', null, null, null, null);
INSERT INTO document (doc_id, title, subtitle, creation, creation_lab, copy_year, copy_cent, institution_ref, pressmark, argument, date_insert, date_update) VALUES (75, 'Chirographe d’échevinage (Valenciennes)', 'Entre gens de bien et devant hommes d’honneur : la dotation des jeunes époux', 1430, '1430', null, null, 'http://data.bnf.fr/ark:/12148/cb11885523k', null, null, null, null);
INSERT INTO document (doc_id, title, subtitle, creation, creation_lab, copy_year, copy_cent, institution_ref, pressmark, argument, date_insert, date_update) VALUES (76, 'Lettre du comte de Savoie Amédée IV', 'Payez la dot ! Une relance pressante aux exécuteurs testamentaires du comte de Toulouse Raimond VII', 1251, '1251', null, null, 'http://data.bnf.fr/ark:/12148/cb11862272t', 'J 310 n° 39', null, null, null);
INSERT INTO document (doc_id, title, subtitle, creation, creation_lab, copy_year, copy_cent, institution_ref, pressmark, argument, date_insert, date_update) VALUES (77, 'Lettres patentes sur double queue du roi de France Louis XI', 'Une Flandre souveraine : acte d’application du traité de Péronne', 1468, '1468', null, null, 'http://data.bnf.fr/ark:/12148/cb12381002j', null, null, null, null);
INSERT INTO document (doc_id, title, subtitle, creation, creation_lab, copy_year, copy_cent, institution_ref, pressmark, argument, date_insert, date_update) VALUES (78, 'Acte sous le sceau du doyen de chrétienté de Verberie (diocèse Soissons)', 'Charité bien ordonnée : don et échange de terre d’un bourgeois de Compiègne aux cisterciens de Chaalis', 1239, '1239', null, null, 'cp_bigne', null, null, null, null);
INSERT INTO document (doc_id, title, subtitle, creation, creation_lab, copy_year, copy_cent, institution_ref, pressmark, argument, date_insert, date_update) VALUES (79, 'Acte co-scellé par le bailli royal du Cotentin et par un chevalier', 'Une rente sur un moulin : petits arrangements et grandes garanties en faveur des cisterciennes de Mortain', 1276, '1276', null, null, null, null, null, null, null);
INSERT INTO document (doc_id, title, subtitle, creation, creation_lab, copy_year, copy_cent, institution_ref, pressmark, argument, date_insert, date_update) VALUES (80, 'Acte scellé par un seigneur (Picardie)', 'Préparer le défrichement : accord entre l’abbaye de Prémontré et le seigneur de Ham sur le défrichement d’un bois', 1177, '1177', null, null, 'http://data.bnf.fr/ark:/12148/cb12006185c', null, null, null, null);
INSERT INTO document (doc_id, title, subtitle, creation, creation_lab, copy_year, copy_cent, institution_ref, pressmark, argument, date_insert, date_update) VALUES (81, 'Diplôme du roi de France Robert le Pieux (vidimus au Châtelet de Paris, 1279)', 'Fidèles et sanctuaires : confirmation par le roi de dons faits à l’abbaye Saint-Maur-des-Fossés à Evry et à Lisses', 999, '999', '1279', 13, 'http://data.bnf.fr/ark:/12148/cb11862272t', 'S 1165 n° 13', null, null, null);
INSERT INTO document (doc_id, title, subtitle, creation, creation_lab, copy_year, copy_cent, institution_ref, pressmark, argument, date_insert, date_update) VALUES (82, 'Acte sous le sceau du doyen du chapitre cathédral de Paris', 'Transactions immobilières et gestion des prébendes : accensement d’une maison par le chancelier de la cathédrale', 1192, '1192', null, null, null, null, null, null, null);
INSERT INTO document (doc_id, title, subtitle, creation, creation_lab, copy_year, copy_cent, institution_ref, pressmark, argument, date_insert, date_update) VALUES (83, 'Charte du roi d’Angleterre Henri II', 'Ordre princier, ordre cistercien : la régularisation de l’ermitage de Beaugerais, remis à l’abbaye cistercienne du Loroux', 1189, '[1177-1189]', null, null, 'http://data.bnf.fr/ark:/12148/cb118714563', null, null, null, null);
INSERT INTO document (doc_id, title, subtitle, creation, creation_lab, copy_year, copy_cent, institution_ref, pressmark, argument, date_insert, date_update) VALUES (84, 'Acte scellé par un bourgeois (Guyenne)', 'Parole de Gascons : une dette contractée à Londres et remboursable à Bordeaux', 1293, '1293', null, null, 'http://data.bnf.fr/ark:/12148/cb11865380f', null, null, null, null);
INSERT INTO document (doc_id, title, subtitle, creation, creation_lab, copy_year, copy_cent, institution_ref, pressmark, argument, date_insert, date_update) VALUES (85, 'Acte de justice seigneuriale (Normandie)', 'Aux plaids de la seigneurie : aveu et dénombrement de tenure', 1500, '1500', null, null, null, null, null, null, null);
INSERT INTO document (doc_id, title, subtitle, creation, creation_lab, copy_year, copy_cent, institution_ref, pressmark, argument, date_insert, date_update) VALUES (86, 'Acte sous le sceau de l’officialité épiscopale de Paris', 'Le prix de la maîtrise : une cave et un étal pour entrer en Boucherie', 1276, '1276', null, null, 'cp_meyer', null, null, null, null);
INSERT INTO document (doc_id, title, subtitle, creation, creation_lab, copy_year, copy_cent, institution_ref, pressmark, argument, date_insert, date_update) VALUES (87, 'Charte du roi d’Angleterre Jean sans Terre', 'Le roi et les ermites : les Grandmontains du Parc de Rouen', 1199, '1199', null, null, 'http://data.bnf.fr/ark:/12148/cb118714563', null, null, null, null);
INSERT INTO document (doc_id, title, subtitle, creation, creation_lab, copy_year, copy_cent, institution_ref, pressmark, argument, date_insert, date_update) VALUES (88, 'Acte de l’archevêque de Sens', 'L’archevêque, les moines, la paroisse : concession d’autel à Saint-Germain-des-Prés', 1109, '1109', null, null, null, null, null, null, null);
INSERT INTO document (doc_id, title, subtitle, creation, creation_lab, copy_year, copy_cent, institution_ref, pressmark, argument, date_insert, date_update) VALUES (89, 'Acte du bailli royal de Bourges', 'Un trou dans la muraille : autorisation de percement accordée aux Templiers à Issoudun', 1298, '1298', null, null, null, null, null, null, null);
INSERT INTO document (doc_id, title, subtitle, creation, creation_lab, copy_year, copy_cent, institution_ref, pressmark, argument, date_insert, date_update) VALUES (90, 'Diplôme du roi de France Philippe Auguste', 'Partage de dépouilles normandes : un échange entre le roi et le comte Renaud de Boulogne', 1204, '1204', null, null, null, null, null, null, null);
INSERT INTO document (doc_id, title, subtitle, creation, creation_lab, copy_year, copy_cent, institution_ref, pressmark, argument, date_insert, date_update) VALUES (91, 'Acte scellé et signé par un chanoine, procureur d’abbaye (Perche)', 'Paris, rive droite : circulation d’une rente sur une maison en la Mortellerie, dans la censive de l’abbaye de Thiron', 1407, '1407', null, null, null, null, null, null, null);
INSERT INTO document (doc_id, title, subtitle, creation, creation_lab, copy_year, copy_cent, institution_ref, pressmark, argument, date_insert, date_update) VALUES (92, 'Attache de la Chambre des comptes et des trésoriers du roi de France', 'Ordres en cascade et médiations administratives : l’exécution d’une souffrance d’hommage pour un fief normand', 1413, '1413', null, null, null, null, null, null, null);
INSERT INTO document (doc_id, title, subtitle, creation, creation_lab, copy_year, copy_cent, institution_ref, pressmark, argument, date_insert, date_update) VALUES (93, 'Acte d’Eudes, sire de Bourbon, fils aîné du duc de Bourgogne ', 'Hériter des charges : Eudes de Bourbon reconnaît les dettes et legs des Châtillon', 1250, '1250', null, null, null, null, null, null, null);
INSERT INTO document (doc_id, title, subtitle, creation, creation_lab, copy_year, copy_cent, institution_ref, pressmark, argument, date_insert, date_update) VALUES (94, 'Acte scellé par un seigneur (Bourgogne)', 'Aux confins des principautés : reprise de fief et hommages liges en Bourgogne', 1265, '1265', null, null, null, null, null, null, null);
INSERT INTO document (doc_id, title, subtitle, creation, creation_lab, copy_year, copy_cent, institution_ref, pressmark, argument, date_insert, date_update) VALUES (95, 'Lettres pontificales (copie contemporaine au registre pontifical)', 'Le pape, le roi, les moniales : confirmations de dons d’églises de Brno à des cisterciennes de Moravie', 1261, '1261', '1261', 13, 'http://data.bnf.fr/ark:/12148/cb12381002j', null, null, null, null);









INSERT INTO documentFromCountry (doc_id, country_ref) VALUES (20, 'http://www.geonames.org/3017382/republic-of-france.html');
INSERT INTO documentFromCountry (doc_id, country_ref) VALUES (22, 'http://www.geonames.org/3017382/republic-of-france.html');
INSERT INTO documentFromCountry (doc_id, country_ref) VALUES (23, 'http://www.geonames.org/3017382/republic-of-france.html');
INSERT INTO documentFromCountry (doc_id, country_ref) VALUES (24, 'http://www.geonames.org/3017382/republic-of-france.html');
INSERT INTO documentFromCountry (doc_id, country_ref) VALUES (25, 'http://www.geonames.org/3017382/republic-of-france.html');
INSERT INTO documentFromCountry (doc_id, country_ref) VALUES (26, 'http://www.geonames.org/3017382/republic-of-france.html');
INSERT INTO documentFromCountry (doc_id, country_ref) VALUES (27, 'http://www.geonames.org/3017382/republic-of-france.html');
INSERT INTO documentFromCountry (doc_id, country_ref) VALUES (31, 'http://www.geonames.org/3017382/republic-of-france.html');
INSERT INTO documentFromCountry (doc_id, country_ref) VALUES (32, 'http://www.geonames.org/3017382/republic-of-france.html');
INSERT INTO documentFromCountry (doc_id, country_ref) VALUES (33, 'http://www.geonames.org/3017382/republic-of-france.html');
INSERT INTO documentFromCountry (doc_id, country_ref) VALUES (34, 'http://www.geonames.org/3017382/republic-of-france.html');
INSERT INTO documentFromCountry (doc_id, country_ref) VALUES (35, 'http://www.geonames.org/3017382/republic-of-france.html');
INSERT INTO documentFromCountry (doc_id, country_ref) VALUES (36, 'http://www.geonames.org/3017382/republic-of-france.html');
INSERT INTO documentFromCountry (doc_id, country_ref) VALUES (37, 'http://www.geonames.org/3017382/republic-of-france.html');
INSERT INTO documentFromCountry (doc_id, country_ref) VALUES (38, 'http://www.geonames.org/3017382/republic-of-france.html');
INSERT INTO documentFromCountry (doc_id, country_ref) VALUES (39, 'http://www.geonames.org/3017382/republic-of-france.html');
INSERT INTO documentFromCountry (doc_id, country_ref) VALUES (40, 'http://www.geonames.org/3017382/republic-of-france.html');
INSERT INTO documentFromCountry (doc_id, country_ref) VALUES (41, 'http://www.geonames.org/3017382/republic-of-france.html');
INSERT INTO documentFromCountry (doc_id, country_ref) VALUES (42, 'http://www.geonames.org/3017382/republic-of-france.html');
INSERT INTO documentFromCountry (doc_id, country_ref) VALUES (43, 'http://www.geonames.org/3017382/republic-of-france.html');
INSERT INTO documentFromCountry (doc_id, country_ref) VALUES (44, 'http://www.geonames.org/3017382/republic-of-france.html');
INSERT INTO documentFromCountry (doc_id, country_ref) VALUES (45, 'http://www.geonames.org/3017382/republic-of-france.html');
INSERT INTO documentFromCountry (doc_id, country_ref) VALUES (46, 'http://www.geonames.org/3017382/republic-of-france.html');
INSERT INTO documentFromCountry (doc_id, country_ref) VALUES (47, 'http://www.geonames.org/3017382/republic-of-france.html');
INSERT INTO documentFromCountry (doc_id, country_ref) VALUES (48, 'http://www.geonames.org/3017382/republic-of-france.html');
INSERT INTO documentFromCountry (doc_id, country_ref) VALUES (49, 'http://www.geonames.org/3017382/republic-of-france.html');
INSERT INTO documentFromCountry (doc_id, country_ref) VALUES (50, 'http://www.geonames.org/3017382/republic-of-france.html');
INSERT INTO documentFromCountry (doc_id, country_ref) VALUES (51, 'http://www.geonames.org/3017382/republic-of-france.html');
INSERT INTO documentFromCountry (doc_id, country_ref) VALUES (52, 'http://www.geonames.org/3017382/republic-of-france.html');
INSERT INTO documentFromCountry (doc_id, country_ref) VALUES (53, 'http://www.geonames.org/3017382/republic-of-france.html');
INSERT INTO documentFromCountry (doc_id, country_ref) VALUES (54, 'http://www.geonames.org/3017382/republic-of-france.html');
INSERT INTO documentFromCountry (doc_id, country_ref) VALUES (55, 'http://www.geonames.org/3017382/republic-of-france.html');
INSERT INTO documentFromCountry (doc_id, country_ref) VALUES (59, 'http://www.geonames.org/3017382/republic-of-france.html');
INSERT INTO documentFromCountry (doc_id, country_ref) VALUES (60, 'http://www.geonames.org/3017382/republic-of-france.html');
INSERT INTO documentFromCountry (doc_id, country_ref) VALUES (61, 'http://www.geonames.org/3017382/republic-of-france.html');
INSERT INTO documentFromCountry (doc_id, country_ref) VALUES (62, 'http://www.geonames.org/3017382/republic-of-france.html');
INSERT INTO documentFromCountry (doc_id, country_ref) VALUES (63, 'http://www.geonames.org/3017382/republic-of-france.html');
INSERT INTO documentFromCountry (doc_id, country_ref) VALUES (64, 'http://www.geonames.org/3017382/republic-of-france.html');
INSERT INTO documentFromCountry (doc_id, country_ref) VALUES (65, 'http://www.geonames.org/3017382/republic-of-france.html');
INSERT INTO documentFromCountry (doc_id, country_ref) VALUES (65, 'http://www.geonames.org/2510769/kingdom-of-spain.html');
INSERT INTO documentFromCountry (doc_id, country_ref) VALUES (66, 'http://www.geonames.org/3017382/republic-of-france.html');
INSERT INTO documentFromCountry (doc_id, country_ref) VALUES (67, 'http://www.geonames.org/3017382/republic-of-france.html');
INSERT INTO documentFromCountry (doc_id, country_ref) VALUES (68, 'http://www.geonames.org/3017382/republic-of-france.html');
INSERT INTO documentFromCountry (doc_id, country_ref) VALUES (69, 'http://www.geonames.org/3017382/republic-of-france.html');
INSERT INTO documentFromCountry (doc_id, country_ref) VALUES (70, 'http://www.geonames.org/3017382/republic-of-france.html');
INSERT INTO documentFromCountry (doc_id, country_ref) VALUES (71, 'http://www.geonames.org/3017382/republic-of-france.html');
INSERT INTO documentFromCountry (doc_id, country_ref) VALUES (72, 'http://www.geonames.org/3017382/republic-of-france.html');
INSERT INTO documentFromCountry (doc_id, country_ref) VALUES (73, 'http://www.geonames.org/3017382/republic-of-france.html');
INSERT INTO documentFromCountry (doc_id, country_ref) VALUES (74, 'http://www.geonames.org/3017382/republic-of-france.html');
INSERT INTO documentFromCountry (doc_id, country_ref) VALUES (74, 'http://www.geonames.org/2510769/kingdom-of-spain.html');
INSERT INTO documentFromCountry (doc_id, country_ref) VALUES (75, 'http://www.geonames.org/3017382/republic-of-france.html');
INSERT INTO documentFromCountry (doc_id, country_ref) VALUES (76, 'http://www.geonames.org/3017382/republic-of-france.html');
INSERT INTO documentFromCountry (doc_id, country_ref) VALUES (77, 'http://www.geonames.org/3017382/republic-of-france.html');
INSERT INTO documentFromCountry (doc_id, country_ref) VALUES (78, 'http://www.geonames.org/3017382/republic-of-france.html');
INSERT INTO documentFromCountry (doc_id, country_ref) VALUES (79, 'http://www.geonames.org/3017382/republic-of-france.html');
INSERT INTO documentFromCountry (doc_id, country_ref) VALUES (80, 'http://www.geonames.org/3017382/republic-of-france.html');
INSERT INTO documentFromCountry (doc_id, country_ref) VALUES (81, 'http://www.geonames.org/3017382/republic-of-france.html');
INSERT INTO documentFromCountry (doc_id, country_ref) VALUES (82, 'http://www.geonames.org/3017382/republic-of-france.html');
INSERT INTO documentFromCountry (doc_id, country_ref) VALUES (83, 'http://www.geonames.org/3017382/republic-of-france.html');
INSERT INTO documentFromCountry (doc_id, country_ref) VALUES (84, 'http://www.geonames.org/3017382/republic-of-france.html');
INSERT INTO documentFromCountry (doc_id, country_ref) VALUES (84, 'http://www.geonames.org/2635167/united-kingdom-of-great-britain-and-northern-ireland.html');
INSERT INTO documentFromCountry (doc_id, country_ref) VALUES (85, 'http://www.geonames.org/3017382/republic-of-france.html');
INSERT INTO documentFromCountry (doc_id, country_ref) VALUES (86, 'http://www.geonames.org/3017382/republic-of-france.html');
INSERT INTO documentFromCountry (doc_id, country_ref) VALUES (87, 'http://www.geonames.org/3017382/republic-of-france.html');
INSERT INTO documentFromCountry (doc_id, country_ref) VALUES (88, 'http://www.geonames.org/3017382/republic-of-france.html');
INSERT INTO documentFromCountry (doc_id, country_ref) VALUES (89, 'http://www.geonames.org/3017382/republic-of-france.html');
INSERT INTO documentFromCountry (doc_id, country_ref) VALUES (90, 'http://www.geonames.org/3017382/republic-of-france.html');
INSERT INTO documentFromCountry (doc_id, country_ref) VALUES (91, 'http://www.geonames.org/3017382/republic-of-france.html');
INSERT INTO documentFromCountry (doc_id, country_ref) VALUES (92, 'http://www.geonames.org/3017382/republic-of-france.html');
INSERT INTO documentFromCountry (doc_id, country_ref) VALUES (93, 'http://www.geonames.org/3017382/republic-of-france.html');
INSERT INTO documentFromCountry (doc_id, country_ref) VALUES (94, 'http://www.geonames.org/3017382/republic-of-france.html');
INSERT INTO documentFromCountry (doc_id, country_ref) VALUES (95, 'http://www.geonames.org/3077311/czechia.html');
INSERT INTO documentFromCountry (doc_id, country_ref) VALUES (58, 'http://www.geonames.org/3017382/republic-of-france.html');








INSERT INTO documentFromDistrict (doc_id, district_id) VALUES (20, 'Picardie');
INSERT INTO documentFromDistrict (doc_id, district_id) VALUES (22, 'Ile-de-France');
INSERT INTO documentFromDistrict (doc_id, district_id) VALUES (23, 'Ile-de-France');
INSERT INTO documentFromDistrict (doc_id, district_id) VALUES (24, 'Picardie');
INSERT INTO documentFromDistrict (doc_id, district_id) VALUES (25, 'Midi-Pyrénées');
INSERT INTO documentFromDistrict (doc_id, district_id) VALUES (26, 'Franche-Comté');
INSERT INTO documentFromDistrict (doc_id, district_id) VALUES (27, 'Languedoc-Roussillon');
INSERT INTO documentFromDistrict (doc_id, district_id) VALUES (31, 'Rhône-Alpes');
INSERT INTO documentFromDistrict (doc_id, district_id) VALUES (32, 'Nord-Pas-de-Calais');
INSERT INTO documentFromDistrict (doc_id, district_id) VALUES (33, 'Midi-Pyrénées');
INSERT INTO documentFromDistrict (doc_id, district_id) VALUES (34, 'Languedoc-Roussillon');
INSERT INTO documentFromDistrict (doc_id, district_id) VALUES (35, 'Nord-Pas-de-Calais');
INSERT INTO documentFromDistrict (doc_id, district_id) VALUES (36, 'Limousin');
INSERT INTO documentFromDistrict (doc_id, district_id) VALUES (37, 'Picardie');
INSERT INTO documentFromDistrict (doc_id, district_id) VALUES (38, 'Languedoc-Roussillon');
INSERT INTO documentFromDistrict (doc_id, district_id) VALUES (38, 'Aquitaine');
INSERT INTO documentFromDistrict (doc_id, district_id) VALUES (39, 'Lorraine');
INSERT INTO documentFromDistrict (doc_id, district_id) VALUES (40, 'Picardie');
INSERT INTO documentFromDistrict (doc_id, district_id) VALUES (41, 'Ile-de-France');
INSERT INTO documentFromDistrict (doc_id, district_id) VALUES (42, 'Midi-Pyrénées');
INSERT INTO documentFromDistrict (doc_id, district_id) VALUES (43, 'Poitou-Charentes');
INSERT INTO documentFromDistrict (doc_id, district_id) VALUES (44, 'Languedoc-Roussillon');
INSERT INTO documentFromDistrict (doc_id, district_id) VALUES (45, 'Languedoc-Roussillon');
INSERT INTO documentFromDistrict (doc_id, district_id) VALUES (46, 'Haute-Normandie');
INSERT INTO documentFromDistrict (doc_id, district_id) VALUES (47, 'PACA');
INSERT INTO documentFromDistrict (doc_id, district_id) VALUES (48, 'Midi-Pyrénées');
INSERT INTO documentFromDistrict (doc_id, district_id) VALUES (49, 'Ile-de-France');
INSERT INTO documentFromDistrict (doc_id, district_id) VALUES (50, 'Haute-Normandie');
INSERT INTO documentFromDistrict (doc_id, district_id) VALUES (51, 'Pays de la Loire');
INSERT INTO documentFromDistrict (doc_id, district_id) VALUES (52, 'Basse-Normandie');
INSERT INTO documentFromDistrict (doc_id, district_id) VALUES (53, 'Ile-de-France');
INSERT INTO documentFromDistrict (doc_id, district_id) VALUES (54, 'Poitou-Charentes');
INSERT INTO documentFromDistrict (doc_id, district_id) VALUES (55, 'PACA');
INSERT INTO documentFromDistrict (doc_id, district_id) VALUES (58, 'PACA');
INSERT INTO documentFromDistrict (doc_id, district_id) VALUES (60, 'Franche-Comté');
INSERT INTO documentFromDistrict (doc_id, district_id) VALUES (61, 'Languedoc-Roussillon');
INSERT INTO documentFromDistrict (doc_id, district_id) VALUES (62, 'Franche-Comté');
INSERT INTO documentFromDistrict (doc_id, district_id) VALUES (63, 'PACA');
INSERT INTO documentFromDistrict (doc_id, district_id) VALUES (64, 'Midi-Pyrénées');
INSERT INTO documentFromDistrict (doc_id, district_id) VALUES (65, 'Languedoc-Roussillon');
INSERT INTO documentFromDistrict (doc_id, district_id) VALUES (65, 'Islas Baleares');
INSERT INTO documentFromDistrict (doc_id, district_id) VALUES (66, 'Languedoc-Roussillon');
INSERT INTO documentFromDistrict (doc_id, district_id) VALUES (67, 'Basse-Normandie');
INSERT INTO documentFromDistrict (doc_id, district_id) VALUES (68, 'Languedoc-Roussillon');
INSERT INTO documentFromDistrict (doc_id, district_id) VALUES (69, 'Bourgogne');
INSERT INTO documentFromDistrict (doc_id, district_id) VALUES (70, 'Centre');
INSERT INTO documentFromDistrict (doc_id, district_id) VALUES (71, 'Picardie');
INSERT INTO documentFromDistrict (doc_id, district_id) VALUES (72, 'Champagne-Ardenne');
INSERT INTO documentFromDistrict (doc_id, district_id) VALUES (73, 'Ile-de-France');
INSERT INTO documentFromDistrict (doc_id, district_id) VALUES (74, 'Bourgogne');
INSERT INTO documentFromDistrict (doc_id, district_id) VALUES (74, 'Galicia');
INSERT INTO documentFromDistrict (doc_id, district_id) VALUES (75, 'Nord-Pas-de-Calais');
INSERT INTO documentFromDistrict (doc_id, district_id) VALUES (76, 'Rhône-Alpes');
INSERT INTO documentFromDistrict (doc_id, district_id) VALUES (76, 'Midi-Pyrénées');
INSERT INTO documentFromDistrict (doc_id, district_id) VALUES (77, 'Nord-Pas-de-Calais');
INSERT INTO documentFromDistrict (doc_id, district_id) VALUES (78, 'Picardie');
INSERT INTO documentFromDistrict (doc_id, district_id) VALUES (79, 'Basse-Normandie');
INSERT INTO documentFromDistrict (doc_id, district_id) VALUES (80, 'Picardie');
INSERT INTO documentFromDistrict (doc_id, district_id) VALUES (81, 'Ile-de-France');
INSERT INTO documentFromDistrict (doc_id, district_id) VALUES (82, 'Ile-de-France');
INSERT INTO documentFromDistrict (doc_id, district_id) VALUES (83, 'Centre');
INSERT INTO documentFromDistrict (doc_id, district_id) VALUES (84, 'Aquitaine');
INSERT INTO documentFromDistrict (doc_id, district_id) VALUES (84, 'Grand Londres');
INSERT INTO documentFromDistrict (doc_id, district_id) VALUES (85, 'Haute-Normandie');
INSERT INTO documentFromDistrict (doc_id, district_id) VALUES (86, 'Ile-de-France');
INSERT INTO documentFromDistrict (doc_id, district_id) VALUES (87, 'Haute-Normandie');
INSERT INTO documentFromDistrict (doc_id, district_id) VALUES (88, 'Ile-de-France');
INSERT INTO documentFromDistrict (doc_id, district_id) VALUES (89, 'Centre');
INSERT INTO documentFromDistrict (doc_id, district_id) VALUES (90, 'Normandie');
INSERT INTO documentFromDistrict (doc_id, district_id) VALUES (91, 'Ile-de-France');
INSERT INTO documentFromDistrict (doc_id, district_id) VALUES (91, 'Centre');
INSERT INTO documentFromDistrict (doc_id, district_id) VALUES (92, 'Normandie');
INSERT INTO documentFromDistrict (doc_id, district_id) VALUES (93, 'Auvergne');
INSERT INTO documentFromDistrict (doc_id, district_id) VALUES (94, 'Bourgogne');
INSERT INTO documentFromDistrict (doc_id, district_id) VALUES (95, 'Jihomoravský kraj [Moravie du sud]');


INSERT INTO documentHasEditor (doc_id, editor_name) VALUES (20, 'Olivier Guyotjeannin');



INSERT INTO documentHasLanguage (doc_id, lang_code) VALUES (20, 'lat');
INSERT INTO documentHasLanguage (doc_id, lang_code) VALUES (22, 'lat');
INSERT INTO documentHasLanguage (doc_id, lang_code) VALUES (23, 'lat');
INSERT INTO documentHasLanguage (doc_id, lang_code) VALUES (24, 'lat');
INSERT INTO documentHasLanguage (doc_id, lang_code) VALUES (25, 'lat');
INSERT INTO documentHasLanguage (doc_id, lang_code) VALUES (26, 'fre');
INSERT INTO documentHasLanguage (doc_id, lang_code) VALUES (27, 'lat');
INSERT INTO documentHasLanguage (doc_id, lang_code) VALUES (31, 'fre');
INSERT INTO documentHasLanguage (doc_id, lang_code) VALUES (32, 'lat');
INSERT INTO documentHasLanguage (doc_id, lang_code) VALUES (33, 'lat');
INSERT INTO documentHasLanguage (doc_id, lang_code) VALUES (34, 'lat');
INSERT INTO documentHasLanguage (doc_id, lang_code) VALUES (35, 'lat');
INSERT INTO documentHasLanguage (doc_id, lang_code) VALUES (36, 'oci');
INSERT INTO documentHasLanguage (doc_id, lang_code) VALUES (37, 'lat');
INSERT INTO documentHasLanguage (doc_id, lang_code) VALUES (38, 'lat');
INSERT INTO documentHasLanguage (doc_id, lang_code) VALUES (39, 'fre');
INSERT INTO documentHasLanguage (doc_id, lang_code) VALUES (40, 'fre');
INSERT INTO documentHasLanguage (doc_id, lang_code) VALUES (41, 'lat');
INSERT INTO documentHasLanguage (doc_id, lang_code) VALUES (42, 'lat');
INSERT INTO documentHasLanguage (doc_id, lang_code) VALUES (43, 'lat');
INSERT INTO documentHasLanguage (doc_id, lang_code) VALUES (44, 'lat');
INSERT INTO documentHasLanguage (doc_id, lang_code) VALUES (45, 'lat');
INSERT INTO documentHasLanguage (doc_id, lang_code) VALUES (46, 'lat');
INSERT INTO documentHasLanguage (doc_id, lang_code) VALUES (47, 'lat');
INSERT INTO documentHasLanguage (doc_id, lang_code) VALUES (48, 'lat');
INSERT INTO documentHasLanguage (doc_id, lang_code) VALUES (49, 'lat');
INSERT INTO documentHasLanguage (doc_id, lang_code) VALUES (50, 'fre');
INSERT INTO documentHasLanguage (doc_id, lang_code) VALUES (51, 'lat');
INSERT INTO documentHasLanguage (doc_id, lang_code) VALUES (52, 'lat');
INSERT INTO documentHasLanguage (doc_id, lang_code) VALUES (53, 'lat');
INSERT INTO documentHasLanguage (doc_id, lang_code) VALUES (54, 'lat');
INSERT INTO documentHasLanguage (doc_id, lang_code) VALUES (55, 'lat');
INSERT INTO documentHasLanguage (doc_id, lang_code) VALUES (58, 'lat');
INSERT INTO documentHasLanguage (doc_id, lang_code) VALUES (59, 'lat');
INSERT INTO documentHasLanguage (doc_id, lang_code) VALUES (60, 'lat');
INSERT INTO documentHasLanguage (doc_id, lang_code) VALUES (61, 'lat');
INSERT INTO documentHasLanguage (doc_id, lang_code) VALUES (62, 'fre');
INSERT INTO documentHasLanguage (doc_id, lang_code) VALUES (63, 'lat');
INSERT INTO documentHasLanguage (doc_id, lang_code) VALUES (64, 'lat');
INSERT INTO documentHasLanguage (doc_id, lang_code) VALUES (65, 'lat');
INSERT INTO documentHasLanguage (doc_id, lang_code) VALUES (66, 'lat');
INSERT INTO documentHasLanguage (doc_id, lang_code) VALUES (67, 'lat');
INSERT INTO documentHasLanguage (doc_id, lang_code) VALUES (68, 'lat');
INSERT INTO documentHasLanguage (doc_id, lang_code) VALUES (69, 'lat');
INSERT INTO documentHasLanguage (doc_id, lang_code) VALUES (70, 'lat');
INSERT INTO documentHasLanguage (doc_id, lang_code) VALUES (71, 'lat');
INSERT INTO documentHasLanguage (doc_id, lang_code) VALUES (72, 'lat');
INSERT INTO documentHasLanguage (doc_id, lang_code) VALUES (73, 'fre');
INSERT INTO documentHasLanguage (doc_id, lang_code) VALUES (74, 'lat');
INSERT INTO documentHasLanguage (doc_id, lang_code) VALUES (75, 'fre');
INSERT INTO documentHasLanguage (doc_id, lang_code) VALUES (76, 'lat');
INSERT INTO documentHasLanguage (doc_id, lang_code) VALUES (77, 'fre');
INSERT INTO documentHasLanguage (doc_id, lang_code) VALUES (78, 'lat');
INSERT INTO documentHasLanguage (doc_id, lang_code) VALUES (79, 'fre');
INSERT INTO documentHasLanguage (doc_id, lang_code) VALUES (80, 'lat');
INSERT INTO documentHasLanguage (doc_id, lang_code) VALUES (81, 'lat');
INSERT INTO documentHasLanguage (doc_id, lang_code) VALUES (82, 'lat');
INSERT INTO documentHasLanguage (doc_id, lang_code) VALUES (83, 'lat');
INSERT INTO documentHasLanguage (doc_id, lang_code) VALUES (84, 'fre');
INSERT INTO documentHasLanguage (doc_id, lang_code) VALUES (85, 'fre');
INSERT INTO documentHasLanguage (doc_id, lang_code) VALUES (86, 'lat');
INSERT INTO documentHasLanguage (doc_id, lang_code) VALUES (88, 'lat');
INSERT INTO documentHasLanguage (doc_id, lang_code) VALUES (89, 'fre');
INSERT INTO documentHasLanguage (doc_id, lang_code) VALUES (90, 'lat');
INSERT INTO documentHasLanguage (doc_id, lang_code) VALUES (91, 'fre');
INSERT INTO documentHasLanguage (doc_id, lang_code) VALUES (92, 'fre');
INSERT INTO documentHasLanguage (doc_id, lang_code) VALUES (93, 'fre');
INSERT INTO documentHasLanguage (doc_id, lang_code) VALUES (94, 'fre');
INSERT INTO documentHasLanguage (doc_id, lang_code) VALUES (66, 'oci');
INSERT INTO documentHasLanguage (doc_id, lang_code) VALUES (67, 'fre');
INSERT INTO documentHasLanguage (doc_id, lang_code) VALUES (81, 'fre');




INSERT INTO documentHasTradition (doc_id, tradition_id) VALUES (20, 'orig');
INSERT INTO documentHasTradition (doc_id, tradition_id) VALUES (22, 'orig');
INSERT INTO documentHasTradition (doc_id, tradition_id) VALUES (23, 'orig');
INSERT INTO documentHasTradition (doc_id, tradition_id) VALUES (24, 'orig');
INSERT INTO documentHasTradition (doc_id, tradition_id) VALUES (25, 'orig');
INSERT INTO documentHasTradition (doc_id, tradition_id) VALUES (26, 'orig');
INSERT INTO documentHasTradition (doc_id, tradition_id) VALUES (27, 'orig_multiple');
INSERT INTO documentHasTradition (doc_id, tradition_id) VALUES (31, 'orig');
INSERT INTO documentHasTradition (doc_id, tradition_id) VALUES (32, 'orig');
INSERT INTO documentHasTradition (doc_id, tradition_id) VALUES (33, 'orig_multiple');
INSERT INTO documentHasTradition (doc_id, tradition_id) VALUES (34, 'orig');
INSERT INTO documentHasTradition (doc_id, tradition_id) VALUES (35, 'orig');
INSERT INTO documentHasTradition (doc_id, tradition_id) VALUES (36, 'orig');
INSERT INTO documentHasTradition (doc_id, tradition_id) VALUES (37, 'orig');
INSERT INTO documentHasTradition (doc_id, tradition_id) VALUES (38, 'orig');
INSERT INTO documentHasTradition (doc_id, tradition_id) VALUES (39, 'orig');
INSERT INTO documentHasTradition (doc_id, tradition_id) VALUES (40, 'orig');
INSERT INTO documentHasTradition (doc_id, tradition_id) VALUES (41, 'orig');
INSERT INTO documentHasTradition (doc_id, tradition_id) VALUES (42, 'orig');
INSERT INTO documentHasTradition (doc_id, tradition_id) VALUES (43, 'orig');
INSERT INTO documentHasTradition (doc_id, tradition_id) VALUES (44, 'orig');
INSERT INTO documentHasTradition (doc_id, tradition_id) VALUES (45, 'orig');
INSERT INTO documentHasTradition (doc_id, tradition_id) VALUES (46, 'orig');
INSERT INTO documentHasTradition (doc_id, tradition_id) VALUES (47, 'orig');
INSERT INTO documentHasTradition (doc_id, tradition_id) VALUES (48, 'orig');
INSERT INTO documentHasTradition (doc_id, tradition_id) VALUES (49, 'orig');
INSERT INTO documentHasTradition (doc_id, tradition_id) VALUES (50, 'orig');
INSERT INTO documentHasTradition (doc_id, tradition_id) VALUES (51, 'orig');
INSERT INTO documentHasTradition (doc_id, tradition_id) VALUES (52, 'orig');
INSERT INTO documentHasTradition (doc_id, tradition_id) VALUES (53, 'orig');
INSERT INTO documentHasTradition (doc_id, tradition_id) VALUES (54, 'orig');
INSERT INTO documentHasTradition (doc_id, tradition_id) VALUES (55, 'orig');
INSERT INTO documentHasTradition (doc_id, tradition_id) VALUES (59, 'orig');
INSERT INTO documentHasTradition (doc_id, tradition_id) VALUES (60, 'orig');
INSERT INTO documentHasTradition (doc_id, tradition_id) VALUES (61, 'orig');
INSERT INTO documentHasTradition (doc_id, tradition_id) VALUES (62, 'orig');
INSERT INTO documentHasTradition (doc_id, tradition_id) VALUES (63, 'orig');
INSERT INTO documentHasTradition (doc_id, tradition_id) VALUES (64, 'orig');
INSERT INTO documentHasTradition (doc_id, tradition_id) VALUES (65, 'orig');
INSERT INTO documentHasTradition (doc_id, tradition_id) VALUES (66, 'orig');
INSERT INTO documentHasTradition (doc_id, tradition_id) VALUES (67, 'cp_authentique');
INSERT INTO documentHasTradition (doc_id, tradition_id) VALUES (68, 'orig');
INSERT INTO documentHasTradition (doc_id, tradition_id) VALUES (69, 'cartulaire');
INSERT INTO documentHasTradition (doc_id, tradition_id) VALUES (70, 'orig');
INSERT INTO documentHasTradition (doc_id, tradition_id) VALUES (71, 'orig_multiple');
INSERT INTO documentHasTradition (doc_id, tradition_id) VALUES (72, 'cp_authentique');
INSERT INTO documentHasTradition (doc_id, tradition_id) VALUES (73, 'orig');
INSERT INTO documentHasTradition (doc_id, tradition_id) VALUES (74, 'orige');
INSERT INTO documentHasTradition (doc_id, tradition_id) VALUES (75, 'orig_multiple');
INSERT INTO documentHasTradition (doc_id, tradition_id) VALUES (76, 'orig');
INSERT INTO documentHasTradition (doc_id, tradition_id) VALUES (77, 'orig');
INSERT INTO documentHasTradition (doc_id, tradition_id) VALUES (78, 'orig');
INSERT INTO documentHasTradition (doc_id, tradition_id) VALUES (79, 'orig');
INSERT INTO documentHasTradition (doc_id, tradition_id) VALUES (80, 'orig');
INSERT INTO documentHasTradition (doc_id, tradition_id) VALUES (81, 'cp_authentique');
INSERT INTO documentHasTradition (doc_id, tradition_id) VALUES (82, 'orig');
INSERT INTO documentHasTradition (doc_id, tradition_id) VALUES (83, 'orig');
INSERT INTO documentHasTradition (doc_id, tradition_id) VALUES (84, 'orig');
INSERT INTO documentHasTradition (doc_id, tradition_id) VALUES (85, 'orig');
INSERT INTO documentHasTradition (doc_id, tradition_id) VALUES (86, 'orig');
INSERT INTO documentHasTradition (doc_id, tradition_id) VALUES (87, 'orig');
INSERT INTO documentHasTradition (doc_id, tradition_id) VALUES (88, 'orig');
INSERT INTO documentHasTradition (doc_id, tradition_id) VALUES (89, 'orig');
INSERT INTO documentHasTradition (doc_id, tradition_id) VALUES (90, 'orig');
INSERT INTO documentHasTradition (doc_id, tradition_id) VALUES (91, 'orig');
INSERT INTO documentHasTradition (doc_id, tradition_id) VALUES (92, 'orig');
INSERT INTO documentHasTradition (doc_id, tradition_id) VALUES (93, 'orig');
INSERT INTO documentHasTradition (doc_id, tradition_id) VALUES (94, 'orig');
INSERT INTO documentHasTradition (doc_id, tradition_id) VALUES (58, 'cp_informe');
INSERT INTO documentHasTradition (doc_id, tradition_id) VALUES (58, 'cp_figuree');
INSERT INTO documentHasTradition (doc_id, tradition_id) VALUES (81, 'cp_figuree');
INSERT INTO documentHasTradition (doc_id, tradition_id) VALUES (74, 'cp_informe');
INSERT INTO documentHasTradition (doc_id, tradition_id) VALUES (74, 'cp_figuree');
INSERT INTO documentHasTradition (doc_id, tradition_id) VALUES (69, 'cp_figuree');









INSERT INTO documentHasTypeActe (doc_id, type_id) VALUES (20, 12);
INSERT INTO documentHasTypeActe (doc_id, type_id) VALUES (22, 12);
INSERT INTO documentHasTypeActe (doc_id, type_id) VALUES (23, 2);
INSERT INTO documentHasTypeActe (doc_id, type_id) VALUES (24, 21);
INSERT INTO documentHasTypeActe (doc_id, type_id) VALUES (25, 21);
INSERT INTO documentHasTypeActe (doc_id, type_id) VALUES (26, 13);
INSERT INTO documentHasTypeActe (doc_id, type_id) VALUES (27, 15);
INSERT INTO documentHasTypeActe (doc_id, type_id) VALUES (27, 20);
INSERT INTO documentHasTypeActe (doc_id, type_id) VALUES (31, 20);
INSERT INTO documentHasTypeActe (doc_id, type_id) VALUES (32, 20);
INSERT INTO documentHasTypeActe (doc_id, type_id) VALUES (33, 20);
INSERT INTO documentHasTypeActe (doc_id, type_id) VALUES (33, 1);
INSERT INTO documentHasTypeActe (doc_id, type_id) VALUES (34, 16);
INSERT INTO documentHasTypeActe (doc_id, type_id) VALUES (34, 7);
INSERT INTO documentHasTypeActe (doc_id, type_id) VALUES (35, 12);
INSERT INTO documentHasTypeActe (doc_id, type_id) VALUES (35, 7);
INSERT INTO documentHasTypeActe (doc_id, type_id) VALUES (36, 18);
INSERT INTO documentHasTypeActe (doc_id, type_id) VALUES (36, 14);
INSERT INTO documentHasTypeActe (doc_id, type_id) VALUES (37, 2);
INSERT INTO documentHasTypeActe (doc_id, type_id) VALUES (38, 5);
INSERT INTO documentHasTypeActe (doc_id, type_id) VALUES (38, 7);
INSERT INTO documentHasTypeActe (doc_id, type_id) VALUES (39, 12);
INSERT INTO documentHasTypeActe (doc_id, type_id) VALUES (39, 3);
INSERT INTO documentHasTypeActe (doc_id, type_id) VALUES (40, 4);
INSERT INTO documentHasTypeActe (doc_id, type_id) VALUES (40, 7);
INSERT INTO documentHasTypeActe (doc_id, type_id) VALUES (41, 19);
INSERT INTO documentHasTypeActe (doc_id, type_id) VALUES (42, 6);
INSERT INTO documentHasTypeActe (doc_id, type_id) VALUES (43, 5);
INSERT INTO documentHasTypeActe (doc_id, type_id) VALUES (44, 5);
INSERT INTO documentHasTypeActe (doc_id, type_id) VALUES (44, 7);
INSERT INTO documentHasTypeActe (doc_id, type_id) VALUES (45, 19);
INSERT INTO documentHasTypeActe (doc_id, type_id) VALUES (46, 2);
INSERT INTO documentHasTypeActe (doc_id, type_id) VALUES (47, 21);
INSERT INTO documentHasTypeActe (doc_id, type_id) VALUES (48, 2);
INSERT INTO documentHasTypeActe (doc_id, type_id) VALUES (49, 19);
INSERT INTO documentHasTypeActe (doc_id, type_id) VALUES (50, 21);
INSERT INTO documentHasTypeActe (doc_id, type_id) VALUES (51, 11);
INSERT INTO documentHasTypeActe (doc_id, type_id) VALUES (52, 21);
INSERT INTO documentHasTypeActe (doc_id, type_id) VALUES (53, 21);
INSERT INTO documentHasTypeActe (doc_id, type_id) VALUES (54, 18);
INSERT INTO documentHasTypeActe (doc_id, type_id) VALUES (55, 2);
INSERT INTO documentHasTypeActe (doc_id, type_id) VALUES (58, 21);
INSERT INTO documentHasTypeActe (doc_id, type_id) VALUES (59, 11);
INSERT INTO documentHasTypeActe (doc_id, type_id) VALUES (60, 3);
INSERT INTO documentHasTypeActe (doc_id, type_id) VALUES (61, 11);
INSERT INTO documentHasTypeActe (doc_id, type_id) VALUES (62, 13);
INSERT INTO documentHasTypeActe (doc_id, type_id) VALUES (63, 11);
INSERT INTO documentHasTypeActe (doc_id, type_id) VALUES (63, 16);
INSERT INTO documentHasTypeActe (doc_id, type_id) VALUES (64, 2);
INSERT INTO documentHasTypeActe (doc_id, type_id) VALUES (64, 7);
INSERT INTO documentHasTypeActe (doc_id, type_id) VALUES (65, 20);
INSERT INTO documentHasTypeActe (doc_id, type_id) VALUES (66, 18);
INSERT INTO documentHasTypeActe (doc_id, type_id) VALUES (66, 9);
INSERT INTO documentHasTypeActe (doc_id, type_id) VALUES (67, 20);
INSERT INTO documentHasTypeActe (doc_id, type_id) VALUES (68, 17);
INSERT INTO documentHasTypeActe (doc_id, type_id) VALUES (69, 21);
INSERT INTO documentHasTypeActe (doc_id, type_id) VALUES (70, 18);
INSERT INTO documentHasTypeActe (doc_id, type_id) VALUES (71, 11);
INSERT INTO documentHasTypeActe (doc_id, type_id) VALUES (72, 11);
INSERT INTO documentHasTypeActe (doc_id, type_id) VALUES (72, 12);
INSERT INTO documentHasTypeActe (doc_id, type_id) VALUES (73, 4);
INSERT INTO documentHasTypeActe (doc_id, type_id) VALUES (73, 5);
INSERT INTO documentHasTypeActe (doc_id, type_id) VALUES (73, 10);
INSERT INTO documentHasTypeActe (doc_id, type_id) VALUES (74, 21);
INSERT INTO documentHasTypeActe (doc_id, type_id) VALUES (75, 14);
INSERT INTO documentHasTypeActe (doc_id, type_id) VALUES (76, 20);
INSERT INTO documentHasTypeActe (doc_id, type_id) VALUES (77, 21);
INSERT INTO documentHasTypeActe (doc_id, type_id) VALUES (78, 3);
INSERT INTO documentHasTypeActe (doc_id, type_id) VALUES (79, 13);
INSERT INTO documentHasTypeActe (doc_id, type_id) VALUES (79, 2);
INSERT INTO documentHasTypeActe (doc_id, type_id) VALUES (80, 2);
INSERT INTO documentHasTypeActe (doc_id, type_id) VALUES (81, 21);
INSERT INTO documentHasTypeActe (doc_id, type_id) VALUES (82, 6);
INSERT INTO documentHasTypeActe (doc_id, type_id) VALUES (83, 21);
INSERT INTO documentHasTypeActe (doc_id, type_id) VALUES (84, 2);
INSERT INTO documentHasTypeActe (doc_id, type_id) VALUES (85, 10);
INSERT INTO documentHasTypeActe (doc_id, type_id) VALUES (85, 8);
INSERT INTO documentHasTypeActe (doc_id, type_id) VALUES (86, 12);
INSERT INTO documentHasTypeActe (doc_id, type_id) VALUES (87, 21);
INSERT INTO documentHasTypeActe (doc_id, type_id) VALUES (88, 11);
INSERT INTO documentHasTypeActe (doc_id, type_id) VALUES (89, 5);
INSERT INTO documentHasTypeActe (doc_id, type_id) VALUES (90, 21);
INSERT INTO documentHasTypeActe (doc_id, type_id) VALUES (91, 2);
INSERT INTO documentHasTypeActe (doc_id, type_id) VALUES (91, 12);
INSERT INTO documentHasTypeActe (doc_id, type_id) VALUES (92, 4);
INSERT INTO documentHasTypeActe (doc_id, type_id) VALUES (92, 9);
INSERT INTO documentHasTypeActe (doc_id, type_id) VALUES (93, 20);
INSERT INTO documentHasTypeActe (doc_id, type_id) VALUES (94, 2);
INSERT INTO documentHasTypeActe (doc_id, type_id) VALUES (95, 19);









INSERT INTO editor (editor_ref, editor_name) VALUES ('http://data.bnf.fr/ark:/12148/cb11906612z', 'Olivier Guyotjeannin');




INSERT INTO image (img_url, doc_id, img_desc) VALUES ('20/faxexternes.jpg', 20, null);


INSERT INTO image_zone (img_url, zone_id, coords) VALUES ('20/faxexternes.jpg', 1, '14,16,785,37');
INSERT INTO image_zone (img_url, zone_id, coords) VALUES ('20/faxexternes.jpg', 2, '13,46,779,64');
INSERT INTO image_zone (img_url, zone_id, coords) VALUES ('20/faxexternes.jpg', 3, '8,74,800,92');
INSERT INTO image_zone (img_url, zone_id, coords) VALUES ('20/faxexternes.jpg', 4, '10,102,805,117');
INSERT INTO image_zone (img_url, zone_id, coords) VALUES ('20/faxexternes.jpg', 5, '7,128,791,145');
INSERT INTO image_zone (img_url, zone_id, coords) VALUES ('20/faxexternes.jpg', 6, '14,157,793,176');
INSERT INTO image_zone (img_url, zone_id, coords) VALUES ('20/faxexternes.jpg', 7, '12,183,796,196');
INSERT INTO image_zone (img_url, zone_id, coords) VALUES ('20/faxexternes.jpg', 8, '14,210,791,228');
INSERT INTO image_zone (img_url, zone_id, coords) VALUES ('20/faxexternes.jpg', 9, '12,233,784,256');
INSERT INTO image_zone (img_url, zone_id, coords) VALUES ('20/faxexternes.jpg', 10, '11,261,792,285');
INSERT INTO image_zone (img_url, zone_id, coords) VALUES ('20/faxexternes.jpg', 11, '9,291,790,313');
INSERT INTO image_zone (img_url, zone_id, coords) VALUES ('20/faxexternes.jpg', 12, '8,324,790,342');
INSERT INTO image_zone (img_url, zone_id, coords) VALUES ('20/faxexternes.jpg', 13, '5,348,785,371');
INSERT INTO image_zone (img_url, zone_id, coords) VALUES ('20/faxexternes.jpg', 14, '10,379,776,400');
INSERT INTO image_zone (img_url, zone_id, coords) VALUES ('20/faxexternes.jpg', 15, '9,404,786,431');
INSERT INTO image_zone (img_url, zone_id, coords) VALUES ('20/faxexternes.jpg', 16, '6,435,789,455');
INSERT INTO image_zone (img_url, zone_id, coords) VALUES ('20/faxexternes.jpg', 17, '6,460,788,488');
INSERT INTO image_zone (img_url, zone_id, coords) VALUES ('20/faxexternes.jpg', 18, '3,495,486,513');
INSERT INTO image_zone (img_url, zone_id, coords) VALUES ('20/faxexternes.jpg', 19, '29,39,13');
INSERT INTO image_zone (img_url, zone_id, coords) VALUES ('20/faxexternes.jpg', 20, '229,36,239,32,244,34,249,36,251,40,250,43,248,47,242,50,234,50,231,44,230,41,233,34');
INSERT INTO image_zone (img_url, zone_id, coords) VALUES ('20/faxexternes.jpg', 21, '579,59,15');
INSERT INTO image_zone (img_url, zone_id, coords) VALUES ('20/faxexternes.jpg', 22, '410,117,8');
INSERT INTO image_zone (img_url, zone_id, coords) VALUES ('20/faxexternes.jpg', 23, '342,95,11');
INSERT INTO image_zone (img_url, zone_id, coords) VALUES ('20/faxexternes.jpg', 24, '392,558,40');
INSERT INTO image_zone (img_url, zone_id, coords) VALUES ('20/faxexternes.jpg', 25, '68,99,72,88,80,84,86,91,89,99,90,104,83,108,81,106,81,120,74,117');
INSERT INTO image_zone (img_url, zone_id, coords) VALUES ('20/faxexternes.jpg', 26, '15,280,20,276,32,271,46,271,60,271,76,272,92,270,106,270,120,273,129,277,133,285,121,289,126,287,116,292,123,289,111,296,95,299,72,299,47,297,26,293,16,288');
INSERT INTO image_zone (img_url, zone_id, coords) VALUES ('20/faxexternes.jpg', 27, '770,501,785,504,792,523,789,555,782,566,776,574,770,580,760,586');
INSERT INTO image_zone (img_url, zone_id, coords) VALUES ('20/faxexternes.jpg', 28, '447,23,451,26,456,29,459,34,458,41,458,46,455,50,451,54,442,54,438,47,436,41,437,33,442,28,445,23');
INSERT INTO image_zone (img_url, zone_id, coords) VALUES ('20/faxexternes.jpg', 29, '546,181,550,180,555,178,562,178,565,177,570,177,578,179,583,181,585,186,585,189,583,193,581,195,578,197,574,198,567,199,562,198,555,199,549,198,547,195,543,191,542,186');
INSERT INTO image_zone (img_url, zone_id, coords) VALUES ('20/faxexternes.jpg', 30, '529,245,537,241,542,240,547,240,553,239,558,239,561,238,566,240,569,242,576,244,580,245,581,251,577,256,576,260,571,261,558,262,546,262,538,257,533,260,530,255');
INSERT INTO image_zone (img_url, zone_id, coords) VALUES ('20/faxexternes.jpg', 31, '408,360,416,359,420,359,428,357,438,356,449,355,458,355,467,353,479,353,488,355,495,353,504,354,511,355,519,356,527,356,536,356,539,356,546,356,551,358,556,357,560,359,567,360,572,359,578,362,583,362,588,366,592,367,596,369,597,374,593,375,588,378,581,379,572,382,564,382,554,384,543,384,537,386,528,387,520,387,513,387,508,387,498,387,484,387,478,387,467,387,461,387,451,387,443,387,435,387,420,381,426,385,412,383,408,382,401,382,393,379,388,372,383,370,389,364,397,360');
INSERT INTO image_zone (img_url, zone_id, coords) VALUES ('20/faxexternes.jpg', 32, '303,426,30');






INSERT INTO institution (instit_ref, instit_name) VALUES ('http://data.bnf.fr/ark:/12148/cb12118141m', 'Archives départementales Haute-Vienne (France)');
INSERT INTO institution (instit_ref, instit_name) VALUES ('http://data.bnf.fr/ark:/12148/cb11864291k', 'Archives départementales Hautes-Alpes (France)');
INSERT INTO institution (instit_ref, instit_name) VALUES ('http://data.bnf.fr/ark:/12148/cb12006185c', 'Archives départementales Oise (France)');
INSERT INTO institution (instit_ref, instit_name) VALUES ('http://data.bnf.fr/ark:/12148/cb11865380f', 'Archives départementales Pyrénées-Atlantiques (France)');
INSERT INTO institution (instit_ref, instit_name) VALUES ('http://data.bnf.fr/ark:/12148/cb118653855', 'Archives départementales Pyrénées-Orientales (France)');
INSERT INTO institution (instit_ref, instit_name) VALUES ('am_tarascon', 'Archives municipales Tarascon (France)');
INSERT INTO institution (instit_ref, instit_name) VALUES ('http://data.bnf.fr/ark:/12148/cb11885523k', 'Archives municipales Valenciennes (France)');
INSERT INTO institution (instit_ref, instit_name) VALUES ('http://data.bnf.fr/ark:/12148/cb11862272t', 'Archives nationales (France)');
INSERT INTO institution (instit_ref, instit_name) VALUES ('http://data.bnf.fr/ark:/12148/cb12068304t', 'Biblioteca San Lorenzo (Florence, Italie)');
INSERT INTO institution (instit_ref, instit_name) VALUES ('http://data.bnf.fr/ark:/12148/cb12381002j', 'Bibliothèque nationale de France');
INSERT INTO institution (instit_ref, instit_name) VALUES ('http://data.bnf.fr/ark:/12148/cb118714563', 'British Library');
INSERT INTO institution (instit_ref, instit_name) VALUES ('cp', 'Collection privée');
INSERT INTO institution (instit_ref, instit_name) VALUES ('http://data.bnf.fr/ark:/12148/cb13197296q', 'Collection privée (« Cabinet B. Fillon à Fontenay-Vendée »)');
INSERT INTO institution (instit_ref, instit_name) VALUES ('cp_bigne', 'Collection privée (« Mr de la Bigne »)');
INSERT INTO institution (instit_ref, instit_name) VALUES ('cp_meyer', 'Collection privée (« Paul Meyer »)');







INSERT INTO language (lang_code, lang_label) VALUES ('fre', 'Français');
INSERT INTO language (lang_code, lang_label) VALUES ('lat', 'Latin');
INSERT INTO language (lang_code, lang_label) VALUES ('oci', 'Occitan');









INSERT INTO speech_part_type (speech_part_type_id, lang_code, label, definition) VALUES (1, 'fr', 'adresse_universelle', null);
INSERT INTO speech_part_type (speech_part_type_id, lang_code, label, definition) VALUES (2, 'fr', 'suscription', null);
INSERT INTO speech_part_type (speech_part_type_id, lang_code, label, definition) VALUES (3, 'fr', 'salut', null);
INSERT INTO speech_part_type (speech_part_type_id, lang_code, label, definition) VALUES (4, 'fr', 'notification_universelle', null);
INSERT INTO speech_part_type (speech_part_type_id, lang_code, label, definition) VALUES (5, 'fr', 'corps', null);
INSERT INTO speech_part_type (speech_part_type_id, lang_code, label, definition) VALUES (6, 'fr', 'clause', null);
INSERT INTO speech_part_type (speech_part_type_id, lang_code, label, definition) VALUES (7, 'fr', 'clause_garantie', null);
INSERT INTO speech_part_type (speech_part_type_id, lang_code, label, definition) VALUES (8, 'fr', 'clause_renonciation', null);
INSERT INTO speech_part_type (speech_part_type_id, lang_code, label, definition) VALUES (9, 'fr', 'corroboration', null);
INSERT INTO speech_part_type (speech_part_type_id, lang_code, label, definition) VALUES (10, 'fr', 'date_temps', null);








INSERT INTO sqlite_master (type, name, tbl_name, rootpage, sql) VALUES ('table', 'sqlite_sequence', 'sqlite_sequence', 10, 'CREATE TABLE sqlite_sequence(name,seq)');
INSERT INTO sqlite_master (type, name, tbl_name, rootpage, sql) VALUES ('table', 'documentHasTypeActe', 'documentHasTypeActe', 12, 'CREATE TABLE "documentHasTypeActe"







INSERT INTO sqlite_master (type, name, tbl_name, rootpage, sql) VALUES ('index', 'sqlite_autoindex_documentHasTypeActe_1', 'documentHasTypeActe', 17, null);
INSERT INTO sqlite_master (type, name, tbl_name, rootpage, sql) VALUES ('index', 'documentHasType_doc_id_type_id_uindex', 'documentHasTypeActe', 18, 'CREATE UNIQUE INDEX documentHasType_doc_id_type_id_uindex ON "documentHasTypeActe" (doc_id, type_id)');
INSERT INTO sqlite_master (type, name, tbl_name, rootpage, sql) VALUES ('table', 'language', 'language', 11, 'CREATE TABLE "language"




INSERT INTO sqlite_master (type, name, tbl_name, rootpage, sql) VALUES ('index', 'langage_langcode_uindex', 'language', 25, 'CREATE UNIQUE INDEX langage_langcode_uindex ON "language" (lang_code)');
INSERT INTO sqlite_master (type, name, tbl_name, rootpage, sql) VALUES ('index', 'langage_lang_label_index', 'language', 26, 'CREATE INDEX langage_lang_label_index ON "language" (lang_label)');
INSERT INTO sqlite_master (type, name, tbl_name, rootpage, sql) VALUES ('table', 'documentFromCountry', 'documentFromCountry', 34, 'CREATE TABLE documentFromCountry







INSERT INTO sqlite_master (type, name, tbl_name, rootpage, sql) VALUES ('index', 'sqlite_autoindex_documentFromCountry_1', 'documentFromCountry', 35, null);
INSERT INTO sqlite_master (type, name, tbl_name, rootpage, sql) VALUES ('index', 'documentFromCountry_doc_id_country_ref_uindex', 'documentFromCountry', 36, 'CREATE UNIQUE INDEX documentFromCountry_doc_id_country_ref_uindex ON documentFromCountry (doc_id, country_ref)');
INSERT INTO sqlite_master (type, name, tbl_name, rootpage, sql) VALUES ('table', 'institution', 'institution', 37, 'CREATE TABLE institution




INSERT INTO sqlite_master (type, name, tbl_name, rootpage, sql) VALUES ('index', 'sqlite_autoindex_institution_1', 'institution', 38, null);
INSERT INTO sqlite_master (type, name, tbl_name, rootpage, sql) VALUES ('index', 'institution_instit_ref_uindex', 'institution', 39, 'CREATE UNIQUE INDEX institution_instit_ref_uindex ON institution (instit_ref)');
INSERT INTO sqlite_master (type, name, tbl_name, rootpage, sql) VALUES ('table', 'tradition', 'tradition', 3, 'CREATE TABLE tradition




INSERT INTO sqlite_master (type, name, tbl_name, rootpage, sql) VALUES ('index', 'sqlite_autoindex_tradition_1', 'tradition', 13, null);
INSERT INTO sqlite_master (type, name, tbl_name, rootpage, sql) VALUES ('index', 'tradition_tradition_id_uindex', 'tradition', 24, 'CREATE UNIQUE INDEX tradition_tradition_id_uindex ON tradition (tradition_id)');
INSERT INTO sqlite_master (type, name, tbl_name, rootpage, sql) VALUES ('index', 'tradition_tradition_label_index', 'tradition', 41, 'CREATE INDEX tradition_tradition_label_index ON tradition (tradition_label)');
INSERT INTO sqlite_master (type, name, tbl_name, rootpage, sql) VALUES ('table', 'type_commentary', 'type_commentary', 47, 'CREATE TABLE "type_commentary"




INSERT INTO sqlite_master (type, name, tbl_name, rootpage, sql) VALUES ('index', 'type_commentary_type_id_uindex', 'type_commentary', 48, 'CREATE UNIQUE INDEX type_commentary_type_id_uindex ON "type_commentary" (type_id)');
INSERT INTO sqlite_master (type, name, tbl_name, rootpage, sql) VALUES ('index', 'type_commentary_type_label_uindex', 'type_commentary', 50, 'CREATE UNIQUE INDEX type_commentary_type_label_uindex ON "type_commentary" (type_label)');
INSERT INTO sqlite_master (type, name, tbl_name, rootpage, sql) VALUES ('table', 'commentary', 'commentary', 51, 'CREATE TABLE "commentary"








INSERT INTO sqlite_master (type, name, tbl_name, rootpage, sql) VALUES ('index', 'commentary_type_id_uindex', 'commentary', 52, 'CREATE UNIQUE INDEX commentary_type_id_uindex ON "commentary" (type_id)');
INSERT INTO sqlite_master (type, name, tbl_name, rootpage, sql) VALUES ('table', 'country', 'country', 30, 'CREATE TABLE country






INSERT INTO sqlite_master (type, name, tbl_name, rootpage, sql) VALUES ('index', 'sqlite_autoindex_country_1', 'country', 31, null);
INSERT INTO sqlite_master (type, name, tbl_name, rootpage, sql) VALUES ('index', 'country_country_ref_uindex', 'country', 32, 'CREATE UNIQUE INDEX country_country_ref_uindex

INSERT INTO sqlite_master (type, name, tbl_name, rootpage, sql) VALUES ('index', 'country_country_label_uindex', 'country', 33, 'CREATE UNIQUE INDEX country_country_label_uindex

INSERT INTO sqlite_master (type, name, tbl_name, rootpage, sql) VALUES ('table', 'documentHasTradition', 'documentHasTradition', 19, 'CREATE TABLE documentHasTradition












INSERT INTO sqlite_master (type, name, tbl_name, rootpage, sql) VALUES ('index', 'sqlite_autoindex_documentHasTradition_1', 'documentHasTradition', 20, null);
INSERT INTO sqlite_master (type, name, tbl_name, rootpage, sql) VALUES ('index', 'documentHasTradition_doc_id_tradition_id_uindex', 'documentHasTradition', 23, 'CREATE UNIQUE INDEX documentHasTradition_doc_id_tradition_id_uindex

INSERT INTO sqlite_master (type, name, tbl_name, rootpage, sql) VALUES ('table', 'district', 'district', 14, 'CREATE TABLE "district"






INSERT INTO sqlite_master (type, name, tbl_name, rootpage, sql) VALUES ('index', 'district_district_label_uindex', 'district', 62, 'CREATE UNIQUE INDEX district_district_label_uindex ON "district" (district_label)');
INSERT INTO sqlite_master (type, name, tbl_name, rootpage, sql) VALUES ('table', 'documentLinkedToDocument', 'documentLinkedToDocument', 58, 'CREATE TABLE "documentLinkedToDocument"







INSERT INTO sqlite_master (type, name, tbl_name, rootpage, sql) VALUES ('index', 'sqlite_autoindex_documentLinkedToDocument_1', 'documentLinkedToDocument', 73, null);
INSERT INTO sqlite_master (type, name, tbl_name, rootpage, sql) VALUES ('index', 'documentLinkedToDocument_linked_doc_id_index', 'documentLinkedToDocument', 74, 'CREATE INDEX documentLinkedToDocument_linked_doc_id_index ON "documentLinkedToDocument" (linked_doc_id)');
INSERT INTO sqlite_master (type, name, tbl_name, rootpage, sql) VALUES ('table', 'documentFromDistrict', 'documentFromDistrict', 54, 'CREATE TABLE documentFromDistrict







INSERT INTO sqlite_master (type, name, tbl_name, rootpage, sql) VALUES ('index', 'sqlite_autoindex_documentFromDistrict_1', 'documentFromDistrict', 69, null);
INSERT INTO sqlite_master (type, name, tbl_name, rootpage, sql) VALUES ('table', 'documentHasLanguage', 'documentHasLanguage', 27, 'CREATE TABLE documentHasLanguage







INSERT INTO sqlite_master (type, name, tbl_name, rootpage, sql) VALUES ('index', 'sqlite_autoindex_documentHasLanguage_1', 'documentHasLanguage', 28, null);
INSERT INTO sqlite_master (type, name, tbl_name, rootpage, sql) VALUES ('index', 'documentHasLangage_doc_id_lang_code_uindex', 'documentHasLanguage', 29, 'CREATE UNIQUE INDEX documentHasLangage_doc_id_lang_code_uindex ON documentHasLanguage (doc_id, lang_code)');
INSERT INTO sqlite_master (type, name, tbl_name, rootpage, sql) VALUES ('table', 'user', 'user', 75, 'CREATE TABLE user






INSERT INTO sqlite_master (type, name, tbl_name, rootpage, sql) VALUES ('index', 'sqlite_autoindex_user_1', 'user', 76, null);
INSERT INTO sqlite_master (type, name, tbl_name, rootpage, sql) VALUES ('index', 'user_username_uindex', 'user', 77, 'CREATE UNIQUE INDEX user_username_uindex ON user (username)');
INSERT INTO sqlite_master (type, name, tbl_name, rootpage, sql) VALUES ('table', 'editor', 'editor', 49, 'CREATE TABLE editor




INSERT INTO sqlite_master (type, name, tbl_name, rootpage, sql) VALUES ('index', 'sqlite_autoindex_editor_1', 'editor', 59, null);
INSERT INTO sqlite_master (type, name, tbl_name, rootpage, sql) VALUES ('index', 'editor_editor_name_index', 'editor', 70, 'CREATE INDEX editor_editor_name_index ON editor (editor_name)');
INSERT INTO sqlite_master (type, name, tbl_name, rootpage, sql) VALUES ('table', 'documentHasEditor', 'documentHasEditor', 57, 'CREATE TABLE documentHasEditor







INSERT INTO sqlite_master (type, name, tbl_name, rootpage, sql) VALUES ('index', 'sqlite_autoindex_documentHasEditor_1', 'documentHasEditor', 72, null);
INSERT INTO sqlite_master (type, name, tbl_name, rootpage, sql) VALUES ('table', 'document', 'document', 5, 'CREATE TABLE document















INSERT INTO sqlite_master (type, name, tbl_name, rootpage, sql) VALUES ('table', 'transcription', 'transcription', 6, 'CREATE TABLE transcription








INSERT INTO sqlite_master (type, name, tbl_name, rootpage, sql) VALUES ('table', 'translation', 'translation', 53, 'CREATE TABLE translation








INSERT INTO sqlite_master (type, name, tbl_name, rootpage, sql) VALUES ('table', 'alignment_translation', 'alignment_translation', 78, 'CREATE TABLE alignment_translation











INSERT INTO sqlite_master (type, name, tbl_name, rootpage, sql) VALUES ('index', 'sqlite_autoindex_alignment_translation_1', 'alignment_translation', 79, null);
INSERT INTO sqlite_master (type, name, tbl_name, rootpage, sql) VALUES ('index', 'alignment_translation_transcription_id_translation_id_ptr_transcription_start_uindex', 'alignment_translation', 80, 'CREATE UNIQUE INDEX alignment_translation_transcription_id_translation_id_ptr_transcription_start_uindex ON alignment_translation (transcription_id, translation_id, ptr_transcription_start)');
INSERT INTO sqlite_master (type, name, tbl_name, rootpage, sql) VALUES ('table', 'image_zone', 'image_zone', 2, 'CREATE TABLE image_zone







INSERT INTO sqlite_master (type, name, tbl_name, rootpage, sql) VALUES ('index', 'sqlite_autoindex_image_zone_1', 'image_zone', 9, null);
INSERT INTO sqlite_master (type, name, tbl_name, rootpage, sql) VALUES ('index', 'image_zone_zone_id_img_url_uindex', 'image_zone', 56, 'CREATE UNIQUE INDEX image_zone_zone_id_img_url_uindex ON image_zone (img_url, zone_id)');
INSERT INTO sqlite_master (type, name, tbl_name, rootpage, sql) VALUES ('table', 'alignment_image', 'alignment_image', 81, 'CREATE TABLE "alignment_image"










INSERT INTO sqlite_master (type, name, tbl_name, rootpage, sql) VALUES ('index', 'sqlite_autoindex_alignment_image_1', 'alignment_image', 86, null);
INSERT INTO sqlite_master (type, name, tbl_name, rootpage, sql) VALUES ('table', 'image', 'image', 42, 'CREATE TABLE "image"






INSERT INTO sqlite_master (type, name, tbl_name, rootpage, sql) VALUES ('index', 'sqlite_autoindex_image_1', 'image', 43, null);
INSERT INTO sqlite_master (type, name, tbl_name, rootpage, sql) VALUES ('index', 'image_img_url_uindex', 'image', 44, 'CREATE UNIQUE INDEX image_img_url_uindex ON "image" (img_url)');
INSERT INTO sqlite_master (type, name, tbl_name, rootpage, sql) VALUES ('table', 'speech_part_type', 'speech_part_type', 15, 'CREATE TABLE speech_part_type








INSERT INTO sqlite_master (type, name, tbl_name, rootpage, sql) VALUES ('index', 'sqlite_autoindex_speech_part_type_1', 'speech_part_type', 45, null);
INSERT INTO sqlite_master (type, name, tbl_name, rootpage, sql) VALUES ('table', 'alignment_discours', 'alignment_discours', 82, 'CREATE TABLE alignment_discours










INSERT INTO sqlite_master (type, name, tbl_name, rootpage, sql) VALUES ('index', 'sqlite_autoindex_alignment_discours_1', 'alignment_discours', 83, null);
INSERT INTO sqlite_master (type, name, tbl_name, rootpage, sql) VALUES ('table', 'type_acte', 'type_acte', 7, 'CREATE TABLE "type_acte"



, description TEXT NULL)');
INSERT INTO sqlite_master (type, name, tbl_name, rootpage, sql) VALUES ('index', 'type_acte_type_id_uindex', 'type_acte', 8, 'CREATE UNIQUE INDEX type_acte_type_id_uindex ON "type_acte" (type_id)');
INSERT INTO sqlite_master (type, name, tbl_name, rootpage, sql) VALUES ('index', 'type_acte_type_label_uindex', 'type_acte', 85, 'CREATE UNIQUE INDEX type_acte_type_label_uindex ON "type_acte" (label)');





INSERT INTO sqlite_sequence (name, seq) VALUES ('type_commentary', 6);
INSERT INTO sqlite_sequence (name, seq) VALUES ('district', 24);
INSERT INTO sqlite_sequence (name, seq) VALUES ('type_acte', 21);
INSERT INTO sqlite_sequence (name, seq) VALUES ('transcription', 1);
INSERT INTO sqlite_sequence (name, seq) VALUES ('translation', 1);







INSERT INTO tradition (tradition_id, tradition_label) VALUES ('cartulaire', 'Cartulaire');
INSERT INTO tradition (tradition_id, tradition_label) VALUES ('cp_authentique', 'Copie authentique');
INSERT INTO tradition (tradition_id, tradition_label) VALUES ('cp_figuree', 'Copie figurée');
INSERT INTO tradition (tradition_id, tradition_label) VALUES ('cp_informe', 'Copie informe');
INSERT INTO tradition (tradition_id, tradition_label) VALUES ('orig', 'Original');
INSERT INTO tradition (tradition_id, tradition_label) VALUES ('orig_multiple', 'Original multiple');
INSERT INTO tradition (tradition_id, tradition_label) VALUES ('chancellerie', 'Registre de chancellerie');









INSERT INTO transcription (transcription_id, doc_id, user_ref, content) VALUES (1, 20, 'jpilla', 'Om<expan>n</expan>ib<expan>us</expan> p<expan>re</expan>sentes litt<expan>er</expan>as insp<expan>e</expan>cturis, . . <term n="Juge en matière contentieuse et gracieuse, délégué de l’évêque.">offic<expan>ialis</expan></term> Belvacen<expan>sis</expan>, sal<expan>u</expan>t<expan>em</expan> in D<expan>om</expan>in<expan>o</expan>.  Nov<expan>er</expan>int univ<expan>er</expan>si q<expan>uo</expan>d i<expan>n</expan> n<expan>ost</expan>ra constituti p<expan>re</expan>sentia Ricardus d<expan>i</expan>c<expan>t</expan>us de <term n="Oise, cant. Grandvilliers.">Gres</term> de <term n="Oise, cant. Mouy.">S<expan>an</expan>c<expan>t</expan>o Felice</term> <expan>et</expan> Aya ejus uxor <expan>et</expan> Eufemia eor<expan>um</expan> filia recognov<expan>er</expan>unt se imp<expan>er</expan>petuum vendidisse p<expan>ro</expan> co<expan>m</expan>muni eor<expan>um</expan> utilitate ac necessitate abbati <expan>et</expan> conventui <term n="Abbaye bénédictine (Oise, cant. Le Coudray-Saint-Germer).">S<expan>an</expan>c<expan>t</expan>i G<expan>er</expan>emari Flaviacen<expan>sis</expan></term> q<expan>u</expan>amdam peciam t<expan>er</expan>re s<expan>em</expan>entis q<expan>u</expan>am h<expan>ab</expan>ebant ex caduco Asceline de <term n="Ancien habitat sur la commune de Senantes (Oise, cant. Songeons).">Amuchi</term>, <term n="Tante maternelle d’après l’étymologie (mater), mais parfois pris comme amita au sens de tante paternelle (voir Du Cange, Glossarium).">matertere</term> dicti Ricardi, circiter sex <term n="L’émine (mina) est une mesure de capacité des céréales ; par extension l’éminée est une mesure de superficie (terre recevant en principe une émine de semence).">minas</term> continentem, sitam ante <term n="L’expression pourrait fonctionner comme un microtoponyme, mais, suivie d’un génitif (dictorum abbatis...), elle peut être aussi comprise comme la référence à un élément précis du paysage; le metz (forme la plus courante dans la région), mansus, masus, est un ensemble de bâtiments d’exploitation et de terres.">mesum</term> de Amuchi, d<expan>i</expan>c<expan>t</expan>or<expan>um</expan> abbatis et <expan>con</expan>ventus, q<expan>u</expan>am ab eisdem abbate <expan>et</expan> <expan>con</expan>ventu tenebant ad <term n="Mode de tenure de la terre à part de fruits.">campipartem</term>,  pro centum et decem <term n="Les deniers parisis sont la monnaie frappée à Paris, puis l’une des deux grandes monnaies royales (avec le tournois), qui peut être frappée ailleurs; l’expression ne vise a priori qu’une monnaie de compte ; seuls les deniers sont frappés, les sous et les livres sont donc «de [deniers] parisis» (au génitif en latin).">solidis parisiensium</term> sibi a dictis abbate et <expan>con</expan>ventu plene <expan>et</expan> integ<expan>r</expan>e p<expan>er</expan>solutis, ut ip<expan>s</expan>i Ricardus, Aya ejus uxor <expan>et</expan> Eufemia eor<expan>um</expan> filia coram nob<expan>is</expan> recognov<expan>er</expan>unt ; fidem coram nob<expan>is</expan> p<expan>re</expan>stantes <term n="La foi corporelle indique que le serment a impliqué un contact corporel avec un objet lui-même en rapport avec le sacré (évangiles, croix, reliques...)">corporalem</term> p<expan>re</expan>d<expan>i</expan>c<expan>t</expan>i Ricardus, Aya ejus uxor <expan>et</expan> Eufemia eor<expan>um</expan> filia, no<expan>n</expan> vi nec metu ad hoc inducte s<expan>ed</expan> mera <expan>et</expan> spontanea voluntate sua, ut asserebant, q<expan>uo</expan>d ip<expan>s</expan>i decet<expan>er</expan>o r<expan>ati</expan>one cuj<expan>us</expan>cu<expan>m</expan>q<expan>ue</expan> juris, <expan>et</expan> maxime d<expan>i</expan>c<expan>t</expan>a Aya r<expan>ati</expan>one dotis, in t<expan>er</expan>ra p<expan>re</expan>d<expan>i</expan>c<expan>t</expan>a vendita p<expan>er</expan> se v<expan>e</expan>l p<expan>er</expan> alium nichil reclamab<expan>un</expan>t v<expan>e</expan>l facient reclamari,  sed sup<expan>er</expan> eadem t<expan>er</expan>ra vendita d<expan>i</expan>c<expan>t</expan>is abbati <expan>et</expan> conventui <expan>con</expan>tra om<expan>ne</expan>s legitimam portabunt garandiam ;  renuntiantes in hoc f<expan>a</expan>c<expan>t</expan>o, fide data, excepc<expan>i</expan>o<expan>n</expan>i no<expan>n</expan> num<expan>er</expan>ate <expan>et</expan> no<expan>n</expan> recepte pecunie <expan>et</expan> om<expan>n</expan>ib<expan>us</expan> aliis excepc<expan>i</expan>o<expan>n</expan>ib<expan>us</expan> <expan>et</expan> juris auxilio tam cano<expan>n</expan>ici quam civilis q<expan>uo</expan>d s<expan>ib</expan>i cont<expan>r</expan>a p<expan>re</expan>sens instrum<expan>en</expan>tum posset p<expan>ro</expan>desse <expan>et</expan> d<expan>i</expan>c<expan>t</expan>is abbati <expan>et</expan> conventui prodesse*.  In cuj<expan>us</expan> rei testimo<expan>n</expan>ium, p<expan>re</expan>sentes litt<expan>er</expan>as sigillo curie Belvacen<expan>sis</expan> fecim<expan>us</expan> <expan>com</expan>muniri. Act<expan>um</expan> anno D<expan>omi</expan>ni <term n="Attention aux millésimes exprimés en ancien style ; vu la région et la période, il y a de grandes chances que le style utilisé soit ou Pâques ou l’Annonciation florentine ; tout doute est ici levé par la date du jour, postérieur à Pâques: on est bien en 1248 nouveau style.">M° CC° XL°</term> octavo, die <term n="Attention aux millésimes exprimés en ancien style ; vu la région et la période, il y a de grandes chances que le style utilisé soit ou Pâques ou l’Annonciation florentine ; tout doute est ici levé par la date du jour, postérieur à Pâques: on est bien en 1248 nouveau style.">1248</term>, le <term n="«Jubilate» est l’introït du troisième dimanche après Pâques (Cappelli, éd. 1978, p. 116 ; Giry, p. 267) ; le millésime ne correspondrait pas au nôtre qu’en cas d’usage du style pisan, totalement exclu ici. C’est donc sous l’année 1248 (n.st.) qu’il faut chercher dans les outils modernes la concordance du quantième, du mois et du jour de la semaine. D’après Cappelli, en 1248 Pâques tombe le 19 avril (p. 262) ; une année où Pâques tombe le 19 avril, le dimanche de Jubilate tombe le 10 mai (p. 92), l’acte est donc du 11 mai 1248. D’après Giry, 1248 a pour lettres dominicales ED (p. 197) ; pour une telle année (calendrier D) où en outre Pâques tombe le 19 avril, le dimanche de Jubilate tombe le 10 mai (p. 237), l’acte est donc du 11 mai 1248.">lune post Jubilat<expan>e</expan></term>.');









INSERT INTO translation (translation_id, doc_id, user_ref, content) VALUES (1, 20, 'jpilla', 'A tous ceux qui verront les présentes lettres, . . <term n="Juge en matière contentieuse et gracieuse, délégué de l’évêque.">l''official</term> de Beauvais, salut dans le Seigneur. Sachent tous que constitués en notre présence Richard dit de <term n="Oise, cant. Grandvilliers.">Grez</term>, de <term n="Oise, cant. Mouy.">Saint-Félix</term>, Aye son épouse et Euphémie leur fille ont reconnu qu''ils ont vendu à perpétuité pour leur commune utilité et leur commun besoin à l''abbé et au convent de <term n="Abbaye bénédictine (Oise, cant. Le Coudray-Saint-Germer).">Saint-Germer de Fly</term> une pièce de terre arable qu''ils avaient de l''héritage d''Asceline d''<term n="Ancien habitat sur la commune de Senantes (Oise, cant. Songeons).">Amuchy</term>, <term n="Tante maternelle d’après l’étymologie (mater), mais parfois pris comme amita au sens de tante paternelle (voir Du Cange, Glossarium).">tante maternelle</term> dudit Richard, d''environ six <term	n="L’émine (mina) est une mesure de capacité des céréales ; par extension l’éminée est une mesure de superficie (terre recevant en principe une émine de semence).">éminées</term>, sise devant le <term n="L’expression pourrait fonctionner comme un microtoponyme, mais, suivie d’un génitif (dictorum abbatis...), elle peut être aussi comprise comme la référence à un élément précis du paysage; le metz (forme la plus courante dans la région), mansus, masus, est un ensemble de bâtiments d’exploitation et de terres.">metz</term> d''Amuchy qui appartient auxdits abbé et convent, et  qu''ils tenaient à <term n="Mode de tenure de la terre à part de fruits.">champart</term> des mêmes abbé et convent, pour cent dix <term n="Les deniers parisis sont la monnaie frappée à Paris, puis l’une des deux grandes monnaies royales (avec le tournois), qui peut être frappée ailleurs ; l’expression ne vise a priori qu’une monnaie de compte ; seuls les deniers sont frappés, les sous et les livres sont donc &#171;de [deniers] parisis&#187; (au génitif en latin).">sous de parisis</term> à eux par lesdits abbé et convent pleinement et entièrement versés, ainsi que lesdits Richard, Aye son épouse et Euphémie leur fille ont devant nous reconnu; prêtant devant nous foi <term n="La foi corporelle indique que le serment a impliqué un contact corporel avec un objet lui-même en rapport avec le sacré (évangiles, croix, reliques...)">corporelle</term> les susdits Richard, Aye son épouse et Euphémie leur fille, non poussées à cela par force ou crainte mais de leur pure et spontanée volonté, à ce qu''elles disaient, qu''à l''avenir à raison de quelque droit que ce soit, et spécialement ladite Aye à raison de sa dot, ni par eux ni par autre, ils ne feront ou feront faire querelle de la susdite vente de terre, mais que sur ladite vente de terre ils porteront à l''abbé et au convent garantie légitime contre tous; renonçant en ce fait, par la foi qu''ils ont donnée, à l''exception d''argent non compté et non reçu, à toutes autres exceptions et à l''aide du droit tant canonique que civil qui pourrait, contre le présent instrument, leur servir et nuire auxdits abbé et convent. En témoignage de quoi, nous avons fait munir les présentes lettres du sceau de la cour de Beauvais. Fait l''an du Seigneur <term n="Attention aux millésimes exprimés en ancien style ; vu la région et la période, il y a de grandes chances que le style utilisé soit ou Pâques ou l’Annonciation florentine ; tout doute est ici levé par la date du jour, postérieur à Pâques: on est bien en 1248 nouveau style.">1248</term>, le <term n="&quot;Jubilate&quot; est l’introït du troisième dimanche après Pâques (Cappelli, éd. 1978, p. 116 ; Giry, p. 267) ; le millésime ne correspondrait pas au nôtre qu’en cas d’usage du style pisan, totalement exclu ici. C’est donc sous l’année 1248 (n.st.) qu’il faut chercher dans les outils modernes la concordance du quantième, du mois et du jour de la semaine. D’après Cappelli, en 1248 Pâques tombe le 19 avril (p. 262) ; une année où Pâques tombe le 19 avril, le dimanche de Jubilate tombe le 10 mai (p. 92), l’acte est donc du 11 mai 1248. D’après Giry, 1248 a pour lettres dominicales ED (p. 197) ; pour une telle année (calendrier D) où en outre Pâques tombe le 19 avril, le dimanche de Jubilate tombe le 10 mai (p. 237), l’acte est donc du 11 mai 1248.">lundi après Jubilate</term>. ');







INSERT INTO type_acte (type_id, label, description) VALUES (1, 'Abbé, maison religieuse', null);
INSERT INTO type_acte (type_id, label, description) VALUES (2, 'Actes privés sous le sceau et/ou la signature de l’auteur', null);
INSERT INTO type_acte (type_id, label, description) VALUES (3, 'Actes privés sous le/les sceaux d’autorités locales', null);
INSERT INTO type_acte (type_id, label, description) VALUES (4, 'Administration centrale', null);
INSERT INTO type_acte (type_id, label, description) VALUES (5, 'Administration locale', null);
INSERT INTO type_acte (type_id, label, description) VALUES (6, 'Chapitre cathédral', null);
INSERT INTO type_acte (type_id, label, description) VALUES (7, 'Documents comptables, financiers et fiscaux', null);
INSERT INTO type_acte (type_id, label, description) VALUES (8, 'Documents de gestion domaniale', null);
INSERT INTO type_acte (type_id, label, description) VALUES (9, 'Documents féodaux', null);
INSERT INTO type_acte (type_id, label, description) VALUES (10, 'Documents judiciaires', null);
INSERT INTO type_acte (type_id, label, description) VALUES (11, 'Evêque', null);
INSERT INTO type_acte (type_id, label, description) VALUES (12, 'Juridiction gracieuse ecclésiastique', null);
INSERT INTO type_acte (type_id, label, description) VALUES (13, 'Juridiction gracieuse laïque', null);
INSERT INTO type_acte (type_id, label, description) VALUES (14, 'Juridiction gracieuse municipale', null);
INSERT INTO type_acte (type_id, label, description) VALUES (15, 'Légat', null);
INSERT INTO type_acte (type_id, label, description) VALUES (16, 'Notaire public', null);
INSERT INTO type_acte (type_id, label, description) VALUES (17, 'Notariats traditionnels', null);
INSERT INTO type_acte (type_id, label, description) VALUES (18, 'Notices', null);
INSERT INTO type_acte (type_id, label, description) VALUES (19, 'Pape', null);
INSERT INTO type_acte (type_id, label, description) VALUES (20, 'Prince, comte…', null);
INSERT INTO type_acte (type_id, label, description) VALUES (21, 'Souverain', null);






INSERT INTO type_commentary (type_id, type_label) VALUES (1, 'Diplomatique');
INSERT INTO type_commentary (type_id, type_label) VALUES (2, 'Historique');
INSERT INTO type_commentary (type_id, type_label) VALUES (3, 'Juridique');
INSERT INTO type_commentary (type_id, type_label) VALUES (4, 'Paléographique');
INSERT INTO type_commentary (type_id, type_label) VALUES (5, 'Philologique');
INSERT INTO type_commentary (type_id, type_label) VALUES (6, 'Sigillographique');








INSERT INTO user (username, firstname, lastname, mail) VALUES ('jpilla', 'Julien', 'Pilla', 'julien.pilla@enc-sorbonne.fr');
INSERT INTO user (username, firstname, lastname, mail) VALUES ('vjolivet', 'Vincent', 'Jolivet', 'vincent.jolivet@enc-sorbonne.fr');
