INSERT INTO author (author_ref, author_name) VALUES ('http://data.bnf.fr/ark:/12148/cb11906612z', 'Olivier Guyotjeannin');
INSERT INTO country (country_ref, country_label) VALUES ('http://www.geonames.org/3017382/republic-of-france.html', 'France');
INSERT INTO country (country_ref, country_label) VALUES ('http://www.geonames.org/2510769/kingdom-of-spain.html', 'Espagne');
INSERT INTO country (country_ref, country_label) VALUES ('http://www.geonames.org/2635167/united-kingdom-of-great-britain-and-northern-ireland.html', 'Angleterre');
INSERT INTO country (country_ref, country_label) VALUES ('http://www.geonames.org/3077311/czechia.html', 'République tchèque');
INSERT INTO district (district_id, district_label, country_ref) VALUES (1, 'Picardie', 'http://www.geonames.org/3017382/republic-of-france.html');
INSERT INTO district (district_id, district_label, country_ref) VALUES (2, 'Ile-de-France', 'http://www.geonames.org/3017382/republic-of-france.html');
INSERT INTO district (district_id, district_label, country_ref) VALUES (3, 'Midi-Pyrénées', 'http://www.geonames.org/3017382/republic-of-france.html');
INSERT INTO district (district_id, district_label, country_ref) VALUES (4, 'Franche-Comté', 'http://www.geonames.org/3017382/republic-of-france.html');
INSERT INTO district (district_id, district_label, country_ref) VALUES (5, 'Languedoc-Roussillon', 'http://www.geonames.org/3017382/republic-of-france.html');
INSERT INTO district (district_id, district_label, country_ref) VALUES (6, 'Rhône-Alpes', 'http://www.geonames.org/3017382/republic-of-france.html');
INSERT INTO district (district_id, district_label, country_ref) VALUES (7, 'Nord-Pas-de-Calais', 'http://www.geonames.org/3017382/republic-of-france.html');
INSERT INTO district (district_id, district_label, country_ref) VALUES (8, 'Limousin', 'http://www.geonames.org/3017382/republic-of-france.html');
INSERT INTO district (district_id, district_label, country_ref) VALUES (9, 'Aquitaine', 'http://www.geonames.org/3017382/republic-of-france.html');
INSERT INTO district (district_id, district_label, country_ref) VALUES (10, 'Lorraine', 'http://www.geonames.org/3017382/republic-of-france.html');
INSERT INTO district (district_id, district_label, country_ref) VALUES (11, 'Poitou-Charentes', 'http://www.geonames.org/3017382/republic-of-france.html');
INSERT INTO district (district_id, district_label, country_ref) VALUES (12, 'Haute-Normandie', 'http://www.geonames.org/3017382/republic-of-france.html');
INSERT INTO district (district_id, district_label, country_ref) VALUES (13, 'PACA', 'http://www.geonames.org/3017382/republic-of-france.html');
INSERT INTO district (district_id, district_label, country_ref) VALUES (14, 'Pays de la Loire', 'http://www.geonames.org/3017382/republic-of-france.html');
INSERT INTO district (district_id, district_label, country_ref) VALUES (15, 'Basse-Normandie', 'http://www.geonames.org/3017382/republic-of-france.html');
INSERT INTO district (district_id, district_label, country_ref) VALUES (16, 'Islas Baleares', 'http://www.geonames.org/2510769/kingdom-of-spain.html');
INSERT INTO district (district_id, district_label, country_ref) VALUES (17, 'Bourgogne', 'http://www.geonames.org/3017382/republic-of-france.html');
INSERT INTO district (district_id, district_label, country_ref) VALUES (18, 'Centre', 'http://www.geonames.org/3017382/republic-of-france.html');
INSERT INTO district (district_id, district_label, country_ref) VALUES (19, 'Champagne-Ardenne', 'http://www.geonames.org/3017382/republic-of-france.html');
INSERT INTO district (district_id, district_label, country_ref) VALUES (20, 'Galicia', 'http://www.geonames.org/2510769/kingdom-of-spain.html');
INSERT INTO district (district_id, district_label, country_ref) VALUES (21, 'Grand Londres', 'http://www.geonames.org/2635167/united-kingdom-of-great-britain-and-northern-ireland.html');
INSERT INTO district (district_id, district_label, country_ref) VALUES (22, 'Normandie', 'http://www.geonames.org/3017382/republic-of-france.html');
INSERT INTO district (district_id, district_label, country_ref) VALUES (23, 'Auvergne', 'http://www.geonames.org/3017382/republic-of-france.html');
INSERT INTO district (district_id, district_label, country_ref) VALUES (24, 'Jihomoravský kraj [Moravie du sud]', 'http://www.geonames.org/2510769/kingdom-of-spain.html');
INSERT INTO document (doc_id, title, subtitle, creation, creation_lab, copy_year, copy_cent, institution, pressmark, regest, date_cre, date_maj) VALUES (20, 'Acte sous le sceau de l’officialité épiscopale de Beauvais', 'Une opération de remembrement : la vente à l’abbaye Saint-Germer-de-Fly d’une terre tenue à champart', 1248, '1248', null, null, 'http://data.bnf.fr/ark:/12148/cb12381002j', null, null, null, null);
INSERT INTO document (doc_id, title, subtitle, creation, creation_lab, copy_year, copy_cent, institution, pressmark, regest, date_cre, date_maj) VALUES (22, 'Acte sous le sceau de l’officialité épiscopale de Meaux', 'Une patiente politique d’acquisition : vente de terre aux cisterciens de Chaalis', 1251, '1251', null, null, 'http://data.bnf.fr/ark:/12148/cb12381002j', null, null, null, null);
INSERT INTO document (doc_id, title, subtitle, creation, creation_lab, copy_year, copy_cent, institution, pressmark, regest, date_cre, date_maj) VALUES (23, 'Acte scellé par un chevalier (Multien)', 'Après le don : le chevalier Thomas d’Oissery s’engage, comme seigneur censuel, à garantir aux cisterciens de Chaalis des terres contestées', 1261, '1261', null, null, 'http://data.bnf.fr/ark:/12148/cb12381002j', null, null, null, null);
INSERT INTO document (doc_id, title, subtitle, creation, creation_lab, copy_year, copy_cent, institution, pressmark, regest, date_cre, date_maj) VALUES (24, 'Charte du roi de France Louis IX', 'L’accord du seigneur féodal : le roi, sur le chemin de la croisade, ratifie la vente à deux abbayes de Soissons d’un bois tenu de lui en arrière-fief', 1270, '1270', null, null, 'http://data.bnf.fr/ark:/12148/cb12381002j', null, null, null, null);
INSERT INTO document (doc_id, title, subtitle, creation, creation_lab, copy_year, copy_cent, institution, pressmark, regest, date_cre, date_maj) VALUES (25, 'Mandement du roi de France Philippe V', 'Une seigneurie difficile à tenir : le roi fait ouvrir une instruction sur les droits du comte de Périgord dans la seigneurie de Caussade qu’il vient d’acquérir du souverain', 1317, '1317', null, null, 'http://data.bnf.fr/ark:/12148/cb12381002j', null, null, null, null);
INSERT INTO document (doc_id, title, subtitle, creation, creation_lab, copy_year, copy_cent, institution, pressmark, regest, date_cre, date_maj) VALUES (26, 'Acte sous le sceau de la cour royale de Salins', 'La vente d’une vigne à Salins', 1296, '1296', null, null, 'cp', null, null, null, null);
INSERT INTO document (doc_id, title, subtitle, creation, creation_lab, copy_year, copy_cent, institution, pressmark, regest, date_cre, date_maj) VALUES (27, 'Chirographe co-scellé par les deux auteurs et par un cardinal-légat pontifical (Narbonnais)', 'Payer les fidélités au prix fort : Amaury de Montfort, comte de Toulouse, promet un château au vicomte de Narbonne', 1220, '1220', null, null, 'http://data.bnf.fr/ark:/12148/cb11862272t', null, null, null, null);
INSERT INTO document (doc_id, title, subtitle, creation, creation_lab, copy_year, copy_cent, institution, pressmark, regest, date_cre, date_maj) VALUES (31, 'Mandement du dauphin de Viennois', 'L’apprentissage du pouvoir : commission du dauphin Louis (futur roi de France Louis XI) pour la prise de possession de seigneuries échangées', 1447, '1447', null, null, 'http://data.bnf.fr/ark:/12148/cb11862272t', null, null, null, null);
INSERT INTO document (doc_id, title, subtitle, creation, creation_lab, copy_year, copy_cent, institution, pressmark, regest, date_cre, date_maj) VALUES (32, 'Acte de la comtesse de Boulogne', 'Entre époux et enfants : la comtesse Mahaut de Boulogne s’engage envers ses héritiers', 1242, '1242', null, null, null, null, null, null, null);
INSERT INTO document (doc_id, title, subtitle, creation, creation_lab, copy_year, copy_cent, institution, pressmark, regest, date_cre, date_maj) VALUES (33, 'Chirographe co-scellé par l’abbé de Moissac et le comte de Toulouse (Quercy)', 'L’hommage du comte : convention entre l’abbé de Moissac et Amaury de Montfort, comte de Toulouse', 1218, '1218', null, null, 'http://data.bnf.fr/ark:/12148/cb11862272t', null, null, null, null);
INSERT INTO document (doc_id, title, subtitle, creation, creation_lab, copy_year, copy_cent, institution, pressmark, regest, date_cre, date_maj) VALUES (34, 'Acte notarié (Gévaudan)', 'Six ans de retard : certificat relatif au paiement d’arrérages d’une rente assignée sur un péage en Gévaudan', 1325, '1325', null, null, 'http://data.bnf.fr/ark:/12148/cb12381002j', null, null, null, null);
INSERT INTO document (doc_id, title, subtitle, creation, creation_lab, copy_year, copy_cent, institution, pressmark, regest, date_cre, date_maj) VALUES (35, 'Acte sous le sceau de l’officialité épiscopale de Thérouanne', 'Quittance pour paiement de gages dus au titre de la guerre de Flandre', 1333, '1333', null, null, null, null, null, null, null);
INSERT INTO document (doc_id, title, subtitle, creation, creation_lab, copy_year, copy_cent, institution, pressmark, regest, date_cre, date_maj) VALUES (36, 'Notice sous un sceau consulaire (Limousin)', 'Au marché de Limoges : accord sur le cens à verser pour un étal de boucher', 1246, '1246', null, null, 'http://data.bnf.fr/ark:/12148/cb12118141m', 'H 8146', null, null, null);
INSERT INTO document (doc_id, title, subtitle, creation, creation_lab, copy_year, copy_cent, institution, pressmark, regest, date_cre, date_maj) VALUES (37, 'Acte scellé par un seigneur (Picardie)', 'Petits arrangements entre frères : Clarembaud, seigneur de Vendeuil, donne à son frère des rentes qu’il a rachetées à un bourgeois de Péronne', 1233, '1233', null, null, 'http://data.bnf.fr/ark:/12148/cb11862272t', null, null, null, null);
INSERT INTO document (doc_id, title, subtitle, creation, creation_lab, copy_year, copy_cent, institution, pressmark, regest, date_cre, date_maj) VALUES (38, 'Acte du trésorier royal de la sénéchaussée de Toulouse', 'Solder l’armée d’occupation : certificat des versements faits et à faire à un capitaine de l’armée royale en Gascogne', 1304, '1304', null, null, 'http://data.bnf.fr/ark:/12148/cb12381002j', null, null, null, null);
INSERT INTO document (doc_id, title, subtitle, creation, creation_lab, copy_year, copy_cent, institution, pressmark, regest, date_cre, date_maj) VALUES (39, 'Acte sous les sceaux de l’officialité archidiaconale de Verdun et d’un seigneur (Lorraine) ', 'Un montage féodal complexe : reprises et cessions d’un fief épiscopal en cascade', 1317, '1317', null, null, 'http://data.bnf.fr/ark:/12148/cb12381002j', null, null, null, null);
INSERT INTO document (doc_id, title, subtitle, creation, creation_lab, copy_year, copy_cent, institution, pressmark, regest, date_cre, date_maj) VALUES (40, 'Attache de la Chambre des comptes et des généraux des finances pour l’exécution d’un acte du roi de France', 'Le laborieux paiement de la dot d’une fille de roi : Michèle de France reçoit, en l’attente du versement, les revenus des châtellenies de Péronne, Roye et Montdidier', 1418, '1418', null, null, 'http://data.bnf.fr/ark:/12148/cb12381002j', null, null, null, null);
INSERT INTO document (doc_id, title, subtitle, creation, creation_lab, copy_year, copy_cent, institution, pressmark, regest, date_cre, date_maj) VALUES (41, 'Lettres pontificales sur fil de chanvre', 'Aux origines de la Sorbonne : le pape demande à l’évêque de Paris d’autoriser l’installation d’un oratoire dans le collège', 1268, '1268', null, null, 'http://data.bnf.fr/ark:/12148/cb11862272t', null, null, null, null);
INSERT INTO document (doc_id, title, subtitle, creation, creation_lab, copy_year, copy_cent, institution, pressmark, regest, date_cre, date_maj) VALUES (42, 'Acte sous les sceaux du chapitre cathédral de Toulouse et de son prévôt', 'Procuration pour un concile provincial convoqué à Béziers', 1277, '1277', null, null, 'http://data.bnf.fr/ark:/12148/cb12381002j', null, null, null, null);
INSERT INTO document (doc_id, title, subtitle, creation, creation_lab, copy_year, copy_cent, institution, pressmark, regest, date_cre, date_maj) VALUES (43, 'Acte du sénéchal royal de Saintonge-Angoumois', 'Des travaux qui traînent : mandement de faire procéder de toute urgence aux réparations du château de La Rochelle ordonnées par le roi', 1321, '1321', null, null, 'http://data.bnf.fr/ark:/12148/cb12381002j', null, null, null, null);
INSERT INTO document (doc_id, title, subtitle, creation, creation_lab, copy_year, copy_cent, institution, pressmark, regest, date_cre, date_maj) VALUES (44, 'Acte du sénéchal royal de Carcassonne-Béziers', 'Veiller aux frontières : mandat d’avance de gages à la garnison du château de Caramany', 1342, '1342', null, null, 'http://data.bnf.fr/ark:/12148/cb12381002j', null, null, null, null);
INSERT INTO document (doc_id, title, subtitle, creation, creation_lab, copy_year, copy_cent, institution, pressmark, regest, date_cre, date_maj) VALUES (45, 'Lettres pontificales sur fil de chanvre', 'Roi saint, sénéchal brigand ? Le pape mande au roi de France de faire restituer par son sénéchal de Beaucaire les biens de marchands génois qui se rendaient aux foires de Lagny en Champagne', 1245, '1245', null, null, 'http://data.bnf.fr/ark:/12148/cb11862272t', null, null, null, null);
INSERT INTO document (doc_id, title, subtitle, creation, creation_lab, copy_year, copy_cent, institution, pressmark, regest, date_cre, date_maj) VALUES (46, 'Acte scellé par un particulier (Normandie)', 'Masure, courtil, prox. route royale : un acte de vente normand', 1253, '1253', null, null, 'http://data.bnf.fr/ark:/12148/cb11862272t', null, null, null, null);
INSERT INTO document (doc_id, title, subtitle, creation, creation_lab, copy_year, copy_cent, institution, pressmark, regest, date_cre, date_maj) VALUES (47, 'Mandement du roi de Naples Robert, comte de Provence', 'Résistance à l’impôt : ordre de faire contribuer les récalcitrants au subside voté par la ville de Tarascon en échange de privilèges commerciaux', 1320, '1320', null, null, 'am_tarascon', null, null, null, null);
INSERT INTO document (doc_id, title, subtitle, creation, creation_lab, copy_year, copy_cent, institution, pressmark, regest, date_cre, date_maj) VALUES (48, 'Acte scellé par un notaire à titre personnel (Tarbes)', 'De notaire à notaire : procuration pour percevoir une somme due sur les caisses du roi en Bigorre', 1322, '1322', null, null, 'http://data.bnf.fr/ark:/12148/cb12381002j', null, null, null, null);
INSERT INTO document (doc_id, title, subtitle, creation, creation_lab, copy_year, copy_cent, institution, pressmark, regest, date_cre, date_maj) VALUES (49, 'Lettres pontificales sur lacs de soie', 'Aux Mathurins de Paris : la protection pontificale', 1344, '1344', null, null, 'http://data.bnf.fr/ark:/12148/cb11862272t', null, null, null, null);
INSERT INTO document (doc_id, title, subtitle, creation, creation_lab, copy_year, copy_cent, institution, pressmark, regest, date_cre, date_maj) VALUES (50, 'Lettres « de par le roi » du roi de France Jean le Bon', 'Père et fils : Jean le Bon impose au régent Charles, depuis Londres, le choix qu’il a fait d’un officier normand', 1357, '1357', null, null, 'http://data.bnf.fr/ark:/12148/cb12381002j', null, null, null, null);
INSERT INTO document (doc_id, title, subtitle, creation, creation_lab, copy_year, copy_cent, institution, pressmark, regest, date_cre, date_maj) VALUES (51, 'Acte de l’évêque du Mans', 'Les garanties de l’écrit : le précautionneux montage d’une donation pieuse aux cisterciens de Savigny', 1180, '1180', null, null, 'http://data.bnf.fr/ark:/12148/cb11862272t', 'L 969, n° 3', null, null, null);
INSERT INTO document (doc_id, title, subtitle, creation, creation_lab, copy_year, copy_cent, institution, pressmark, regest, date_cre, date_maj) VALUES (52, 'Charte du roi d’Angleterre Henri II, duc de Normandie', 'Une dotation royale : Henri II Plantagenet offre à Saint-Père de Chartres une rente annuelle de dix mille harengs en Normandie', 1172, '[1165-1172]', null, null, 'http://data.bnf.fr/ark:/12148/cb12381002j', null, null, null, null);
INSERT INTO document (doc_id, title, subtitle, creation, creation_lab, copy_year, copy_cent, institution, pressmark, regest, date_cre, date_maj) VALUES (53, 'Diplôme du roi de France Louis VII', 'Le ventre de Paris : le roi accorde l’immunité à une maison avec four aux Champeaux', 1138, '1137-1138', null, null, 'http://data.bnf.fr/ark:/12148/cb11862272t', 'K 23, n° 2', null, null, null);
INSERT INTO document (doc_id, title, subtitle, creation, creation_lab, copy_year, copy_cent, institution, pressmark, regest, date_cre, date_maj) VALUES (54, 'Notice monastique (Poitou)', 'Être le voisin de saint Maixent : dons et confirmations de dons à Saint-Maixent pour une entrée en religion', 1096, '1096', null, null, 'http://data.bnf.fr/ark:/12148/cb13197296q', null, null, null, null);
INSERT INTO document (doc_id, title, subtitle, creation, creation_lab, copy_year, copy_cent, institution, pressmark, regest, date_cre, date_maj) VALUES (55, 'Acte scellé par un seigneur (Dauphiné)', 'Une concession à la chartreuse de Berthaud', 1243, '1243', null, null, 'http://data.bnf.fr/ark:/12148/cb11864291k', null, null, null, null);
INSERT INTO document (doc_id, title, subtitle, creation, creation_lab, copy_year, copy_cent, institution, pressmark, regest, date_cre, date_maj) VALUES (58, 'Diplôme de l’empereur Frédéric II', 'Les ennemis de mes ennemis sont mes amis : Frédéric II investit Raimond VII de Toulouse du comté de Forcalquier dont il a prononcé la commise à l’encontre de Raimond Béranger V de Provence.', 1239, '1239', '[1240-1275 ca.]', 'XIII', 'http://data.bnf.fr/ark:/12148/cb11862272t', 'J 340, n° 21', null, null, null);
INSERT INTO document (doc_id, title, subtitle, creation, creation_lab, copy_year, copy_cent, institution, pressmark, regest, date_cre, date_maj) VALUES (59, 'Lettre de l’archevêque de Tyr', 'Une trop lourde charge : Gilles archevêque de Tyr annonce que le pape a refusé de le décharger de la prédication de la croisade', 1265, '1265', null, null, null, null, null, null, null);
INSERT INTO document (doc_id, title, subtitle, creation, creation_lab, copy_year, copy_cent, institution, pressmark, regest, date_cre, date_maj) VALUES (60, 'Acte laïc sous sceaux ecclésiastiques (Besançon, Dole et Rougemont)', 'Le testament d’un seigneur comtois', 1269, '1269', null, null, 'http://data.bnf.fr/ark:/12148/cb12381002j', 'nouv. acq. fr. 8761', null, null, null);
INSERT INTO document (doc_id, title, subtitle, creation, creation_lab, copy_year, copy_cent, institution, pressmark, regest, date_cre, date_maj) VALUES (61, 'Lettre de l’archevêque de Narbonne à six abbés de son diocèse', 'Signez la pétition : lettre circulaire pour la rédaction de procurations appuyant des remontrances au roi de France', 1277, '1277', null, null, null, null, null, null, null);
INSERT INTO document (doc_id, title, subtitle, creation, creation_lab, copy_year, copy_cent, institution, pressmark, regest, date_cre, date_maj) VALUES (62, 'Acte sous le sceau de la cour royale de Salins', 'Constitution de rente sur une vigne proche de Salins', 1296, '1296', null, null, null, null, null, null, null);
INSERT INTO document (doc_id, title, subtitle, creation, creation_lab, copy_year, copy_cent, institution, pressmark, regest, date_cre, date_maj) VALUES (63, 'Acte notarié scellé d’un sceau épiscopal (Dauphiné)', 'Un hôte encombrant : l’évêque de Gap reconnaît avoir demandé gîte à la chartreuse de Durbon avant que son droit à l’exercer ait été reconnu', 1304, '1304', null, null, null, null, null, null, null);
INSERT INTO document (doc_id, title, subtitle, creation, creation_lab, copy_year, copy_cent, institution, pressmark, regest, date_cre, date_maj) VALUES (64, 'Acte scellé par un particulier (Rouergue)', 'Le notaire enquêteur : quittance de gages pour une enquête réalisée dans la sénéchaussée royale de Rouergue', 1340, '1340', null, null, null, null, null, null, null);
INSERT INTO document (doc_id, title, subtitle, creation, creation_lab, copy_year, copy_cent, institution, pressmark, regest, date_cre, date_maj) VALUES (65, 'Acte de Nunyo Sanche, seigneur de Roussillon', 'Compromis à la catalane : le roi d’Aragon Jacques Ier se voit reconnaître le droit de nommer un viguier à Majorque', 1240, '1240', null, null, null, null, null, null, null);
INSERT INTO document (doc_id, title, subtitle, creation, creation_lab, copy_year, copy_cent, institution, pressmark, regest, date_cre, date_maj) VALUES (66, 'Serment (Nîmes)', 'Tenir le château : serment de fidélité prêté pour le château de Bernis à la vicomtesse de Nîmes', 1159, '[1159]', null, null, 'http://data.bnf.fr/ark:/12148/cb11862272t', null, null, null, null);
INSERT INTO document (doc_id, title, subtitle, creation, creation_lab, copy_year, copy_cent, institution, pressmark, regest, date_cre, date_maj) VALUES (67, 'Acte de Guillaume comte de Ponthieu (copie sous le sceau de la châtellenie d’Exmes, 1487)', 'La chaîne de la tradition : don du XIIe, copie du XVe', 1171, '[1157-1171]', '1487', 'XV', 'http://data.bnf.fr/ark:/12148/cb12381002j', null, null, null, null);
INSERT INTO document (doc_id, title, subtitle, creation, creation_lab, copy_year, copy_cent, institution, pressmark, regest, date_cre, date_maj) VALUES (68, 'Acte dressé par un prêtre (Roussillon)', 'Un accensement de vignes', 1116, '1116', null, null, 'http://data.bnf.fr/ark:/12148/cb118653855', 'B 63', null, null, null);
INSERT INTO document (doc_id, title, subtitle, creation, creation_lab, copy_year, copy_cent, institution, pressmark, regest, date_cre, date_maj) VALUES (69, 'Précepte du roi de France Charles le Chauve (copie de cartulaire, XIIe siècle)', 'Alimenter les fidélités : don de terres par Charles le Chauve à un fidèle bourguignon', 842, '842', '[1101-1200 ca.] ', 'XII', 'http://data.bnf.fr/ark:/12148/cb12068304t', null, null, null, null);
INSERT INTO document (doc_id, title, subtitle, creation, creation_lab, copy_year, copy_cent, institution, pressmark, regest, date_cre, date_maj) VALUES (70, 'Notice monastique (Val de Loire)', 'Le douaire d’une reine : don d’une forêt à Marmoutier par Bertrade, veuve du roi de France Philippe Ier', 1115, '1115', null, null, 'http://data.bnf.fr/ark:/12148/cb118714563', null, null, null, null);
INSERT INTO document (doc_id, title, subtitle, creation, creation_lab, copy_year, copy_cent, institution, pressmark, regest, date_cre, date_maj) VALUES (71, 'Acte de l’évêque d’Amiens en forme de chirographe', 'Répartir les profits du culte : accord entre patron et curé', 1199, '1199', null, null, 'http://data.bnf.fr/ark:/12148/cb12381002j', null, null, null, null);
INSERT INTO document (doc_id, title, subtitle, creation, creation_lab, copy_year, copy_cent, institution, pressmark, regest, date_cre, date_maj) VALUES (72, 'Mandement de l’archevêque de Reims (vidimus contemporain sous le sceau de l’officialité archidiaconale de Reims)', 'L’appui du bras spirituel : l’archevêque enjoint d’aider à la levée d’une imposition par la commune de Reims', 1255, '1255', '1255', 'XIII', null, null, null, null, null);
INSERT INTO document (doc_id, title, subtitle, creation, creation_lab, copy_year, copy_cent, institution, pressmark, regest, date_cre, date_maj) VALUES (73, 'Acte de l’administration royale (Paris)', 'Des payeurs récalcitrants : rapport d’un sergent du Châtelet aux Requêtes du Palais', 1375, '1375', null, null, 'http://data.bnf.fr/ark:/12148/cb11862272t', 'S 952 n° 2', null, null, null);
INSERT INTO document (doc_id, title, subtitle, creation, creation_lab, copy_year, copy_cent, institution, pressmark, regest, date_cre, date_maj) VALUES (74, 'Acte d’Urraka, fille du roi de León et de Castille Alphonse VI', 'Un don royal à l’abbaye de Cluny : l’infante Urraka, dame de Galice, offre le monastère de Pombeiro', 1109, '1109', '[1109-1200 ca.]', 'XII', 'http://data.bnf.fr/ark:/12148/cb12381002j', null, null, null, null);
INSERT INTO document (doc_id, title, subtitle, creation, creation_lab, copy_year, copy_cent, institution, pressmark, regest, date_cre, date_maj) VALUES (75, 'Chirographe d’échevinage (Valenciennes)', 'Entre gens de bien et devant hommes d’honneur : la dotation des jeunes époux', 1430, '1430', null, null, 'http://data.bnf.fr/ark:/12148/cb11885523k', null, null, null, null);
INSERT INTO document (doc_id, title, subtitle, creation, creation_lab, copy_year, copy_cent, institution, pressmark, regest, date_cre, date_maj) VALUES (76, 'Lettre du comte de Savoie Amédée IV', 'Payez la dot ! Une relance pressante aux exécuteurs testamentaires du comte de Toulouse Raimond VII', 1251, '1251', null, null, 'http://data.bnf.fr/ark:/12148/cb11862272t', 'J 310 n° 39', null, null, null);
INSERT INTO document (doc_id, title, subtitle, creation, creation_lab, copy_year, copy_cent, institution, pressmark, regest, date_cre, date_maj) VALUES (77, 'Lettres patentes sur double queue du roi de France Louis XI', 'Une Flandre souveraine : acte d’application du traité de Péronne', 1468, '1468', null, null, 'http://data.bnf.fr/ark:/12148/cb12381002j', null, null, null, null);
INSERT INTO document (doc_id, title, subtitle, creation, creation_lab, copy_year, copy_cent, institution, pressmark, regest, date_cre, date_maj) VALUES (78, 'Acte sous le sceau du doyen de chrétienté de Verberie (diocèse Soissons)', 'Charité bien ordonnée : don et échange de terre d’un bourgeois de Compiègne aux cisterciens de Chaalis', 1239, '1239', null, null, 'cp_bigne', null, null, null, null);
INSERT INTO document (doc_id, title, subtitle, creation, creation_lab, copy_year, copy_cent, institution, pressmark, regest, date_cre, date_maj) VALUES (79, 'Acte co-scellé par le bailli royal du Cotentin et par un chevalier', 'Une rente sur un moulin : petits arrangements et grandes garanties en faveur des cisterciennes de Mortain', 1276, '1276', null, null, null, null, null, null, null);
INSERT INTO document (doc_id, title, subtitle, creation, creation_lab, copy_year, copy_cent, institution, pressmark, regest, date_cre, date_maj) VALUES (80, 'Acte scellé par un seigneur (Picardie)', 'Préparer le défrichement : accord entre l’abbaye de Prémontré et le seigneur de Ham sur le défrichement d’un bois', 1177, '1177', null, null, 'http://data.bnf.fr/ark:/12148/cb12006185c', null, null, null, null);
INSERT INTO document (doc_id, title, subtitle, creation, creation_lab, copy_year, copy_cent, institution, pressmark, regest, date_cre, date_maj) VALUES (81, 'Diplôme du roi de France Robert le Pieux (vidimus au Châtelet de Paris, 1279)', 'Fidèles et sanctuaires : confirmation par le roi de dons faits à l’abbaye Saint-Maur-des-Fossés à Evry et à Lisses', 999, '999', '1279', 'XIII', 'http://data.bnf.fr/ark:/12148/cb11862272t', 'S 1165 n° 13', null, null, null);
INSERT INTO document (doc_id, title, subtitle, creation, creation_lab, copy_year, copy_cent, institution, pressmark, regest, date_cre, date_maj) VALUES (82, 'Acte sous le sceau du doyen du chapitre cathédral de Paris', 'Transactions immobilières et gestion des prébendes : accensement d’une maison par le chancelier de la cathédrale', 1192, '1192', null, null, null, null, null, null, null);
INSERT INTO document (doc_id, title, subtitle, creation, creation_lab, copy_year, copy_cent, institution, pressmark, regest, date_cre, date_maj) VALUES (83, 'Charte du roi d’Angleterre Henri II', 'Ordre princier, ordre cistercien : la régularisation de l’ermitage de Beaugerais, remis à l’abbaye cistercienne du Loroux', 1189, '[1177-1189]', null, null, 'http://data.bnf.fr/ark:/12148/cb118714563', null, null, null, null);
INSERT INTO document (doc_id, title, subtitle, creation, creation_lab, copy_year, copy_cent, institution, pressmark, regest, date_cre, date_maj) VALUES (84, 'Acte scellé par un bourgeois (Guyenne)', 'Parole de Gascons : une dette contractée à Londres et remboursable à Bordeaux', 1293, '1293', null, null, 'http://data.bnf.fr/ark:/12148/cb11865380f', null, null, null, null);
INSERT INTO document (doc_id, title, subtitle, creation, creation_lab, copy_year, copy_cent, institution, pressmark, regest, date_cre, date_maj) VALUES (85, 'Acte de justice seigneuriale (Normandie)', 'Aux plaids de la seigneurie : aveu et dénombrement de tenure', 1500, '1500', null, null, null, null, null, null, null);
INSERT INTO document (doc_id, title, subtitle, creation, creation_lab, copy_year, copy_cent, institution, pressmark, regest, date_cre, date_maj) VALUES (86, 'Acte sous le sceau de l’officialité épiscopale de Paris', 'Le prix de la maîtrise : une cave et un étal pour entrer en Boucherie', 1276, '1276', null, null, 'cp_meyer', null, null, null, null);
INSERT INTO document (doc_id, title, subtitle, creation, creation_lab, copy_year, copy_cent, institution, pressmark, regest, date_cre, date_maj) VALUES (87, 'Charte du roi d’Angleterre Jean sans Terre', 'Le roi et les ermites : les Grandmontains du Parc de Rouen', 1199, '1199', null, null, 'http://data.bnf.fr/ark:/12148/cb118714563', null, null, null, null);
INSERT INTO document (doc_id, title, subtitle, creation, creation_lab, copy_year, copy_cent, institution, pressmark, regest, date_cre, date_maj) VALUES (88, 'Acte de l’archevêque de Sens', 'L’archevêque, les moines, la paroisse : concession d’autel à Saint-Germain-des-Prés', 1109, '1109', null, null, null, null, null, null, null);
INSERT INTO document (doc_id, title, subtitle, creation, creation_lab, copy_year, copy_cent, institution, pressmark, regest, date_cre, date_maj) VALUES (89, 'Acte du bailli royal de Bourges', 'Un trou dans la muraille : autorisation de percement accordée aux Templiers à Issoudun', 1298, '1298', null, null, null, null, null, null, null);
INSERT INTO document (doc_id, title, subtitle, creation, creation_lab, copy_year, copy_cent, institution, pressmark, regest, date_cre, date_maj) VALUES (90, 'Diplôme du roi de France Philippe Auguste', 'Partage de dépouilles normandes : un échange entre le roi et le comte Renaud de Boulogne', 1204, '1204', null, null, null, null, null, null, null);
INSERT INTO document (doc_id, title, subtitle, creation, creation_lab, copy_year, copy_cent, institution, pressmark, regest, date_cre, date_maj) VALUES (91, 'Acte scellé et signé par un chanoine, procureur d’abbaye (Perche)', 'Paris, rive droite : circulation d’une rente sur une maison en la Mortellerie, dans la censive de l’abbaye de Thiron', 1407, '1407', null, null, null, null, null, null, null);
INSERT INTO document (doc_id, title, subtitle, creation, creation_lab, copy_year, copy_cent, institution, pressmark, regest, date_cre, date_maj) VALUES (92, 'Attache de la Chambre des comptes et des trésoriers du roi de France', 'Ordres en cascade et médiations administratives : l’exécution d’une souffrance d’hommage pour un fief normand', 1413, '1413', null, null, null, null, null, null, null);
INSERT INTO document (doc_id, title, subtitle, creation, creation_lab, copy_year, copy_cent, institution, pressmark, regest, date_cre, date_maj) VALUES (93, 'Acte d’Eudes, sire de Bourbon, fils aîné du duc de Bourgogne ', 'Hériter des charges : Eudes de Bourbon reconnaît les dettes et legs des Châtillon', 1250, '1250', null, null, null, null, null, null, null);
INSERT INTO document (doc_id, title, subtitle, creation, creation_lab, copy_year, copy_cent, institution, pressmark, regest, date_cre, date_maj) VALUES (94, 'Acte scellé par un seigneur (Bourgogne)', 'Aux confins des principautés : reprise de fief et hommages liges en Bourgogne', 1265, '1265', null, null, null, null, null, null, null);
INSERT INTO document (doc_id, title, subtitle, creation, creation_lab, copy_year, copy_cent, institution, pressmark, regest, date_cre, date_maj) VALUES (95, 'Lettres pontificales (copie contemporaine au registre pontifical)', 'Le pape, le roi, les moniales : confirmations de dons d’églises de Brno à des cisterciennes de Moravie', 1261, '1261', '1261', 'XIII', 'http://data.bnf.fr/ark:/12148/cb12381002j', null, null, null, null);
INSERT INTO documentFromCountry (doc_id, country_ref) VALUES (20, 'http://www.geonames.org/3017382/republic-of-france.html');
INSERT INTO documentFromCountry (doc_id, country_ref) VALUES (22, 'http://www.geonames.org/3017382/republic-of-france.html');
INSERT INTO documentFromCountry (doc_id, country_ref) VALUES (23, 'http://www.geonames.org/3017382/republic-of-france.html');
INSERT INTO documentFromCountry (doc_id, country_ref) VALUES (24, 'http://www.geonames.org/3017382/republic-of-france.html');
INSERT INTO documentFromCountry (doc_id, country_ref) VALUES (25, 'http://www.geonames.org/3017382/republic-of-france.html');
INSERT INTO documentFromCountry (doc_id, country_ref) VALUES (26, 'http://www.geonames.org/3017382/republic-of-france.html');
INSERT INTO documentFromCountry (doc_id, country_ref) VALUES (27, 'http://www.geonames.org/3017382/republic-of-france.html');
INSERT INTO documentFromCountry (doc_id, country_ref) VALUES (31, 'http://www.geonames.org/3017382/republic-of-france.html');
INSERT INTO documentFromCountry (doc_id, country_ref) VALUES (32, 'http://www.geonames.org/3017382/republic-of-france.html');
INSERT INTO documentFromCountry (doc_id, country_ref) VALUES (33, 'http://www.geonames.org/3017382/republic-of-france.html');
INSERT INTO documentFromCountry (doc_id, country_ref) VALUES (34, 'http://www.geonames.org/3017382/republic-of-france.html');
INSERT INTO documentFromCountry (doc_id, country_ref) VALUES (35, 'http://www.geonames.org/3017382/republic-of-france.html');
INSERT INTO documentFromCountry (doc_id, country_ref) VALUES (36, 'http://www.geonames.org/3017382/republic-of-france.html');
INSERT INTO documentFromCountry (doc_id, country_ref) VALUES (37, 'http://www.geonames.org/3017382/republic-of-france.html');
INSERT INTO documentFromCountry (doc_id, country_ref) VALUES (38, 'http://www.geonames.org/3017382/republic-of-france.html');
INSERT INTO documentFromCountry (doc_id, country_ref) VALUES (39, 'http://www.geonames.org/3017382/republic-of-france.html');
INSERT INTO documentFromCountry (doc_id, country_ref) VALUES (40, 'http://www.geonames.org/3017382/republic-of-france.html');
INSERT INTO documentFromCountry (doc_id, country_ref) VALUES (41, 'http://www.geonames.org/3017382/republic-of-france.html');
INSERT INTO documentFromCountry (doc_id, country_ref) VALUES (42, 'http://www.geonames.org/3017382/republic-of-france.html');
INSERT INTO documentFromCountry (doc_id, country_ref) VALUES (43, 'http://www.geonames.org/3017382/republic-of-france.html');
INSERT INTO documentFromCountry (doc_id, country_ref) VALUES (44, 'http://www.geonames.org/3017382/republic-of-france.html');
INSERT INTO documentFromCountry (doc_id, country_ref) VALUES (45, 'http://www.geonames.org/3017382/republic-of-france.html');
INSERT INTO documentFromCountry (doc_id, country_ref) VALUES (46, 'http://www.geonames.org/3017382/republic-of-france.html');
INSERT INTO documentFromCountry (doc_id, country_ref) VALUES (47, 'http://www.geonames.org/3017382/republic-of-france.html');
INSERT INTO documentFromCountry (doc_id, country_ref) VALUES (48, 'http://www.geonames.org/3017382/republic-of-france.html');
INSERT INTO documentFromCountry (doc_id, country_ref) VALUES (49, 'http://www.geonames.org/3017382/republic-of-france.html');
INSERT INTO documentFromCountry (doc_id, country_ref) VALUES (50, 'http://www.geonames.org/3017382/republic-of-france.html');
INSERT INTO documentFromCountry (doc_id, country_ref) VALUES (51, 'http://www.geonames.org/3017382/republic-of-france.html');
INSERT INTO documentFromCountry (doc_id, country_ref) VALUES (52, 'http://www.geonames.org/3017382/republic-of-france.html');
INSERT INTO documentFromCountry (doc_id, country_ref) VALUES (53, 'http://www.geonames.org/3017382/republic-of-france.html');
INSERT INTO documentFromCountry (doc_id, country_ref) VALUES (54, 'http://www.geonames.org/3017382/republic-of-france.html');
INSERT INTO documentFromCountry (doc_id, country_ref) VALUES (55, 'http://www.geonames.org/3017382/republic-of-france.html');
INSERT INTO documentFromCountry (doc_id, country_ref) VALUES (59, 'http://www.geonames.org/3017382/republic-of-france.html');
INSERT INTO documentFromCountry (doc_id, country_ref) VALUES (60, 'http://www.geonames.org/3017382/republic-of-france.html');
INSERT INTO documentFromCountry (doc_id, country_ref) VALUES (61, 'http://www.geonames.org/3017382/republic-of-france.html');
INSERT INTO documentFromCountry (doc_id, country_ref) VALUES (62, 'http://www.geonames.org/3017382/republic-of-france.html');
INSERT INTO documentFromCountry (doc_id, country_ref) VALUES (63, 'http://www.geonames.org/3017382/republic-of-france.html');
INSERT INTO documentFromCountry (doc_id, country_ref) VALUES (64, 'http://www.geonames.org/3017382/republic-of-france.html');
INSERT INTO documentFromCountry (doc_id, country_ref) VALUES (65, 'http://www.geonames.org/3017382/republic-of-france.html');
INSERT INTO documentFromCountry (doc_id, country_ref) VALUES (65, 'http://www.geonames.org/2510769/kingdom-of-spain.html');
INSERT INTO documentFromCountry (doc_id, country_ref) VALUES (66, 'http://www.geonames.org/3017382/republic-of-france.html');
INSERT INTO documentFromCountry (doc_id, country_ref) VALUES (67, 'http://www.geonames.org/3017382/republic-of-france.html');
INSERT INTO documentFromCountry (doc_id, country_ref) VALUES (68, 'http://www.geonames.org/3017382/republic-of-france.html');
INSERT INTO documentFromCountry (doc_id, country_ref) VALUES (69, 'http://www.geonames.org/3017382/republic-of-france.html');
INSERT INTO documentFromCountry (doc_id, country_ref) VALUES (70, 'http://www.geonames.org/3017382/republic-of-france.html');
INSERT INTO documentFromCountry (doc_id, country_ref) VALUES (71, 'http://www.geonames.org/3017382/republic-of-france.html');
INSERT INTO documentFromCountry (doc_id, country_ref) VALUES (72, 'http://www.geonames.org/3017382/republic-of-france.html');
INSERT INTO documentFromCountry (doc_id, country_ref) VALUES (73, 'http://www.geonames.org/3017382/republic-of-france.html');
INSERT INTO documentFromCountry (doc_id, country_ref) VALUES (74, 'http://www.geonames.org/3017382/republic-of-france.html');
INSERT INTO documentFromCountry (doc_id, country_ref) VALUES (74, 'http://www.geonames.org/2510769/kingdom-of-spain.html');
INSERT INTO documentFromCountry (doc_id, country_ref) VALUES (75, 'http://www.geonames.org/3017382/republic-of-france.html');
INSERT INTO documentFromCountry (doc_id, country_ref) VALUES (76, 'http://www.geonames.org/3017382/republic-of-france.html');
INSERT INTO documentFromCountry (doc_id, country_ref) VALUES (77, 'http://www.geonames.org/3017382/republic-of-france.html');
INSERT INTO documentFromCountry (doc_id, country_ref) VALUES (78, 'http://www.geonames.org/3017382/republic-of-france.html');
INSERT INTO documentFromCountry (doc_id, country_ref) VALUES (79, 'http://www.geonames.org/3017382/republic-of-france.html');
INSERT INTO documentFromCountry (doc_id, country_ref) VALUES (80, 'http://www.geonames.org/3017382/republic-of-france.html');
INSERT INTO documentFromCountry (doc_id, country_ref) VALUES (81, 'http://www.geonames.org/3017382/republic-of-france.html');
INSERT INTO documentFromCountry (doc_id, country_ref) VALUES (82, 'http://www.geonames.org/3017382/republic-of-france.html');
INSERT INTO documentFromCountry (doc_id, country_ref) VALUES (83, 'http://www.geonames.org/3017382/republic-of-france.html');
INSERT INTO documentFromCountry (doc_id, country_ref) VALUES (84, 'http://www.geonames.org/3017382/republic-of-france.html');
INSERT INTO documentFromCountry (doc_id, country_ref) VALUES (84, 'http://www.geonames.org/2635167/united-kingdom-of-great-britain-and-northern-ireland.html');
INSERT INTO documentFromCountry (doc_id, country_ref) VALUES (85, 'http://www.geonames.org/3017382/republic-of-france.html');
INSERT INTO documentFromCountry (doc_id, country_ref) VALUES (86, 'http://www.geonames.org/3017382/republic-of-france.html');
INSERT INTO documentFromCountry (doc_id, country_ref) VALUES (87, 'http://www.geonames.org/3017382/republic-of-france.html');
INSERT INTO documentFromCountry (doc_id, country_ref) VALUES (88, 'http://www.geonames.org/3017382/republic-of-france.html');
INSERT INTO documentFromCountry (doc_id, country_ref) VALUES (89, 'http://www.geonames.org/3017382/republic-of-france.html');
INSERT INTO documentFromCountry (doc_id, country_ref) VALUES (90, 'http://www.geonames.org/3017382/republic-of-france.html');
INSERT INTO documentFromCountry (doc_id, country_ref) VALUES (91, 'http://www.geonames.org/3017382/republic-of-france.html');
INSERT INTO documentFromCountry (doc_id, country_ref) VALUES (92, 'http://www.geonames.org/3017382/republic-of-france.html');
INSERT INTO documentFromCountry (doc_id, country_ref) VALUES (93, 'http://www.geonames.org/3017382/republic-of-france.html');
INSERT INTO documentFromCountry (doc_id, country_ref) VALUES (94, 'http://www.geonames.org/3017382/republic-of-france.html');
INSERT INTO documentFromCountry (doc_id, country_ref) VALUES (95, 'http://www.geonames.org/3077311/czechia.html');
INSERT INTO documentFromCountry (doc_id, country_ref) VALUES (58, 'http://www.geonames.org/3017382/republic-of-france.html');
INSERT INTO documentFromDistrict (doc_id, district_id) VALUES (20, 'Picardie');
INSERT INTO documentFromDistrict (doc_id, district_id) VALUES (22, 'Ile-de-France');
INSERT INTO documentFromDistrict (doc_id, district_id) VALUES (23, 'Ile-de-France');
INSERT INTO documentFromDistrict (doc_id, district_id) VALUES (24, 'Picardie');
INSERT INTO documentFromDistrict (doc_id, district_id) VALUES (25, 'Midi-Pyrénées');
INSERT INTO documentFromDistrict (doc_id, district_id) VALUES (26, 'Franche-Comté');
INSERT INTO documentFromDistrict (doc_id, district_id) VALUES (27, 'Languedoc-Roussillon');
INSERT INTO documentFromDistrict (doc_id, district_id) VALUES (31, 'Rhône-Alpes');
INSERT INTO documentFromDistrict (doc_id, district_id) VALUES (32, 'Nord-Pas-de-Calais');
INSERT INTO documentFromDistrict (doc_id, district_id) VALUES (33, 'Midi-Pyrénées');
INSERT INTO documentFromDistrict (doc_id, district_id) VALUES (34, 'Languedoc-Roussillon');
INSERT INTO documentFromDistrict (doc_id, district_id) VALUES (35, 'Nord-Pas-de-Calais');
INSERT INTO documentFromDistrict (doc_id, district_id) VALUES (36, 'Limousin');
INSERT INTO documentFromDistrict (doc_id, district_id) VALUES (37, 'Picardie');
INSERT INTO documentFromDistrict (doc_id, district_id) VALUES (38, 'Languedoc-Roussillon');
INSERT INTO documentFromDistrict (doc_id, district_id) VALUES (38, 'Aquitaine');
INSERT INTO documentFromDistrict (doc_id, district_id) VALUES (39, 'Lorraine');
INSERT INTO documentFromDistrict (doc_id, district_id) VALUES (40, 'Picardie');
INSERT INTO documentFromDistrict (doc_id, district_id) VALUES (41, 'Ile-de-France');
INSERT INTO documentFromDistrict (doc_id, district_id) VALUES (42, 'Midi-Pyrénées');
INSERT INTO documentFromDistrict (doc_id, district_id) VALUES (43, 'Poitou-Charentes');
INSERT INTO documentFromDistrict (doc_id, district_id) VALUES (44, 'Languedoc-Roussillon');
INSERT INTO documentFromDistrict (doc_id, district_id) VALUES (45, 'Languedoc-Roussillon');
INSERT INTO documentFromDistrict (doc_id, district_id) VALUES (46, 'Haute-Normandie');
INSERT INTO documentFromDistrict (doc_id, district_id) VALUES (47, 'PACA');
INSERT INTO documentFromDistrict (doc_id, district_id) VALUES (48, 'Midi-Pyrénées');
INSERT INTO documentFromDistrict (doc_id, district_id) VALUES (49, 'Ile-de-France');
INSERT INTO documentFromDistrict (doc_id, district_id) VALUES (50, 'Haute-Normandie');
INSERT INTO documentFromDistrict (doc_id, district_id) VALUES (51, 'Pays de la Loire');
INSERT INTO documentFromDistrict (doc_id, district_id) VALUES (52, 'Basse-Normandie');
INSERT INTO documentFromDistrict (doc_id, district_id) VALUES (53, 'Ile-de-France');
INSERT INTO documentFromDistrict (doc_id, district_id) VALUES (54, 'Poitou-Charentes');
INSERT INTO documentFromDistrict (doc_id, district_id) VALUES (55, 'PACA');
INSERT INTO documentFromDistrict (doc_id, district_id) VALUES (58, 'PACA');
INSERT INTO documentFromDistrict (doc_id, district_id) VALUES (60, 'Franche-Comté');
INSERT INTO documentFromDistrict (doc_id, district_id) VALUES (61, 'Languedoc-Roussillon');
INSERT INTO documentFromDistrict (doc_id, district_id) VALUES (62, 'Franche-Comté');
INSERT INTO documentFromDistrict (doc_id, district_id) VALUES (63, 'PACA');
INSERT INTO documentFromDistrict (doc_id, district_id) VALUES (64, 'Midi-Pyrénées');
INSERT INTO documentFromDistrict (doc_id, district_id) VALUES (65, 'Languedoc-Roussillon');
INSERT INTO documentFromDistrict (doc_id, district_id) VALUES (65, 'Islas Baleares');
INSERT INTO documentFromDistrict (doc_id, district_id) VALUES (66, 'Languedoc-Roussillon');
INSERT INTO documentFromDistrict (doc_id, district_id) VALUES (67, 'Basse-Normandie');
INSERT INTO documentFromDistrict (doc_id, district_id) VALUES (68, 'Languedoc-Roussillon');
INSERT INTO documentFromDistrict (doc_id, district_id) VALUES (69, 'Bourgogne');
INSERT INTO documentFromDistrict (doc_id, district_id) VALUES (70, 'Centre');
INSERT INTO documentFromDistrict (doc_id, district_id) VALUES (71, 'Picardie');
INSERT INTO documentFromDistrict (doc_id, district_id) VALUES (72, 'Champagne-Ardenne');
INSERT INTO documentFromDistrict (doc_id, district_id) VALUES (73, 'Ile-de-France');
INSERT INTO documentFromDistrict (doc_id, district_id) VALUES (74, 'Bourgogne');
INSERT INTO documentFromDistrict (doc_id, district_id) VALUES (74, 'Galicia');
INSERT INTO documentFromDistrict (doc_id, district_id) VALUES (75, 'Nord-Pas-de-Calais');
INSERT INTO documentFromDistrict (doc_id, district_id) VALUES (76, 'Rhône-Alpes');
INSERT INTO documentFromDistrict (doc_id, district_id) VALUES (76, 'Midi-Pyrénées');
INSERT INTO documentFromDistrict (doc_id, district_id) VALUES (77, 'Nord-Pas-de-Calais');
INSERT INTO documentFromDistrict (doc_id, district_id) VALUES (78, 'Picardie');
INSERT INTO documentFromDistrict (doc_id, district_id) VALUES (79, 'Basse-Normandie');
INSERT INTO documentFromDistrict (doc_id, district_id) VALUES (80, 'Picardie');
INSERT INTO documentFromDistrict (doc_id, district_id) VALUES (81, 'Ile-de-France');
INSERT INTO documentFromDistrict (doc_id, district_id) VALUES (82, 'Ile-de-France');
INSERT INTO documentFromDistrict (doc_id, district_id) VALUES (83, 'Centre');
INSERT INTO documentFromDistrict (doc_id, district_id) VALUES (84, 'Aquitaine');
INSERT INTO documentFromDistrict (doc_id, district_id) VALUES (84, 'Grand Londres');
INSERT INTO documentFromDistrict (doc_id, district_id) VALUES (85, 'Haute-Normandie');
INSERT INTO documentFromDistrict (doc_id, district_id) VALUES (86, 'Ile-de-France');
INSERT INTO documentFromDistrict (doc_id, district_id) VALUES (87, 'Haute-Normandie');
INSERT INTO documentFromDistrict (doc_id, district_id) VALUES (88, 'Ile-de-France');
INSERT INTO documentFromDistrict (doc_id, district_id) VALUES (89, 'Centre');
INSERT INTO documentFromDistrict (doc_id, district_id) VALUES (90, 'Normandie');
INSERT INTO documentFromDistrict (doc_id, district_id) VALUES (91, 'Ile-de-France');
INSERT INTO documentFromDistrict (doc_id, district_id) VALUES (91, 'Centre');
INSERT INTO documentFromDistrict (doc_id, district_id) VALUES (92, 'Normandie');
INSERT INTO documentFromDistrict (doc_id, district_id) VALUES (93, 'Auvergne');
INSERT INTO documentFromDistrict (doc_id, district_id) VALUES (94, 'Bourgogne');
INSERT INTO documentFromDistrict (doc_id, district_id) VALUES (95, 'Jihomoravský kraj [Moravie du sud]');
INSERT INTO documentHasLanguage (doc_id, lang_code) VALUES (20, 'lat');
INSERT INTO documentHasLanguage (doc_id, lang_code) VALUES (22, 'lat');
INSERT INTO documentHasLanguage (doc_id, lang_code) VALUES (23, 'lat');
INSERT INTO documentHasLanguage (doc_id, lang_code) VALUES (24, 'lat');
INSERT INTO documentHasLanguage (doc_id, lang_code) VALUES (25, 'lat');
INSERT INTO documentHasLanguage (doc_id, lang_code) VALUES (26, 'fre');
INSERT INTO documentHasLanguage (doc_id, lang_code) VALUES (27, 'lat');
INSERT INTO documentHasLanguage (doc_id, lang_code) VALUES (31, 'fre');
INSERT INTO documentHasLanguage (doc_id, lang_code) VALUES (32, 'lat');
INSERT INTO documentHasLanguage (doc_id, lang_code) VALUES (33, 'lat');
INSERT INTO documentHasLanguage (doc_id, lang_code) VALUES (34, 'lat');
INSERT INTO documentHasLanguage (doc_id, lang_code) VALUES (35, 'lat');
INSERT INTO documentHasLanguage (doc_id, lang_code) VALUES (36, 'oci');
INSERT INTO documentHasLanguage (doc_id, lang_code) VALUES (37, 'lat');
INSERT INTO documentHasLanguage (doc_id, lang_code) VALUES (38, 'lat');
INSERT INTO documentHasLanguage (doc_id, lang_code) VALUES (39, 'fre');
INSERT INTO documentHasLanguage (doc_id, lang_code) VALUES (40, 'fre');
INSERT INTO documentHasLanguage (doc_id, lang_code) VALUES (41, 'lat');
INSERT INTO documentHasLanguage (doc_id, lang_code) VALUES (42, 'lat');
INSERT INTO documentHasLanguage (doc_id, lang_code) VALUES (43, 'lat');
INSERT INTO documentHasLanguage (doc_id, lang_code) VALUES (44, 'lat');
INSERT INTO documentHasLanguage (doc_id, lang_code) VALUES (45, 'lat');
INSERT INTO documentHasLanguage (doc_id, lang_code) VALUES (46, 'lat');
INSERT INTO documentHasLanguage (doc_id, lang_code) VALUES (47, 'lat');
INSERT INTO documentHasLanguage (doc_id, lang_code) VALUES (48, 'lat');
INSERT INTO documentHasLanguage (doc_id, lang_code) VALUES (49, 'lat');
INSERT INTO documentHasLanguage (doc_id, lang_code) VALUES (50, 'fre');
INSERT INTO documentHasLanguage (doc_id, lang_code) VALUES (51, 'lat');
INSERT INTO documentHasLanguage (doc_id, lang_code) VALUES (52, 'lat');
INSERT INTO documentHasLanguage (doc_id, lang_code) VALUES (53, 'lat');
INSERT INTO documentHasLanguage (doc_id, lang_code) VALUES (54, 'lat');
INSERT INTO documentHasLanguage (doc_id, lang_code) VALUES (55, 'lat');
INSERT INTO documentHasLanguage (doc_id, lang_code) VALUES (58, 'lat');
INSERT INTO documentHasLanguage (doc_id, lang_code) VALUES (59, 'lat');
INSERT INTO documentHasLanguage (doc_id, lang_code) VALUES (60, 'lat');
INSERT INTO documentHasLanguage (doc_id, lang_code) VALUES (61, 'lat');
INSERT INTO documentHasLanguage (doc_id, lang_code) VALUES (62, 'fre');
INSERT INTO documentHasLanguage (doc_id, lang_code) VALUES (63, 'lat');
INSERT INTO documentHasLanguage (doc_id, lang_code) VALUES (64, 'lat');
INSERT INTO documentHasLanguage (doc_id, lang_code) VALUES (65, 'lat');
INSERT INTO documentHasLanguage (doc_id, lang_code) VALUES (66, 'lat');
INSERT INTO documentHasLanguage (doc_id, lang_code) VALUES (67, 'lat');
INSERT INTO documentHasLanguage (doc_id, lang_code) VALUES (68, 'lat');
INSERT INTO documentHasLanguage (doc_id, lang_code) VALUES (69, 'lat');
INSERT INTO documentHasLanguage (doc_id, lang_code) VALUES (70, 'lat');
INSERT INTO documentHasLanguage (doc_id, lang_code) VALUES (71, 'lat');
INSERT INTO documentHasLanguage (doc_id, lang_code) VALUES (72, 'lat');
INSERT INTO documentHasLanguage (doc_id, lang_code) VALUES (73, 'fre');
INSERT INTO documentHasLanguage (doc_id, lang_code) VALUES (74, 'lat');
INSERT INTO documentHasLanguage (doc_id, lang_code) VALUES (75, 'fre');
INSERT INTO documentHasLanguage (doc_id, lang_code) VALUES (76, 'lat');
INSERT INTO documentHasLanguage (doc_id, lang_code) VALUES (77, 'fre');
INSERT INTO documentHasLanguage (doc_id, lang_code) VALUES (78, 'lat');
INSERT INTO documentHasLanguage (doc_id, lang_code) VALUES (79, 'fre');
INSERT INTO documentHasLanguage (doc_id, lang_code) VALUES (80, 'lat');
INSERT INTO documentHasLanguage (doc_id, lang_code) VALUES (81, 'lat');
INSERT INTO documentHasLanguage (doc_id, lang_code) VALUES (82, 'lat');
INSERT INTO documentHasLanguage (doc_id, lang_code) VALUES (83, 'lat');
INSERT INTO documentHasLanguage (doc_id, lang_code) VALUES (84, 'fre');
INSERT INTO documentHasLanguage (doc_id, lang_code) VALUES (85, 'fre');
INSERT INTO documentHasLanguage (doc_id, lang_code) VALUES (86, 'lat');
INSERT INTO documentHasLanguage (doc_id, lang_code) VALUES (88, 'lat');
INSERT INTO documentHasLanguage (doc_id, lang_code) VALUES (89, 'fre');
INSERT INTO documentHasLanguage (doc_id, lang_code) VALUES (90, 'lat');
INSERT INTO documentHasLanguage (doc_id, lang_code) VALUES (91, 'fre');
INSERT INTO documentHasLanguage (doc_id, lang_code) VALUES (92, 'fre');
INSERT INTO documentHasLanguage (doc_id, lang_code) VALUES (93, 'fre');
INSERT INTO documentHasLanguage (doc_id, lang_code) VALUES (94, 'fre');
INSERT INTO documentHasLanguage (doc_id, lang_code) VALUES (66, 'oci');
INSERT INTO documentHasLanguage (doc_id, lang_code) VALUES (67, 'fre');
INSERT INTO documentHasLanguage (doc_id, lang_code) VALUES (81, 'fre');
INSERT INTO documentHasTradition (doc_id, tradition_id) VALUES (20, 'orig');
INSERT INTO documentHasTradition (doc_id, tradition_id) VALUES (22, 'orig');
INSERT INTO documentHasTradition (doc_id, tradition_id) VALUES (23, 'orig');
INSERT INTO documentHasTradition (doc_id, tradition_id) VALUES (24, 'orig');
INSERT INTO documentHasTradition (doc_id, tradition_id) VALUES (25, 'orig');
INSERT INTO documentHasTradition (doc_id, tradition_id) VALUES (26, 'orig');
INSERT INTO documentHasTradition (doc_id, tradition_id) VALUES (27, 'orig_multiple');
INSERT INTO documentHasTradition (doc_id, tradition_id) VALUES (31, 'orig');
INSERT INTO documentHasTradition (doc_id, tradition_id) VALUES (32, 'orig');
INSERT INTO documentHasTradition (doc_id, tradition_id) VALUES (33, 'orig_multiple');
INSERT INTO documentHasTradition (doc_id, tradition_id) VALUES (34, 'orig');
INSERT INTO documentHasTradition (doc_id, tradition_id) VALUES (35, 'orig');
INSERT INTO documentHasTradition (doc_id, tradition_id) VALUES (36, 'orig');
INSERT INTO documentHasTradition (doc_id, tradition_id) VALUES (37, 'orig');
INSERT INTO documentHasTradition (doc_id, tradition_id) VALUES (38, 'orig');
INSERT INTO documentHasTradition (doc_id, tradition_id) VALUES (39, 'orig');
INSERT INTO documentHasTradition (doc_id, tradition_id) VALUES (40, 'orig');
INSERT INTO documentHasTradition (doc_id, tradition_id) VALUES (41, 'orig');
INSERT INTO documentHasTradition (doc_id, tradition_id) VALUES (42, 'orig');
INSERT INTO documentHasTradition (doc_id, tradition_id) VALUES (43, 'orig');
INSERT INTO documentHasTradition (doc_id, tradition_id) VALUES (44, 'orig');
INSERT INTO documentHasTradition (doc_id, tradition_id) VALUES (45, 'orig');
INSERT INTO documentHasTradition (doc_id, tradition_id) VALUES (46, 'orig');
INSERT INTO documentHasTradition (doc_id, tradition_id) VALUES (47, 'orig');
INSERT INTO documentHasTradition (doc_id, tradition_id) VALUES (48, 'orig');
INSERT INTO documentHasTradition (doc_id, tradition_id) VALUES (49, 'orig');
INSERT INTO documentHasTradition (doc_id, tradition_id) VALUES (50, 'orig');
INSERT INTO documentHasTradition (doc_id, tradition_id) VALUES (51, 'orig');
INSERT INTO documentHasTradition (doc_id, tradition_id) VALUES (52, 'orig');
INSERT INTO documentHasTradition (doc_id, tradition_id) VALUES (53, 'orig');
INSERT INTO documentHasTradition (doc_id, tradition_id) VALUES (54, 'orig');
INSERT INTO documentHasTradition (doc_id, tradition_id) VALUES (55, 'orig');
INSERT INTO documentHasTradition (doc_id, tradition_id) VALUES (59, 'orig');
INSERT INTO documentHasTradition (doc_id, tradition_id) VALUES (60, 'orig');
INSERT INTO documentHasTradition (doc_id, tradition_id) VALUES (61, 'orig');
INSERT INTO documentHasTradition (doc_id, tradition_id) VALUES (62, 'orig');
INSERT INTO documentHasTradition (doc_id, tradition_id) VALUES (63, 'orig');
INSERT INTO documentHasTradition (doc_id, tradition_id) VALUES (64, 'orig');
INSERT INTO documentHasTradition (doc_id, tradition_id) VALUES (65, 'orig');
INSERT INTO documentHasTradition (doc_id, tradition_id) VALUES (66, 'orig');
INSERT INTO documentHasTradition (doc_id, tradition_id) VALUES (67, 'cp_authentique');
INSERT INTO documentHasTradition (doc_id, tradition_id) VALUES (68, 'orig');
INSERT INTO documentHasTradition (doc_id, tradition_id) VALUES (69, 'cartulaire');
INSERT INTO documentHasTradition (doc_id, tradition_id) VALUES (70, 'orig');
INSERT INTO documentHasTradition (doc_id, tradition_id) VALUES (71, 'orig_multiple');
INSERT INTO documentHasTradition (doc_id, tradition_id) VALUES (72, 'cp_authentique');
INSERT INTO documentHasTradition (doc_id, tradition_id) VALUES (73, 'orig');
INSERT INTO documentHasTradition (doc_id, tradition_id) VALUES (74, 'orige');
INSERT INTO documentHasTradition (doc_id, tradition_id) VALUES (75, 'orig_multiple');
INSERT INTO documentHasTradition (doc_id, tradition_id) VALUES (76, 'orig');
INSERT INTO documentHasTradition (doc_id, tradition_id) VALUES (77, 'orig');
INSERT INTO documentHasTradition (doc_id, tradition_id) VALUES (78, 'orig');
INSERT INTO documentHasTradition (doc_id, tradition_id) VALUES (79, 'orig');
INSERT INTO documentHasTradition (doc_id, tradition_id) VALUES (80, 'orig');
INSERT INTO documentHasTradition (doc_id, tradition_id) VALUES (81, 'cp_authentique');
INSERT INTO documentHasTradition (doc_id, tradition_id) VALUES (82, 'orig');
INSERT INTO documentHasTradition (doc_id, tradition_id) VALUES (83, 'orig');
INSERT INTO documentHasTradition (doc_id, tradition_id) VALUES (84, 'orig');
INSERT INTO documentHasTradition (doc_id, tradition_id) VALUES (85, 'orig');
INSERT INTO documentHasTradition (doc_id, tradition_id) VALUES (86, 'orig');
INSERT INTO documentHasTradition (doc_id, tradition_id) VALUES (87, 'orig');
INSERT INTO documentHasTradition (doc_id, tradition_id) VALUES (88, 'orig');
INSERT INTO documentHasTradition (doc_id, tradition_id) VALUES (89, 'orig');
INSERT INTO documentHasTradition (doc_id, tradition_id) VALUES (90, 'orig');
INSERT INTO documentHasTradition (doc_id, tradition_id) VALUES (91, 'orig');
INSERT INTO documentHasTradition (doc_id, tradition_id) VALUES (92, 'orig');
INSERT INTO documentHasTradition (doc_id, tradition_id) VALUES (93, 'orig');
INSERT INTO documentHasTradition (doc_id, tradition_id) VALUES (94, 'orig');
INSERT INTO documentHasTradition (doc_id, tradition_id) VALUES (58, 'cp_informe');
INSERT INTO documentHasTradition (doc_id, tradition_id) VALUES (58, 'cp_figuree');
INSERT INTO documentHasTradition (doc_id, tradition_id) VALUES (81, 'cp_figuree');
INSERT INTO documentHasTradition (doc_id, tradition_id) VALUES (74, 'cp_informe');
INSERT INTO documentHasTradition (doc_id, tradition_id) VALUES (74, 'cp_figuree');
INSERT INTO documentHasTradition (doc_id, tradition_id) VALUES (69, 'cp_figuree');
INSERT INTO documentHasTypeActe (doc_id, type_id) VALUES (20, 12);
INSERT INTO documentHasTypeActe (doc_id, type_id) VALUES (22, 12);
INSERT INTO documentHasTypeActe (doc_id, type_id) VALUES (23, 2);
INSERT INTO documentHasTypeActe (doc_id, type_id) VALUES (24, 21);
INSERT INTO documentHasTypeActe (doc_id, type_id) VALUES (25, 21);
INSERT INTO documentHasTypeActe (doc_id, type_id) VALUES (26, 13);
INSERT INTO documentHasTypeActe (doc_id, type_id) VALUES (27, 15);
INSERT INTO documentHasTypeActe (doc_id, type_id) VALUES (27, 20);
INSERT INTO documentHasTypeActe (doc_id, type_id) VALUES (31, 20);
INSERT INTO documentHasTypeActe (doc_id, type_id) VALUES (32, 20);
INSERT INTO documentHasTypeActe (doc_id, type_id) VALUES (33, 20);
INSERT INTO documentHasTypeActe (doc_id, type_id) VALUES (33, 1);
INSERT INTO documentHasTypeActe (doc_id, type_id) VALUES (34, 16);
INSERT INTO documentHasTypeActe (doc_id, type_id) VALUES (34, 7);
INSERT INTO documentHasTypeActe (doc_id, type_id) VALUES (35, 12);
INSERT INTO documentHasTypeActe (doc_id, type_id) VALUES (35, 7);
INSERT INTO documentHasTypeActe (doc_id, type_id) VALUES (36, 18);
INSERT INTO documentHasTypeActe (doc_id, type_id) VALUES (36, 14);
INSERT INTO documentHasTypeActe (doc_id, type_id) VALUES (37, 2);
INSERT INTO documentHasTypeActe (doc_id, type_id) VALUES (38, 5);
INSERT INTO documentHasTypeActe (doc_id, type_id) VALUES (38, 7);
INSERT INTO documentHasTypeActe (doc_id, type_id) VALUES (39, 12);
INSERT INTO documentHasTypeActe (doc_id, type_id) VALUES (39, 3);
INSERT INTO documentHasTypeActe (doc_id, type_id) VALUES (40, 4);
INSERT INTO documentHasTypeActe (doc_id, type_id) VALUES (40, 7);
INSERT INTO documentHasTypeActe (doc_id, type_id) VALUES (41, 19);
INSERT INTO documentHasTypeActe (doc_id, type_id) VALUES (42, 6);
INSERT INTO documentHasTypeActe (doc_id, type_id) VALUES (43, 5);
INSERT INTO documentHasTypeActe (doc_id, type_id) VALUES (44, 5);
INSERT INTO documentHasTypeActe (doc_id, type_id) VALUES (44, 7);
INSERT INTO documentHasTypeActe (doc_id, type_id) VALUES (45, 19);
INSERT INTO documentHasTypeActe (doc_id, type_id) VALUES (46, 2);
INSERT INTO documentHasTypeActe (doc_id, type_id) VALUES (47, 21);
INSERT INTO documentHasTypeActe (doc_id, type_id) VALUES (48, 2);
INSERT INTO documentHasTypeActe (doc_id, type_id) VALUES (49, 19);
INSERT INTO documentHasTypeActe (doc_id, type_id) VALUES (50, 21);
INSERT INTO documentHasTypeActe (doc_id, type_id) VALUES (51, 11);
INSERT INTO documentHasTypeActe (doc_id, type_id) VALUES (52, 21);
INSERT INTO documentHasTypeActe (doc_id, type_id) VALUES (53, 21);
INSERT INTO documentHasTypeActe (doc_id, type_id) VALUES (54, 18);
INSERT INTO documentHasTypeActe (doc_id, type_id) VALUES (55, 2);
INSERT INTO documentHasTypeActe (doc_id, type_id) VALUES (58, 21);
INSERT INTO documentHasTypeActe (doc_id, type_id) VALUES (59, 11);
INSERT INTO documentHasTypeActe (doc_id, type_id) VALUES (60, 3);
INSERT INTO documentHasTypeActe (doc_id, type_id) VALUES (61, 11);
INSERT INTO documentHasTypeActe (doc_id, type_id) VALUES (62, 13);
INSERT INTO documentHasTypeActe (doc_id, type_id) VALUES (63, 11);
INSERT INTO documentHasTypeActe (doc_id, type_id) VALUES (63, 16);
INSERT INTO documentHasTypeActe (doc_id, type_id) VALUES (64, 2);
INSERT INTO documentHasTypeActe (doc_id, type_id) VALUES (64, 7);
INSERT INTO documentHasTypeActe (doc_id, type_id) VALUES (65, 20);
INSERT INTO documentHasTypeActe (doc_id, type_id) VALUES (66, 18);
INSERT INTO documentHasTypeActe (doc_id, type_id) VALUES (66, 9);
INSERT INTO documentHasTypeActe (doc_id, type_id) VALUES (67, 20);
INSERT INTO documentHasTypeActe (doc_id, type_id) VALUES (68, 17);
INSERT INTO documentHasTypeActe (doc_id, type_id) VALUES (69, 21);
INSERT INTO documentHasTypeActe (doc_id, type_id) VALUES (70, 18);
INSERT INTO documentHasTypeActe (doc_id, type_id) VALUES (71, 11);
INSERT INTO documentHasTypeActe (doc_id, type_id) VALUES (72, 11);
INSERT INTO documentHasTypeActe (doc_id, type_id) VALUES (72, 12);
INSERT INTO documentHasTypeActe (doc_id, type_id) VALUES (73, 4);
INSERT INTO documentHasTypeActe (doc_id, type_id) VALUES (73, 5);
INSERT INTO documentHasTypeActe (doc_id, type_id) VALUES (73, 10);
INSERT INTO documentHasTypeActe (doc_id, type_id) VALUES (74, 21);
INSERT INTO documentHasTypeActe (doc_id, type_id) VALUES (75, 14);
INSERT INTO documentHasTypeActe (doc_id, type_id) VALUES (76, 20);
INSERT INTO documentHasTypeActe (doc_id, type_id) VALUES (77, 21);
INSERT INTO documentHasTypeActe (doc_id, type_id) VALUES (78, 3);
INSERT INTO documentHasTypeActe (doc_id, type_id) VALUES (79, 13);
INSERT INTO documentHasTypeActe (doc_id, type_id) VALUES (79, 2);
INSERT INTO documentHasTypeActe (doc_id, type_id) VALUES (80, 2);
INSERT INTO documentHasTypeActe (doc_id, type_id) VALUES (81, 21);
INSERT INTO documentHasTypeActe (doc_id, type_id) VALUES (82, 6);
INSERT INTO documentHasTypeActe (doc_id, type_id) VALUES (83, 21);
INSERT INTO documentHasTypeActe (doc_id, type_id) VALUES (84, 2);
INSERT INTO documentHasTypeActe (doc_id, type_id) VALUES (85, 10);
INSERT INTO documentHasTypeActe (doc_id, type_id) VALUES (85, 8);
INSERT INTO documentHasTypeActe (doc_id, type_id) VALUES (86, 12);
INSERT INTO documentHasTypeActe (doc_id, type_id) VALUES (87, 21);
INSERT INTO documentHasTypeActe (doc_id, type_id) VALUES (88, 11);
INSERT INTO documentHasTypeActe (doc_id, type_id) VALUES (89, 5);
INSERT INTO documentHasTypeActe (doc_id, type_id) VALUES (90, 21);
INSERT INTO documentHasTypeActe (doc_id, type_id) VALUES (91, 2);
INSERT INTO documentHasTypeActe (doc_id, type_id) VALUES (91, 12);
INSERT INTO documentHasTypeActe (doc_id, type_id) VALUES (92, 4);
INSERT INTO documentHasTypeActe (doc_id, type_id) VALUES (92, 9);
INSERT INTO documentHasTypeActe (doc_id, type_id) VALUES (93, 20);
INSERT INTO documentHasTypeActe (doc_id, type_id) VALUES (94, 2);
INSERT INTO documentHasTypeActe (doc_id, type_id) VALUES (95, 19);
INSERT INTO institution (instit_ref, instit_name) VALUES ('http://data.bnf.fr/ark:/12148/cb12118141m', 'Archives départementales Haute-Vienne (France)');
INSERT INTO institution (instit_ref, instit_name) VALUES ('http://data.bnf.fr/ark:/12148/cb11864291k', 'Archives départementales Hautes-Alpes (France)');
INSERT INTO institution (instit_ref, instit_name) VALUES ('http://data.bnf.fr/ark:/12148/cb12006185c', 'Archives départementales Oise (France)');
INSERT INTO institution (instit_ref, instit_name) VALUES ('http://data.bnf.fr/ark:/12148/cb11865380f', 'Archives départementales Pyrénées-Atlantiques (France)');
INSERT INTO institution (instit_ref, instit_name) VALUES ('http://data.bnf.fr/ark:/12148/cb118653855', 'Archives départementales Pyrénées-Orientales (France)');
INSERT INTO institution (instit_ref, instit_name) VALUES ('am_tarascon', 'Archives municipales Tarascon (France)');
INSERT INTO institution (instit_ref, instit_name) VALUES ('http://data.bnf.fr/ark:/12148/cb11885523k', 'Archives municipales Valenciennes (France)');
INSERT INTO institution (instit_ref, instit_name) VALUES ('http://data.bnf.fr/ark:/12148/cb11862272t', 'Archives nationales (France)');
INSERT INTO institution (instit_ref, instit_name) VALUES ('http://data.bnf.fr/ark:/12148/cb12068304t', 'Biblioteca San Lorenzo (Florence, Italie)');
INSERT INTO institution (instit_ref, instit_name) VALUES ('http://data.bnf.fr/ark:/12148/cb12381002j', 'Bibliothèque nationale de France');
INSERT INTO institution (instit_ref, instit_name) VALUES ('http://data.bnf.fr/ark:/12148/cb118714563', 'British Library');
INSERT INTO institution (instit_ref, instit_name) VALUES ('cp', 'Collection privée');
INSERT INTO institution (instit_ref, instit_name) VALUES ('http://data.bnf.fr/ark:/12148/cb13197296q', 'Collection privée (« Cabinet B. Fillon à Fontenay-Vendée »)');
INSERT INTO institution (instit_ref, instit_name) VALUES ('cp_bigne', 'Collection privée (« Mr de la Bigne »)');
INSERT INTO institution (instit_ref, instit_name) VALUES ('cp_meyer', 'Collection privée (« Paul Meyer »)');
INSERT INTO language (lang_code, lang_label) VALUES ('fre', 'Français');
INSERT INTO language (lang_code, lang_label) VALUES ('lat', 'Latin');
INSERT INTO language (lang_code, lang_label) VALUES ('oci', 'Occitan');
INSERT INTO sqlite_master (type, name, tbl_name, rootpage, sql) VALUES ('table', 'sqlite_sequence', 'sqlite_sequence', 10, 'CREATE TABLE sqlite_sequence(name,seq)');
INSERT INTO sqlite_master (type, name, tbl_name, rootpage, sql) VALUES ('table', 'traduction_ptr_table', 'traduction_ptr_table', 9, 'CREATE TABLE "traduction_ptr_table" (
  "transc_id" integer,
  "trad_id" integer,
  "ptr_transc_deb" integer,
  "ptr_transc_fin" integer,
  "ptr_trad_deb" integer,
  "ptr_trad_fin" integer,
  CONSTRAINT "alignement_transcription_traduction" PRIMARY KEY ("transc_id", "trad_id"),
  CONSTRAINT "transcription" FOREIGN KEY ("transc_id") REFERENCES "transcription" ("transc_id") ON DELETE CASCADE ON UPDATE NO ACTION,
  CONSTRAINT "traduciton" FOREIGN KEY ("trad_id") REFERENCES "traduction" ("trad_id") ON DELETE CASCADE ON UPDATE NO ACTION
)');
INSERT INTO sqlite_master (type, name, tbl_name, rootpage, sql) VALUES ('index', 'sqlite_autoindex_traduction_ptr_table_1', 'traduction_ptr_table', 2, null);
INSERT INTO sqlite_master (type, name, tbl_name, rootpage, sql) VALUES ('table', 'facsimile_ptr_table', 'facsimile_ptr_table', 15, 'CREATE TABLE "facsimile_ptr_table" (
  "transc_id" integer,
  "zone_id" integer,
  "ptr_transc_deb" integer,
  "ptr_transc_fin" integer,
  CONSTRAINT "alignement_transcription_facsimile" PRIMARY KEY ("transc_id", "zone_id"),
  CONSTRAINT "transcription" FOREIGN KEY ("transc_id") REFERENCES "transcription" ("transc_id") ON DELETE CASCADE ON UPDATE NO ACTION,
  CONSTRAINT "zone" FOREIGN KEY ("zone_id") REFERENCES "zone_facsimile" ("zone_id") ON DELETE CASCADE
)');
INSERT INTO sqlite_master (type, name, tbl_name, rootpage, sql) VALUES ('index', 'sqlite_autoindex_facsimile_ptr_table_1', 'facsimile_ptr_table', 16, null);
INSERT INTO sqlite_master (type, name, tbl_name, rootpage, sql) VALUES ('table', 'type_acte', 'type_acte', 4, 'CREATE TABLE type_acte
(
    type_id INTEGER PRIMARY KEY AUTOINCREMENT NOT NULL,
    type_label TEXT NOT NULL
)');
INSERT INTO sqlite_master (type, name, tbl_name, rootpage, sql) VALUES ('index', 'type_acte_type_id_uindex', 'type_acte', 7, 'CREATE UNIQUE INDEX type_acte_type_id_uindex ON type_acte (type_id)');
INSERT INTO sqlite_master (type, name, tbl_name, rootpage, sql) VALUES ('index', 'type_acte_type_label_uindex', 'type_acte', 8, 'CREATE UNIQUE INDEX type_acte_type_label_uindex ON type_acte (type_label)');
INSERT INTO sqlite_master (type, name, tbl_name, rootpage, sql) VALUES ('table', 'documentHasTypeActe', 'documentHasTypeActe', 12, 'CREATE TABLE "documentHasTypeActe"
(
    doc_id INTEGER,
    type_id INTEGER,
    CONSTRAINT documentHasType_doc_id_type_id_pk PRIMARY KEY (doc_id, type_id),
    CONSTRAINT documentHasType_document_doc_id_fk FOREIGN KEY (doc_id) REFERENCES document (doc_id) ON DELETE CASCADE ON UPDATE CASCADE,
    CONSTRAINT documentHasType_type_acte_type_id_fk FOREIGN KEY (type_id) REFERENCES type_acte (type_id) ON DELETE CASCADE ON UPDATE CASCADE
)');
INSERT INTO sqlite_master (type, name, tbl_name, rootpage, sql) VALUES ('index', 'sqlite_autoindex_documentHasTypeActe_1', 'documentHasTypeActe', 17, null);
INSERT INTO sqlite_master (type, name, tbl_name, rootpage, sql) VALUES ('index', 'documentHasType_doc_id_type_id_uindex', 'documentHasTypeActe', 18, 'CREATE UNIQUE INDEX documentHasType_doc_id_type_id_uindex ON "documentHasTypeActe" (doc_id, type_id)');
INSERT INTO sqlite_master (type, name, tbl_name, rootpage, sql) VALUES ('table', 'language', 'language', 11, 'CREATE TABLE "language"
(
    lang_code TEXT,
    lang_label TEXT
)');
INSERT INTO sqlite_master (type, name, tbl_name, rootpage, sql) VALUES ('index', 'langage_langcode_uindex', 'language', 25, 'CREATE UNIQUE INDEX langage_langcode_uindex ON "language" (lang_code)');
INSERT INTO sqlite_master (type, name, tbl_name, rootpage, sql) VALUES ('index', 'langage_lang_label_index', 'language', 26, 'CREATE INDEX langage_lang_label_index ON "language" (lang_label)');
INSERT INTO sqlite_master (type, name, tbl_name, rootpage, sql) VALUES ('table', 'documentFromCountry', 'documentFromCountry', 34, 'CREATE TABLE documentFromCountry
(
    doc_id INTEGER NOT NULL,
    country_ref INTEGER NOT NULL,
    CONSTRAINT documentFromCountry_doc_id_country_ref_pk PRIMARY KEY (doc_id, country_ref),
    CONSTRAINT documentFromCountry_document_doc_id_fk FOREIGN KEY (doc_id) REFERENCES document (doc_id) ON DELETE CASCADE,
    CONSTRAINT documentFromCountry_country_country_ref_fk FOREIGN KEY (country_ref) REFERENCES country (country_ref) ON DELETE CASCADE
)');
INSERT INTO sqlite_master (type, name, tbl_name, rootpage, sql) VALUES ('index', 'sqlite_autoindex_documentFromCountry_1', 'documentFromCountry', 35, null);
INSERT INTO sqlite_master (type, name, tbl_name, rootpage, sql) VALUES ('index', 'documentFromCountry_doc_id_country_ref_uindex', 'documentFromCountry', 36, 'CREATE UNIQUE INDEX documentFromCountry_doc_id_country_ref_uindex ON documentFromCountry (doc_id, country_ref)');
INSERT INTO sqlite_master (type, name, tbl_name, rootpage, sql) VALUES ('table', 'institution', 'institution', 37, 'CREATE TABLE institution
(
    instit_ref TEXT PRIMARY KEY NOT NULL,
    instit_name INT NOT NULL
)');
INSERT INTO sqlite_master (type, name, tbl_name, rootpage, sql) VALUES ('index', 'sqlite_autoindex_institution_1', 'institution', 38, null);
INSERT INTO sqlite_master (type, name, tbl_name, rootpage, sql) VALUES ('index', 'institution_instit_ref_uindex', 'institution', 39, 'CREATE UNIQUE INDEX institution_instit_ref_uindex ON institution (instit_ref)');
INSERT INTO sqlite_master (type, name, tbl_name, rootpage, sql) VALUES ('table', 'tradition', 'tradition', 3, 'CREATE TABLE tradition
(
    tradition_id TEXT PRIMARY KEY NOT NULL,
    tradition_label TEXT NOT NULL
)');
INSERT INTO sqlite_master (type, name, tbl_name, rootpage, sql) VALUES ('index', 'sqlite_autoindex_tradition_1', 'tradition', 13, null);
INSERT INTO sqlite_master (type, name, tbl_name, rootpage, sql) VALUES ('index', 'tradition_tradition_id_uindex', 'tradition', 24, 'CREATE UNIQUE INDEX tradition_tradition_id_uindex ON tradition (tradition_id)');
INSERT INTO sqlite_master (type, name, tbl_name, rootpage, sql) VALUES ('index', 'tradition_tradition_label_index', 'tradition', 41, 'CREATE INDEX tradition_tradition_label_index ON tradition (tradition_label)');
INSERT INTO sqlite_master (type, name, tbl_name, rootpage, sql) VALUES ('table', 'zone_facsimile', 'zone_facsimile', 42, 'CREATE TABLE zone_facsimile
(
    zone_id INTEGER NOT NULL,
    zone_url TEXT NOT NULL,
    x1 INTEGER NOT NULL,
    y1 INTEGER NOT NULL,
    x2 INTEGER NOT NULL,
    y2 INTEGER NOT NULL,
    CONSTRAINT zone_facsimile_zone_id_zone_url_pk PRIMARY KEY (zone_id, zone_url)
)');
INSERT INTO sqlite_master (type, name, tbl_name, rootpage, sql) VALUES ('index', 'sqlite_autoindex_zone_facsimile_1', 'zone_facsimile', 43, null);
INSERT INTO sqlite_master (type, name, tbl_name, rootpage, sql) VALUES ('index', 'zone_facsimile_zone_url_index', 'zone_facsimile', 44, 'CREATE INDEX zone_facsimile_zone_url_index ON zone_facsimile (zone_url)');
INSERT INTO sqlite_master (type, name, tbl_name, rootpage, sql) VALUES ('index', 'zone_facsimile_zone_id_zone_url_uindex', 'zone_facsimile', 45, 'CREATE UNIQUE INDEX zone_facsimile_zone_id_zone_url_uindex ON zone_facsimile (zone_id, zone_url)');
INSERT INTO sqlite_master (type, name, tbl_name, rootpage, sql) VALUES ('table', 'type_commentary', 'type_commentary', 47, 'CREATE TABLE "type_commentary"
(
    type_id INTEGER PRIMARY KEY AUTOINCREMENT NOT NULL,
    type_label TEXT NOT NULL
)');
INSERT INTO sqlite_master (type, name, tbl_name, rootpage, sql) VALUES ('index', 'type_commentary_type_id_uindex', 'type_commentary', 48, 'CREATE UNIQUE INDEX type_commentary_type_id_uindex ON "type_commentary" (type_id)');
INSERT INTO sqlite_master (type, name, tbl_name, rootpage, sql) VALUES ('index', 'type_commentary_type_label_uindex', 'type_commentary', 50, 'CREATE UNIQUE INDEX type_commentary_type_label_uindex ON "type_commentary" (type_label)');
INSERT INTO sqlite_master (type, name, tbl_name, rootpage, sql) VALUES ('table', 'commentary', 'commentary', 51, 'CREATE TABLE "commentary"
(
    doc_id INTEGER NOT NULL,
    com_id INTEGER PRIMARY KEY,
    type_id INTEGER NOT NULL,
    content TEXT NOT NULL,
    CONSTRAINT commentary_document_doc_id_fk FOREIGN KEY (doc_id) REFERENCES document (doc_id),
    CONSTRAINT commentary_type_commentary_type_id_fk FOREIGN KEY (type_id) REFERENCES type_commentary (type_id)
)');
INSERT INTO sqlite_master (type, name, tbl_name, rootpage, sql) VALUES ('index', 'commentary_type_id_uindex', 'commentary', 52, 'CREATE UNIQUE INDEX commentary_type_id_uindex ON "commentary" (type_id)');
INSERT INTO sqlite_master (type, name, tbl_name, rootpage, sql) VALUES ('table', 'traduction', 'traduction', 56, 'CREATE TABLE "traduction"
(
    trad_id INTEGER PRIMARY KEY AUTOINCREMENT,
    doc_id INTEGER,
    content TEXT,
    CONSTRAINT document_id FOREIGN KEY (doc_id) REFERENCES document (doc_id) ON DELETE CASCADE
)');
INSERT INTO sqlite_master (type, name, tbl_name, rootpage, sql) VALUES ('table', 'transcription', 'transcription', 6, 'CREATE TABLE "transcription"
(
    transc_id INTEGER PRIMARY KEY AUTOINCREMENT,
    doc_id INTEGER,
    content TEXT,
    CONSTRAINT transcription_document FOREIGN KEY (doc_id) REFERENCES document (doc_id) ON DELETE CASCADE
)');
INSERT INTO sqlite_master (type, name, tbl_name, rootpage, sql) VALUES ('table', 'country', 'country', 30, 'CREATE TABLE country
(
	country_ref TEXT not null,
	country_label TEXT not null,
	constraint country_country_ref_pk
		primary key (country_ref)
)');
INSERT INTO sqlite_master (type, name, tbl_name, rootpage, sql) VALUES ('index', 'sqlite_autoindex_country_1', 'country', 31, null);
INSERT INTO sqlite_master (type, name, tbl_name, rootpage, sql) VALUES ('index', 'country_country_ref_uindex', 'country', 32, 'CREATE UNIQUE INDEX country_country_ref_uindex
	on country (country_ref)');
INSERT INTO sqlite_master (type, name, tbl_name, rootpage, sql) VALUES ('index', 'country_country_label_uindex', 'country', 33, 'CREATE UNIQUE INDEX country_country_label_uindex
	on country (country_label)');
INSERT INTO sqlite_master (type, name, tbl_name, rootpage, sql) VALUES ('table', 'documentHasTradition', 'documentHasTradition', 19, 'CREATE TABLE documentHasTradition
(
	doc_id INTEGER
		constraint documentHasTradition_document_doc_id_fk
			references document (doc_id)
				on delete cascade,
	tradition_id TEXT
		constraint documentHasTradition_tradition_tradition_id_fk
			references tradition (tradition_id)
				on delete cascade,
	constraint documentHasTradition_doc_id_tradition_id_pk
		primary key (doc_id, tradition_id)
)');
INSERT INTO sqlite_master (type, name, tbl_name, rootpage, sql) VALUES ('index', 'sqlite_autoindex_documentHasTradition_1', 'documentHasTradition', 20, null);
INSERT INTO sqlite_master (type, name, tbl_name, rootpage, sql) VALUES ('index', 'documentHasTradition_doc_id_tradition_id_uindex', 'documentHasTradition', 23, 'CREATE UNIQUE INDEX documentHasTradition_doc_id_tradition_id_uindex
	on documentHasTradition (doc_id, tradition_id)');
INSERT INTO sqlite_master (type, name, tbl_name, rootpage, sql) VALUES ('table', 'document', 'document', 5, 'CREATE TABLE document
(
	doc_id INTEGER
		primary key,
	title TEXT,
	subtitle TEXT,
	creation INTEGER,
	creation_lab TEXT,
	copy_year TEXT,
	copy_cent TEXT,
	institution TEXT
		constraint document_institution_instit_ref_fk
			references institution (instit_ref),
	pressmark TEXT,
  regest TEXT
, date_cre INTEGER NULL, date_maj INTEGER NULL)');
INSERT INTO sqlite_master (type, name, tbl_name, rootpage, sql) VALUES ('table', 'district', 'district', 14, 'CREATE TABLE "district"
(
    district_id INTEGER PRIMARY KEY AUTOINCREMENT,
    district_label TEXT,
    country_ref TEXT,
    CONSTRAINT district_country_country_ref_fk FOREIGN KEY (country_ref) REFERENCES country (country_ref)
)');
INSERT INTO sqlite_master (type, name, tbl_name, rootpage, sql) VALUES ('index', 'district_district_label_uindex', 'district', 62, 'CREATE UNIQUE INDEX district_district_label_uindex ON "district" (district_label)');
INSERT INTO sqlite_master (type, name, tbl_name, rootpage, sql) VALUES ('table', 'author', 'author', 49, 'CREATE TABLE author
(
    author_ref TEXT,
    author_name TEXT PRIMARY KEY
)');
INSERT INTO sqlite_master (type, name, tbl_name, rootpage, sql) VALUES ('index', 'sqlite_autoindex_author_1', 'author', 59, null);
INSERT INTO sqlite_master (type, name, tbl_name, rootpage, sql) VALUES ('index', 'author_author_ref_uindex', 'author', 70, 'CREATE UNIQUE INDEX author_author_ref_uindex ON author (author_ref)');
INSERT INTO sqlite_master (type, name, tbl_name, rootpage, sql) VALUES ('index', 'author_author_name_index', 'author', 71, 'CREATE INDEX author_author_name_index ON author (author_name)');
INSERT INTO sqlite_master (type, name, tbl_name, rootpage, sql) VALUES ('table', 'documentLinkedToDocument', 'documentLinkedToDocument', 58, 'CREATE TABLE "documentLinkedToDocument"
(
    doc_id INTEGER NOT NULL,
    linked_doc_id INTEGER NOT NULL,
    CONSTRAINT documentLinkedToDocument_doc_id_linked_doc_id_pk PRIMARY KEY (doc_id, linked_doc_id),
    CONSTRAINT documentLinkedToDocument_document_doc_id_fk FOREIGN KEY (doc_id) REFERENCES document (doc_id) ON DELETE CASCADE,
    CONSTRAINT documentLinkedToDocument_document_doc_id_fk FOREIGN KEY (linked_doc_id) REFERENCES document (doc_id) ON DELETE CASCADE
)');
INSERT INTO sqlite_master (type, name, tbl_name, rootpage, sql) VALUES ('index', 'sqlite_autoindex_documentLinkedToDocument_1', 'documentLinkedToDocument', 73, null);
INSERT INTO sqlite_master (type, name, tbl_name, rootpage, sql) VALUES ('index', 'documentLinkedToDocument_linked_doc_id_index', 'documentLinkedToDocument', 74, 'CREATE INDEX documentLinkedToDocument_linked_doc_id_index ON "documentLinkedToDocument" (linked_doc_id)');
INSERT INTO sqlite_master (type, name, tbl_name, rootpage, sql) VALUES ('table', 'documentFromDistrict', 'documentFromDistrict', 54, 'CREATE TABLE documentFromDistrict
(
    doc_id INTEGER,
    district_id INTEGER,
    CONSTRAINT documentFromDistrict_doc_id_district_id_pk PRIMARY KEY (doc_id, district_id),
    CONSTRAINT documentFromDistrict_document_doc_id_fk FOREIGN KEY (doc_id) REFERENCES document (doc_id) ON DELETE CASCADE,
    CONSTRAINT documentFromDistrict_district_district_id_fk FOREIGN KEY (district_id) REFERENCES district (district_id) ON DELETE CASCADE
)');
INSERT INTO sqlite_master (type, name, tbl_name, rootpage, sql) VALUES ('index', 'sqlite_autoindex_documentFromDistrict_1', 'documentFromDistrict', 69, null);
INSERT INTO sqlite_master (type, name, tbl_name, rootpage, sql) VALUES ('table', 'documentHasLanguage', 'documentHasLanguage', 27, 'CREATE TABLE documentHasLanguage
(
    doc_id INTEGER,
    lang_code TEXT,
    CONSTRAINT documentHasLangage_doc_id_lang_code_pk PRIMARY KEY (doc_id, lang_code),
    CONSTRAINT documentHasLangage_document_doc_id_fk FOREIGN KEY (doc_id) REFERENCES document (doc_id) ON DELETE CASCADE,
    CONSTRAINT documentHasLangage_langage_lang_code_fk FOREIGN KEY (lang_code) REFERENCES language (lang_code) ON DELETE CASCADE
)');
INSERT INTO sqlite_master (type, name, tbl_name, rootpage, sql) VALUES ('index', 'sqlite_autoindex_documentHasLanguage_1', 'documentHasLanguage', 28, null);
INSERT INTO sqlite_master (type, name, tbl_name, rootpage, sql) VALUES ('index', 'documentHasLangage_doc_id_lang_code_uindex', 'documentHasLanguage', 29, 'CREATE UNIQUE INDEX documentHasLangage_doc_id_lang_code_uindex ON documentHasLanguage (doc_id, lang_code)');
INSERT INTO sqlite_master (type, name, tbl_name, rootpage, sql) VALUES ('table', 'documentHasAuthor', 'documentHasAuthor', 57, 'CREATE TABLE documentHasAuthor
(
    doc_id INTEGER,
    author_name TEXT,
    CONSTRAINT documentHasAuthor_doc_id_author_name_pk PRIMARY KEY (doc_id, author_name),
    CONSTRAINT documentHasAuthor_document_doc_id_fk FOREIGN KEY (doc_id) REFERENCES document (doc_id) ON DELETE CASCADE,
    CONSTRAINT documentHasAuthor_author_author_name_fk FOREIGN KEY (author_name) REFERENCES author (author_name)
)');
INSERT INTO sqlite_master (type, name, tbl_name, rootpage, sql) VALUES ('index', 'sqlite_autoindex_documentHasAuthor_1', 'documentHasAuthor', 72, null);
INSERT INTO sqlite_sequence (name, seq) VALUES ('type_acte', 21);
INSERT INTO sqlite_sequence (name, seq) VALUES ('type_commentary', 6);
INSERT INTO sqlite_sequence (name, seq) VALUES ('traduction', 0);
INSERT INTO sqlite_sequence (name, seq) VALUES ('transcription', 0);
INSERT INTO sqlite_sequence (name, seq) VALUES ('district', 24);
INSERT INTO tradition (tradition_id, tradition_label) VALUES ('cartulaire', 'Cartulaire');
INSERT INTO tradition (tradition_id, tradition_label) VALUES ('cp_authentique', 'Copie authentique');
INSERT INTO tradition (tradition_id, tradition_label) VALUES ('cp_figuree', 'Copie figurée');
INSERT INTO tradition (tradition_id, tradition_label) VALUES ('cp_informe', 'Copie informe');
INSERT INTO tradition (tradition_id, tradition_label) VALUES ('orig', 'Original');
INSERT INTO tradition (tradition_id, tradition_label) VALUES ('orig_multiple', 'Original multiple');
INSERT INTO tradition (tradition_id, tradition_label) VALUES ('chancellerie', 'Registre de chancellerie');
INSERT INTO type_acte (type_id, type_label) VALUES (1, 'Abbé, maison religieuse');
INSERT INTO type_acte (type_id, type_label) VALUES (2, 'Actes privés sous le sceau et/ou la signature de l’auteur');
INSERT INTO type_acte (type_id, type_label) VALUES (3, 'Actes privés sous le/les sceaux d’autorités locales');
INSERT INTO type_acte (type_id, type_label) VALUES (4, 'Administration centrale');
INSERT INTO type_acte (type_id, type_label) VALUES (5, 'Administration locale');
INSERT INTO type_acte (type_id, type_label) VALUES (6, 'Chapitre cathédral');
INSERT INTO type_acte (type_id, type_label) VALUES (7, 'Documents comptables, financiers et fiscaux');
INSERT INTO type_acte (type_id, type_label) VALUES (8, 'Documents de gestion domaniale');
INSERT INTO type_acte (type_id, type_label) VALUES (9, 'Documents féodaux');
INSERT INTO type_acte (type_id, type_label) VALUES (10, 'Documents judiciaires');
INSERT INTO type_acte (type_id, type_label) VALUES (11, 'Evêque');
INSERT INTO type_acte (type_id, type_label) VALUES (12, 'Juridiction gracieuse ecclésiastique');
INSERT INTO type_acte (type_id, type_label) VALUES (13, 'Juridiction gracieuse laïque');
INSERT INTO type_acte (type_id, type_label) VALUES (14, 'Juridiction gracieuse municipale');
INSERT INTO type_acte (type_id, type_label) VALUES (15, 'Légat');
INSERT INTO type_acte (type_id, type_label) VALUES (16, 'Notaire public');
INSERT INTO type_acte (type_id, type_label) VALUES (17, 'Notariats traditionnels');
INSERT INTO type_acte (type_id, type_label) VALUES (18, 'Notices');
INSERT INTO type_acte (type_id, type_label) VALUES (19, 'Pape');
INSERT INTO type_acte (type_id, type_label) VALUES (20, 'Prince, comte…');
INSERT INTO type_acte (type_id, type_label) VALUES (21, 'Souverain');
INSERT INTO type_commentary (type_id, type_label) VALUES (1, 'Diplomatique');
INSERT INTO type_commentary (type_id, type_label) VALUES (2, 'Historique');
INSERT INTO type_commentary (type_id, type_label) VALUES (3, 'Juridique');
INSERT INTO type_commentary (type_id, type_label) VALUES (4, 'Paléographique');
INSERT INTO type_commentary (type_id, type_label) VALUES (5, 'Philologique');
INSERT INTO type_commentary (type_id, type_label) VALUES (6, 'Sigillographique');
INSERT INTO zone_facsimile (zone_id, zone_url, x1, y1, x2, y2) VALUES ('20/faxexternes.jpg', 'facsim-img_1', 14, 16, 785, 37);
INSERT INTO zone_facsimile (zone_id, zone_url, x1, y1, x2, y2) VALUES ('20/faxexternes.jpg', 'facsim-img_2', 13, 46, 779, 64);
INSERT INTO zone_facsimile (zone_id, zone_url, x1, y1, x2, y2) VALUES ('20/faxexternes.jpg', 'facsim-img_3', 8, 74, 800, 92);
INSERT INTO zone_facsimile (zone_id, zone_url, x1, y1, x2, y2) VALUES ('20/faxexternes.jpg', 'facsim-img_4', 10, 102, 805, 117);
INSERT INTO zone_facsimile (zone_id, zone_url, x1, y1, x2, y2) VALUES ('20/faxexternes.jpg', 'facsim-img_5', 7, 128, 791, 145);
INSERT INTO zone_facsimile (zone_id, zone_url, x1, y1, x2, y2) VALUES ('20/faxexternes.jpg', 'facsim-img_6', 14, 157, 793, 176);
INSERT INTO zone_facsimile (zone_id, zone_url, x1, y1, x2, y2) VALUES ('20/faxexternes.jpg', 'facsim-img_7', 12, 183, 796, 196);
INSERT INTO zone_facsimile (zone_id, zone_url, x1, y1, x2, y2) VALUES ('20/faxexternes.jpg', 'facsim-img_8', 14, 210, 791, 228);
INSERT INTO zone_facsimile (zone_id, zone_url, x1, y1, x2, y2) VALUES ('20/faxexternes.jpg', 'facsim-img_9', 12, 233, 784, 256);
INSERT INTO zone_facsimile (zone_id, zone_url, x1, y1, x2, y2) VALUES ('20/faxexternes.jpg', 'facsim-img_10', 11, 261, 792, 285);
INSERT INTO zone_facsimile (zone_id, zone_url, x1, y1, x2, y2) VALUES ('20/faxexternes.jpg', 'facsim-img_11', 9, 291, 790, 313);
INSERT INTO zone_facsimile (zone_id, zone_url, x1, y1, x2, y2) VALUES ('20/faxexternes.jpg', 'facsim-img_12', 8, 324, 790, 342);
INSERT INTO zone_facsimile (zone_id, zone_url, x1, y1, x2, y2) VALUES ('20/faxexternes.jpg', 'facsim-img_13', 5, 348, 785, 371);
INSERT INTO zone_facsimile (zone_id, zone_url, x1, y1, x2, y2) VALUES ('20/faxexternes.jpg', 'facsim-img_14', 10, 379, 776, 400);
INSERT INTO zone_facsimile (zone_id, zone_url, x1, y1, x2, y2) VALUES ('20/faxexternes.jpg', 'facsim-img_15', 9, 404, 786, 431);
INSERT INTO zone_facsimile (zone_id, zone_url, x1, y1, x2, y2) VALUES ('20/faxexternes.jpg', 'facsim-img_16', 6, 435, 789, 455);
INSERT INTO zone_facsimile (zone_id, zone_url, x1, y1, x2, y2) VALUES ('20/faxexternes.jpg', 'facsim-img_17', 6, 460, 788, 488);
INSERT INTO zone_facsimile (zone_id, zone_url, x1, y1, x2, y2) VALUES ('20/faxexternes.jpg', 'facsim-img_18', 3, 495, 486, 513);