INSERT INTO country (country_ref, country_label) VALUES ('http://www.geonames.org/3017382/republic-of-france.html', 'France');
INSERT INTO country (country_ref, country_label) VALUES ('http://www.geonames.org/2510769/kingdom-of-spain.html', 'Espagne');
INSERT INTO country (country_ref, country_label) VALUES ('http://www.geonames.org/2635167/united-kingdom-of-great-britain-and-northern-ireland.html', 'Angleterre');
INSERT INTO country (country_ref, country_label) VALUES ('http://www.geonames.org/3077311/czechia.html', 'République tchèque');
INSERT INTO district (district_id, district_label, country_ref) VALUES (1, 'Bourgogne', 'http://www.geonames.org/3017382/republic-of-france.html');
INSERT INTO document (doc_id, title, subtitle, creation, creation_lab, copy_year, copy_cent, institution, pressmark, regest) VALUES (20, 'Acte sous le sceau de l’officialité épiscopale de Beauvais', 'Une opération de remembrement : la vente à l’abbaye Saint-Germer-de-Fly d’une terre tenue à champart', 1248, '1248', '', '', 'Bibliothèque nationale de France', '', null);
INSERT INTO document (doc_id, title, subtitle, creation, creation_lab, copy_year, copy_cent, institution, pressmark, regest) VALUES (22, 'Acte sous le sceau de l’officialité épiscopale de Meaux', 'Une patiente politique d’acquisition : vente de terre aux cisterciens de Chaalis', 1251, '1251', '', '', 'Bibliothèque nationale de France', '', null);
INSERT INTO document (doc_id, title, subtitle, creation, creation_lab, copy_year, copy_cent, institution, pressmark, regest) VALUES (23, 'Acte scellé par un chevalier (Multien)', 'Après le don : le chevalier Thomas d’Oissery s’engage, comme seigneur censuel, à garantir aux cisterciens de Chaalis des terres contestées', 1261, '1261', '', '', 'Bibliothèque nationale de France', '', null);
INSERT INTO document (doc_id, title, subtitle, creation, creation_lab, copy_year, copy_cent, institution, pressmark, regest) VALUES (24, 'Charte du roi de France Louis IX', 'L’accord du seigneur féodal : le roi, sur le chemin de la croisade, ratifie la vente à deux abbayes de Soissons d’un bois tenu de lui en arrière-fief', 1270, '1270', '', '', 'Bibliothèque nationale de France', '', null);
INSERT INTO document (doc_id, title, subtitle, creation, creation_lab, copy_year, copy_cent, institution, pressmark, regest) VALUES (25, 'Mandement du roi de France Philippe V', 'Une seigneurie difficile à tenir : le roi fait ouvrir une instruction sur les droits du comte de Périgord dans la seigneurie de Caussade qu’il vient d’acquérir du souverain', 1317, '1317', '', '', 'Bibliothèque nationale de France', '', null);
INSERT INTO document (doc_id, title, subtitle, creation, creation_lab, copy_year, copy_cent, institution, pressmark, regest) VALUES (26, 'Acte sous le sceau de la cour royale de Salins', 'La vente d’une vigne à Salins', 1296, '1296', '', '', 'Collection privée', '', null);
INSERT INTO document (doc_id, title, subtitle, creation, creation_lab, copy_year, copy_cent, institution, pressmark, regest) VALUES (27, 'Chirographe co-scellé par les deux auteurs et par un cardinal-légat pontifical (Narbonnais)', 'Payer les fidélités au prix fort : Amaury de Montfort, comte de Toulouse, promet un château au vicomte de Narbonne', 1220, '1220', '', '', 'Archives nationales (France)', '', null);
INSERT INTO document (doc_id, title, subtitle, creation, creation_lab, copy_year, copy_cent, institution, pressmark, regest) VALUES (31, 'Mandement du dauphin de Viennois', 'L’apprentissage du pouvoir : commission du dauphin Louis (futur roi de France Louis XI) pour la prise de possession de seigneuries échangées', 1447, '1447', '', '', 'Archives nationales (France)', '', null);
INSERT INTO document (doc_id, title, subtitle, creation, creation_lab, copy_year, copy_cent, institution, pressmark, regest) VALUES (32, 'Acte de la comtesse de Boulogne', 'Entre époux et enfants : la comtesse Mahaut de Boulogne s’engage envers ses héritiers', 1242, '1242', '', '', '', '', null);
INSERT INTO document (doc_id, title, subtitle, creation, creation_lab, copy_year, copy_cent, institution, pressmark, regest) VALUES (33, 'Chirographe co-scellé par l’abbé de Moissac et le comte de Toulouse (Quercy)', 'L’hommage du comte : convention entre l’abbé de Moissac et Amaury de Montfort, comte de Toulouse', 1218, '1218', '', '', 'Archives nationales (France)', '', null);
INSERT INTO document (doc_id, title, subtitle, creation, creation_lab, copy_year, copy_cent, institution, pressmark, regest) VALUES (34, 'Acte notarié (Gévaudan)', 'Six ans de retard : certificat relatif au paiement d’arrérages d’une rente assignée sur un péage en Gévaudan', 1325, '1325', '', '', 'Bibliothèque nationale de France', '', null);
INSERT INTO document (doc_id, title, subtitle, creation, creation_lab, copy_year, copy_cent, institution, pressmark, regest) VALUES (35, 'Acte sous le sceau de l’officialité épiscopale de Thérouanne', 'Quittance pour paiement de gages dus au titre de la guerre de Flandre', 1333, '1333', '', '', '', '', null);
INSERT INTO document (doc_id, title, subtitle, creation, creation_lab, copy_year, copy_cent, institution, pressmark, regest) VALUES (36, 'Notice sous un sceau consulaire (Limousin)', 'Au marché de Limoges : accord sur le cens à verser pour un étal de boucher', 1246, '1246', '', '', 'Archives départementales Haute-Vienne (France)', 'H 8146', null);
INSERT INTO document (doc_id, title, subtitle, creation, creation_lab, copy_year, copy_cent, institution, pressmark, regest) VALUES (37, 'Acte scellé par un seigneur (Picardie)', 'Petits arrangements entre frères : Clarembaud, seigneur de Vendeuil, donne à son frère des rentes qu’il a rachetées à un bourgeois de Péronne', 1233, '1233', '', '', 'Archives nationales (France)', '', null);
INSERT INTO document (doc_id, title, subtitle, creation, creation_lab, copy_year, copy_cent, institution, pressmark, regest) VALUES (38, 'Acte du trésorier royal de la sénéchaussée de Toulouse', 'Solder l’armée d’occupation : certificat des versements faits et à faire à un capitaine de l’armée royale en Gascogne', 1304, '1304', '', '', 'Bibliothèque nationale de France', '', null);
INSERT INTO document (doc_id, title, subtitle, creation, creation_lab, copy_year, copy_cent, institution, pressmark, regest) VALUES (39, 'Acte sous les sceaux de l’officialité archidiaconale de Verdun et d’un seigneur (Lorraine) ', 'Un montage féodal complexe : reprises et cessions d’un fief épiscopal en cascade', 1317, '1317', '', '', 'Bibliothèque nationale de France', '', null);
INSERT INTO document (doc_id, title, subtitle, creation, creation_lab, copy_year, copy_cent, institution, pressmark, regest) VALUES (40, 'Attache de la Chambre des comptes et des généraux des finances pour l’exécution d’un acte du roi de France', 'Le laborieux paiement de la dot d’une fille de roi : Michèle de France reçoit, en l’attente du versement, les revenus des châtellenies de Péronne, Roye et Montdidier', 1418, '1418', '', '', 'Bibliothèque nationale de France', '', null);
INSERT INTO document (doc_id, title, subtitle, creation, creation_lab, copy_year, copy_cent, institution, pressmark, regest) VALUES (41, 'Lettres pontificales sur fil de chanvre', 'Aux origines de la Sorbonne : le pape demande à l’évêque de Paris d’autoriser l’installation d’un oratoire dans le collège', 1268, '1268', '', '', 'Archives nationales (France)', '', null);
INSERT INTO document (doc_id, title, subtitle, creation, creation_lab, copy_year, copy_cent, institution, pressmark, regest) VALUES (42, 'Acte sous les sceaux du chapitre cathédral de Toulouse et de son prévôt', 'Procuration pour un concile provincial convoqué à Béziers', 1277, '1277', '', '', 'Bibliothèque nationale de France', '', null);
INSERT INTO document (doc_id, title, subtitle, creation, creation_lab, copy_year, copy_cent, institution, pressmark, regest) VALUES (43, 'Acte du sénéchal royal de Saintonge-Angoumois', 'Des travaux qui traînent : mandement de faire procéder de toute urgence aux réparations du château de La Rochelle ordonnées par le roi', 1321, '1321', '', '', 'Bibliothèque nationale de France', '', null);
INSERT INTO document (doc_id, title, subtitle, creation, creation_lab, copy_year, copy_cent, institution, pressmark, regest) VALUES (44, 'Acte du sénéchal royal de Carcassonne-Béziers', 'Veiller aux frontières : mandat d’avance de gages à la garnison du château de Caramany', 1342, '1342', '', '', 'Bibliothèque nationale de France', '', null);
INSERT INTO document (doc_id, title, subtitle, creation, creation_lab, copy_year, copy_cent, institution, pressmark, regest) VALUES (45, 'Lettres pontificales sur fil de chanvre', 'Roi saint, sénéchal brigand ? Le pape mande au roi de France de faire restituer par son sénéchal de Beaucaire les biens de marchands génois qui se rendaient aux foires de Lagny en Champagne', 1245, '1245', '', '', 'Archives nationales (France)', '', null);
INSERT INTO document (doc_id, title, subtitle, creation, creation_lab, copy_year, copy_cent, institution, pressmark, regest) VALUES (46, 'Acte scellé par un particulier (Normandie)', 'Masure, courtil, prox. route royale : un acte de vente normand', 1253, '1253', '', '', 'Archives nationales (France)', '', null);
INSERT INTO document (doc_id, title, subtitle, creation, creation_lab, copy_year, copy_cent, institution, pressmark, regest) VALUES (47, 'Mandement du roi de Naples Robert, comte de Provence', 'Résistance à l’impôt : ordre de faire contribuer les récalcitrants au subside voté par la ville de Tarascon en échange de privilèges commerciaux', 1320, '1320', '', '', 'Archives municipales Tarascon (France)', '', null);
INSERT INTO document (doc_id, title, subtitle, creation, creation_lab, copy_year, copy_cent, institution, pressmark, regest) VALUES (48, 'Acte scellé par un notaire à titre personnel (Tarbes)', 'De notaire à notaire : procuration pour percevoir une somme due sur les caisses du roi en Bigorre', 1322, '1322', '', '', 'Bibliothèque nationale de France', '', null);
INSERT INTO document (doc_id, title, subtitle, creation, creation_lab, copy_year, copy_cent, institution, pressmark, regest) VALUES (49, 'Lettres pontificales sur lacs de soie', 'Aux Mathurins de Paris : la protection pontificale', 1344, '1344', '', '', 'Archives nationales (France)', '', null);
INSERT INTO document (doc_id, title, subtitle, creation, creation_lab, copy_year, copy_cent, institution, pressmark, regest) VALUES (50, 'Lettres « de par le roi » du roi de France Jean le Bon', 'Père et fils : Jean le Bon impose au régent Charles, depuis Londres, le choix qu’il a fait d’un officier normand', 1357, '1357', '', '', 'Bibliothèque nationale de France', '', null);
INSERT INTO document (doc_id, title, subtitle, creation, creation_lab, copy_year, copy_cent, institution, pressmark, regest) VALUES (51, 'Acte de l’évêque du Mans', 'Les garanties de l’écrit : le précautionneux montage d’une donation pieuse aux cisterciens de Savigny', 1180, '1180', '', '', 'Archives nationales (France)', 'L 969, n° 3', null);
INSERT INTO document (doc_id, title, subtitle, creation, creation_lab, copy_year, copy_cent, institution, pressmark, regest) VALUES (52, 'Charte du roi d’Angleterre Henri II, duc de Normandie', 'Une dotation royale : Henri II Plantagenet offre à Saint-Père de Chartres une rente annuelle de dix mille harengs en Normandie', 1172, '[1165-1172]', '', '', 'Bibliothèque nationale de France', '', null);
INSERT INTO document (doc_id, title, subtitle, creation, creation_lab, copy_year, copy_cent, institution, pressmark, regest) VALUES (53, 'Diplôme du roi de France Louis VII', 'Le ventre de Paris : le roi accorde l’immunité à une maison avec four aux Champeaux', 1138, '1137-1138', '', '', 'Archives nationales (France)', 'K 23, n° 2', null);
INSERT INTO document (doc_id, title, subtitle, creation, creation_lab, copy_year, copy_cent, institution, pressmark, regest) VALUES (54, 'Notice monastique (Poitou)', 'Être le voisin de saint Maixent : dons et confirmations de dons à Saint-Maixent pour une entrée en religion', 1096, '1096', '', '', 'Collection privée (« Cabinet B. Fillon à Fontenay-Vendée »)', '', null);
INSERT INTO document (doc_id, title, subtitle, creation, creation_lab, copy_year, copy_cent, institution, pressmark, regest) VALUES (55, 'Acte scellé par un seigneur (Dauphiné)', 'Une concession à la chartreuse de Berthaud', 1243, '1243', '', '', 'Archives départementales Hautes-Alpes (France)', '', null);
INSERT INTO document (doc_id, title, subtitle, creation, creation_lab, copy_year, copy_cent, institution, pressmark, regest) VALUES (58, 'Diplôme de l’empereur Frédéric II', 'Les ennemis de mes ennemis sont mes amis : Frédéric II investit Raimond VII de Toulouse du comté de Forcalquier dont il a prononcé la commise à l’encontre de Raimond Béranger V de Provence.', 1239, '1239', '[1240-1275 ca.]', 'XIII', 'Archives nationales (France)', 'J 340, n° 21', null);
INSERT INTO document (doc_id, title, subtitle, creation, creation_lab, copy_year, copy_cent, institution, pressmark, regest) VALUES (59, 'Lettre de l’archevêque de Tyr', 'Une trop lourde charge : Gilles archevêque de Tyr annonce que le pape a refusé de le décharger de la prédication de la croisade', 1265, '1265', '', '', '', '', null);
INSERT INTO document (doc_id, title, subtitle, creation, creation_lab, copy_year, copy_cent, institution, pressmark, regest) VALUES (60, 'Acte laïc sous sceaux ecclésiastiques (Besançon, Dole et Rougemont)', 'Le testament d’un seigneur comtois', 1269, '1269', '', '', 'Bibliothèque nationale de France', 'nouv. acq. fr. 8761', null);
INSERT INTO document (doc_id, title, subtitle, creation, creation_lab, copy_year, copy_cent, institution, pressmark, regest) VALUES (61, 'Lettre de l’archevêque de Narbonne à six abbés de son diocèse', 'Signez la pétition : lettre circulaire pour la rédaction de procurations appuyant des remontrances au roi de France', 1277, '1277', '', '', '', '', null);
INSERT INTO document (doc_id, title, subtitle, creation, creation_lab, copy_year, copy_cent, institution, pressmark, regest) VALUES (62, 'Acte sous le sceau de la cour royale de Salins', 'Constitution de rente sur une vigne proche de Salins', 1296, '1296', '', '', '', '', null);
INSERT INTO document (doc_id, title, subtitle, creation, creation_lab, copy_year, copy_cent, institution, pressmark, regest) VALUES (63, 'Acte notarié scellé d’un sceau épiscopal (Dauphiné)', 'Un hôte encombrant : l’évêque de Gap reconnaît avoir demandé gîte à la chartreuse de Durbon avant que son droit à l’exercer ait été reconnu', 1304, '1304', '', '', '', '', null);
INSERT INTO document (doc_id, title, subtitle, creation, creation_lab, copy_year, copy_cent, institution, pressmark, regest) VALUES (64, 'Acte scellé par un particulier (Rouergue)', 'Le notaire enquêteur : quittance de gages pour une enquête réalisée dans la sénéchaussée royale de Rouergue', 1340, '1340', '', '', '', '', null);
INSERT INTO document (doc_id, title, subtitle, creation, creation_lab, copy_year, copy_cent, institution, pressmark, regest) VALUES (65, 'Acte de Nunyo Sanche, seigneur de Roussillon', 'Compromis à la catalane : le roi d’Aragon Jacques Ier se voit reconnaître le droit de nommer un viguier à Majorque', 1240, '1240', '', '', '', '', null);
INSERT INTO document (doc_id, title, subtitle, creation, creation_lab, copy_year, copy_cent, institution, pressmark, regest) VALUES (66, 'Serment (Nîmes)', 'Tenir le château : serment de fidélité prêté pour le château de Bernis à la vicomtesse de Nîmes', 1159, '[1159]', '', '', 'Archives nationales (France)', '', null);
INSERT INTO document (doc_id, title, subtitle, creation, creation_lab, copy_year, copy_cent, institution, pressmark, regest) VALUES (67, 'Acte de Guillaume comte de Ponthieu (copie sous le sceau de la châtellenie d’Exmes, 1487)', 'La chaîne de la tradition : don du XIIe, copie du XVe', 1171, '[1157-1171]', '1487', 'XV', 'Bibliothèque nationale de France', '', null);
INSERT INTO document (doc_id, title, subtitle, creation, creation_lab, copy_year, copy_cent, institution, pressmark, regest) VALUES (68, 'Acte dressé par un prêtre (Roussillon)', 'Un accensement de vignes', 1116, '1116', '', '', 'Archives départementales Pyrénées-Orientales (France)', 'B 63', null);
INSERT INTO document (doc_id, title, subtitle, creation, creation_lab, copy_year, copy_cent, institution, pressmark, regest) VALUES (69, 'Précepte du roi de France Charles le Chauve (copie de cartulaire, XIIe siècle)', 'Alimenter les fidélités : don de terres par Charles le Chauve à un fidèle bourguignon', 842, '842', '[1101-1200 ca.] ', 'XII', 'Biblioteca San Lorenzo (Florence, Italie)', '', null);
INSERT INTO document (doc_id, title, subtitle, creation, creation_lab, copy_year, copy_cent, institution, pressmark, regest) VALUES (70, 'Notice monastique (Val de Loire)', 'Le douaire d’une reine : don d’une forêt à Marmoutier par Bertrade, veuve du roi de France Philippe Ier', 1115, '1115', '', '', 'British Library', '', null);
INSERT INTO document (doc_id, title, subtitle, creation, creation_lab, copy_year, copy_cent, institution, pressmark, regest) VALUES (71, 'Acte de l’évêque d’Amiens en forme de chirographe', 'Répartir les profits du culte : accord entre patron et curé', 1199, '1199', '', '', 'Bibliothèque nationale de France', '', null);
INSERT INTO document (doc_id, title, subtitle, creation, creation_lab, copy_year, copy_cent, institution, pressmark, regest) VALUES (72, 'Mandement de l’archevêque de Reims (vidimus contemporain sous le sceau de l’officialité archidiaconale de Reims)', 'L’appui du bras spirituel : l’archevêque enjoint d’aider à la levée d’une imposition par la commune de Reims', 1255, '1255', '1255', 'XIII', '', '', null);
INSERT INTO document (doc_id, title, subtitle, creation, creation_lab, copy_year, copy_cent, institution, pressmark, regest) VALUES (73, 'Acte de l’administration royale (Paris)', 'Des payeurs récalcitrants : rapport d’un sergent du Châtelet aux Requêtes du Palais', 1375, '1375', '', '', 'Archives nationales (France)', 'S 952 n° 2', null);
INSERT INTO document (doc_id, title, subtitle, creation, creation_lab, copy_year, copy_cent, institution, pressmark, regest) VALUES (74, 'Acte d’Urraka, fille du roi de León et de Castille Alphonse VI', 'Un don royal à l’abbaye de Cluny : l’infante Urraka, dame de Galice, offre le monastère de Pombeiro', 1109, '1109', '[1109-1200 ca.]', 'XII', 'Bibliothèque nationale de France', '', null);
INSERT INTO document (doc_id, title, subtitle, creation, creation_lab, copy_year, copy_cent, institution, pressmark, regest) VALUES (75, 'Chirographe d’échevinage (Valenciennes)', 'Entre gens de bien et devant hommes d’honneur : la dotation des jeunes époux', 1430, '1430', '', '', 'Archives municipales Valenciennes (France)', '', null);
INSERT INTO document (doc_id, title, subtitle, creation, creation_lab, copy_year, copy_cent, institution, pressmark, regest) VALUES (76, 'Lettre du comte de Savoie Amédée IV', 'Payez la dot ! Une relance pressante aux exécuteurs testamentaires du comte de Toulouse Raimond VII', 1251, '1251', '', '', 'Archives nationales (France)', 'J 310 n° 39', null);
INSERT INTO document (doc_id, title, subtitle, creation, creation_lab, copy_year, copy_cent, institution, pressmark, regest) VALUES (77, 'Lettres patentes sur double queue du roi de France Louis XI', 'Une Flandre souveraine : acte d’application du traité de Péronne', 1468, '1468', '', '', 'Bibliothèque nationale de France', '', null);
INSERT INTO document (doc_id, title, subtitle, creation, creation_lab, copy_year, copy_cent, institution, pressmark, regest) VALUES (78, 'Acte sous le sceau du doyen de chrétienté de Verberie (diocèse Soissons)', 'Charité bien ordonnée : don et échange de terre d’un bourgeois de Compiègne aux cisterciens de Chaalis', 1239, '1239', '', '', 'Collection privée (« Mr de la Bigne »)', '', null);
INSERT INTO document (doc_id, title, subtitle, creation, creation_lab, copy_year, copy_cent, institution, pressmark, regest) VALUES (79, 'Acte co-scellé par le bailli royal du Cotentin et par un chevalier', 'Une rente sur un moulin : petits arrangements et grandes garanties en faveur des cisterciennes de Mortain', 1276, '1276', '', '', '', '', null);
INSERT INTO document (doc_id, title, subtitle, creation, creation_lab, copy_year, copy_cent, institution, pressmark, regest) VALUES (80, 'Acte scellé par un seigneur (Picardie)', 'Préparer le défrichement : accord entre l’abbaye de Prémontré et le seigneur de Ham sur le défrichement d’un bois', 1177, '1177', '', '', 'Archives départementales Oise (France)', '', null);
INSERT INTO document (doc_id, title, subtitle, creation, creation_lab, copy_year, copy_cent, institution, pressmark, regest) VALUES (81, 'Diplôme du roi de France Robert le Pieux (vidimus au Châtelet de Paris, 1279)', 'Fidèles et sanctuaires : confirmation par le roi de dons faits à l’abbaye Saint-Maur-des-Fossés à Evry et à Lisses', 999, '999', '1279', 'XIII', 'Archives nationales (France)', 'S 1165 n° 13', null);
INSERT INTO document (doc_id, title, subtitle, creation, creation_lab, copy_year, copy_cent, institution, pressmark, regest) VALUES (82, 'Acte sous le sceau du doyen du chapitre cathédral de Paris', 'Transactions immobilières et gestion des prébendes : accensement d’une maison par le chancelier de la cathédrale', 1192, '1192', '', '', '', '', null);
INSERT INTO document (doc_id, title, subtitle, creation, creation_lab, copy_year, copy_cent, institution, pressmark, regest) VALUES (83, 'Charte du roi d’Angleterre Henri II', 'Ordre princier, ordre cistercien : la régularisation de l’ermitage de Beaugerais, remis à l’abbaye cistercienne du Loroux', 1189, '[1177-1189]', '', '', 'British Library', '', null);
INSERT INTO document (doc_id, title, subtitle, creation, creation_lab, copy_year, copy_cent, institution, pressmark, regest) VALUES (84, 'Acte scellé par un bourgeois (Guyenne)', 'Parole de Gascons : une dette contractée à Londres et remboursable à Bordeaux', 1293, '1293', '', '', 'Archives départementales Pyrénées-Atlantiques (France)', '', null);
INSERT INTO document (doc_id, title, subtitle, creation, creation_lab, copy_year, copy_cent, institution, pressmark, regest) VALUES (85, 'Acte de justice seigneuriale (Normandie)', 'Aux plaids de la seigneurie : aveu et dénombrement de tenure', 1500, '1500', '', '', '', '', null);
INSERT INTO document (doc_id, title, subtitle, creation, creation_lab, copy_year, copy_cent, institution, pressmark, regest) VALUES (86, 'Acte sous le sceau de l’officialité épiscopale de Paris', 'Le prix de la maîtrise : une cave et un étal pour entrer en Boucherie', 1276, '1276', '', '', 'Collection privée (« Paul Meyer »)', '', null);
INSERT INTO document (doc_id, title, subtitle, creation, creation_lab, copy_year, copy_cent, institution, pressmark, regest) VALUES (87, 'Charte du roi d’Angleterre Jean sans Terre', 'Le roi et les ermites : les Grandmontains du Parc de Rouen', 1199, '1199', '', '', 'British Library', '', null);
INSERT INTO document (doc_id, title, subtitle, creation, creation_lab, copy_year, copy_cent, institution, pressmark, regest) VALUES (88, 'Acte de l’archevêque de Sens', 'L’archevêque, les moines, la paroisse : concession d’autel à Saint-Germain-des-Prés', 1109, '1109', '', '', '', '', null);
INSERT INTO document (doc_id, title, subtitle, creation, creation_lab, copy_year, copy_cent, institution, pressmark, regest) VALUES (89, 'Acte du bailli royal de Bourges', 'Un trou dans la muraille : autorisation de percement accordée aux Templiers à Issoudun', 1298, '1298', '', '', '', '', null);
INSERT INTO document (doc_id, title, subtitle, creation, creation_lab, copy_year, copy_cent, institution, pressmark, regest) VALUES (90, 'Diplôme du roi de France Philippe Auguste', 'Partage de dépouilles normandes : un échange entre le roi et le comte Renaud de Boulogne', 1204, '1204', '', '', '', '', null);
INSERT INTO document (doc_id, title, subtitle, creation, creation_lab, copy_year, copy_cent, institution, pressmark, regest) VALUES (91, 'Acte scellé et signé par un chanoine, procureur d’abbaye (Perche)', 'Paris, rive droite : circulation d’une rente sur une maison en la Mortellerie, dans la censive de l’abbaye de Thiron', 1407, '1407', '', '', '', '', null);
INSERT INTO document (doc_id, title, subtitle, creation, creation_lab, copy_year, copy_cent, institution, pressmark, regest) VALUES (92, 'Attache de la Chambre des comptes et des trésoriers du roi de France', 'Ordres en cascade et médiations administratives : l’exécution d’une souffrance d’hommage pour un fief normand', 1413, '1413', '', '', '', '', null);
INSERT INTO document (doc_id, title, subtitle, creation, creation_lab, copy_year, copy_cent, institution, pressmark, regest) VALUES (93, 'Acte d’Eudes, sire de Bourbon, fils aîné du duc de Bourgogne ', 'Hériter des charges : Eudes de Bourbon reconnaît les dettes et legs des Châtillon', 1250, '1250', '', '', '', '', null);
INSERT INTO document (doc_id, title, subtitle, creation, creation_lab, copy_year, copy_cent, institution, pressmark, regest) VALUES (94, 'Acte scellé par un seigneur (Bourgogne)', 'Aux confins des principautés : reprise de fief et hommages liges en Bourgogne', 1265, '1265', '', '', '', '', null);
INSERT INTO documentHasLanguage (doc_id, lang_code) VALUES (20, 'lat');
INSERT INTO documentHasLanguage (doc_id, lang_code) VALUES (22, 'lat');
INSERT INTO documentHasLanguage (doc_id, lang_code) VALUES (23, 'lat');
INSERT INTO documentHasLanguage (doc_id, lang_code) VALUES (24, 'lat');
INSERT INTO documentHasLanguage (doc_id, lang_code) VALUES (25, 'lat');
INSERT INTO documentHasLanguage (doc_id, lang_code) VALUES (26, 'fre');
INSERT INTO documentHasLanguage (doc_id, lang_code) VALUES (27, 'lat');
INSERT INTO documentHasLanguage (doc_id, lang_code) VALUES (31, 'fre');
INSERT INTO documentHasLanguage (doc_id, lang_code) VALUES (32, 'lat');
INSERT INTO documentHasLanguage (doc_id, lang_code) VALUES (33, 'lat');
INSERT INTO documentHasLanguage (doc_id, lang_code) VALUES (34, 'lat');
INSERT INTO documentHasLanguage (doc_id, lang_code) VALUES (35, 'lat');
INSERT INTO documentHasLanguage (doc_id, lang_code) VALUES (36, 'oci');
INSERT INTO documentHasLanguage (doc_id, lang_code) VALUES (37, 'lat');
INSERT INTO documentHasLanguage (doc_id, lang_code) VALUES (38, 'lat');
INSERT INTO documentHasLanguage (doc_id, lang_code) VALUES (39, 'fre');
INSERT INTO documentHasLanguage (doc_id, lang_code) VALUES (40, 'fre');
INSERT INTO documentHasLanguage (doc_id, lang_code) VALUES (41, 'lat');
INSERT INTO documentHasLanguage (doc_id, lang_code) VALUES (42, 'lat');
INSERT INTO documentHasLanguage (doc_id, lang_code) VALUES (43, 'lat');
INSERT INTO documentHasLanguage (doc_id, lang_code) VALUES (44, 'lat');
INSERT INTO documentHasLanguage (doc_id, lang_code) VALUES (45, 'lat');
INSERT INTO documentHasLanguage (doc_id, lang_code) VALUES (46, 'lat');
INSERT INTO documentHasLanguage (doc_id, lang_code) VALUES (47, 'lat');
INSERT INTO documentHasLanguage (doc_id, lang_code) VALUES (48, 'lat');
INSERT INTO documentHasLanguage (doc_id, lang_code) VALUES (49, 'lat');
INSERT INTO documentHasLanguage (doc_id, lang_code) VALUES (50, 'fre');
INSERT INTO documentHasLanguage (doc_id, lang_code) VALUES (51, 'lat');
INSERT INTO documentHasLanguage (doc_id, lang_code) VALUES (52, 'lat');
INSERT INTO documentHasLanguage (doc_id, lang_code) VALUES (53, 'lat');
INSERT INTO documentHasLanguage (doc_id, lang_code) VALUES (54, 'lat');
INSERT INTO documentHasLanguage (doc_id, lang_code) VALUES (55, 'lat');
INSERT INTO documentHasLanguage (doc_id, lang_code) VALUES (58, 'lat');
INSERT INTO documentHasLanguage (doc_id, lang_code) VALUES (59, 'lat');
INSERT INTO documentHasLanguage (doc_id, lang_code) VALUES (60, 'lat');
INSERT INTO documentHasLanguage (doc_id, lang_code) VALUES (61, 'lat');
INSERT INTO documentHasLanguage (doc_id, lang_code) VALUES (62, 'fre');
INSERT INTO documentHasLanguage (doc_id, lang_code) VALUES (63, 'lat');
INSERT INTO documentHasLanguage (doc_id, lang_code) VALUES (64, 'lat');
INSERT INTO documentHasLanguage (doc_id, lang_code) VALUES (65, 'lat');
INSERT INTO documentHasLanguage (doc_id, lang_code) VALUES (66, 'lat&oci');
INSERT INTO documentHasLanguage (doc_id, lang_code) VALUES (67, 'lat&fre');
INSERT INTO documentHasLanguage (doc_id, lang_code) VALUES (68, 'lat');
INSERT INTO documentHasLanguage (doc_id, lang_code) VALUES (69, 'lat');
INSERT INTO documentHasLanguage (doc_id, lang_code) VALUES (70, 'lat');
INSERT INTO documentHasLanguage (doc_id, lang_code) VALUES (71, 'lat');
INSERT INTO documentHasLanguage (doc_id, lang_code) VALUES (72, 'lat');
INSERT INTO documentHasLanguage (doc_id, lang_code) VALUES (73, 'fre');
INSERT INTO documentHasLanguage (doc_id, lang_code) VALUES (74, 'lat');
INSERT INTO documentHasLanguage (doc_id, lang_code) VALUES (75, 'fre');
INSERT INTO documentHasLanguage (doc_id, lang_code) VALUES (76, 'lat');
INSERT INTO documentHasLanguage (doc_id, lang_code) VALUES (77, 'fre');
INSERT INTO documentHasLanguage (doc_id, lang_code) VALUES (78, 'lat');
INSERT INTO documentHasLanguage (doc_id, lang_code) VALUES (79, 'fre');
INSERT INTO documentHasLanguage (doc_id, lang_code) VALUES (80, 'lat');
INSERT INTO documentHasLanguage (doc_id, lang_code) VALUES (81, 'lat&fre');
INSERT INTO documentHasLanguage (doc_id, lang_code) VALUES (82, 'lat');
INSERT INTO documentHasLanguage (doc_id, lang_code) VALUES (83, 'lat');
INSERT INTO documentHasLanguage (doc_id, lang_code) VALUES (84, 'fre');
INSERT INTO documentHasLanguage (doc_id, lang_code) VALUES (85, 'fre');
INSERT INTO documentHasLanguage (doc_id, lang_code) VALUES (86, 'lat');
INSERT INTO documentHasLanguage (doc_id, lang_code) VALUES (87, '');
INSERT INTO documentHasLanguage (doc_id, lang_code) VALUES (88, 'lat');
INSERT INTO documentHasLanguage (doc_id, lang_code) VALUES (89, 'fre');
INSERT INTO documentHasLanguage (doc_id, lang_code) VALUES (90, 'lat');
INSERT INTO documentHasLanguage (doc_id, lang_code) VALUES (91, 'fre');
INSERT INTO documentHasLanguage (doc_id, lang_code) VALUES (92, 'fre');
INSERT INTO documentHasLanguage (doc_id, lang_code) VALUES (93, 'fre');
INSERT INTO documentHasLanguage (doc_id, lang_code) VALUES (94, 'fre');
INSERT INTO institution (instit_ref, instit_name) VALUES ('http://data.bnf.fr/ark:/12148/cb12118141m', 'Archives départementales Haute-Vienne (France)');
INSERT INTO institution (instit_ref, instit_name) VALUES ('http://data.bnf.fr/ark:/12148/cb11864291k', 'Archives départementales Hautes-Alpes (France)');
INSERT INTO institution (instit_ref, instit_name) VALUES ('http://data.bnf.fr/ark:/12148/cb12006185c', 'Archives départementales Oise (France)');
INSERT INTO institution (instit_ref, instit_name) VALUES ('http://data.bnf.fr/ark:/12148/cb11865380f', 'Archives départementales Pyrénées-Atlantiques (France)');
INSERT INTO institution (instit_ref, instit_name) VALUES ('http://data.bnf.fr/ark:/12148/cb118653855', 'Archives départementales Pyrénées-Orientales (France)');
INSERT INTO institution (instit_ref, instit_name) VALUES ('am_tarascon', 'Archives municipales Tarascon (France)');
INSERT INTO institution (instit_ref, instit_name) VALUES ('http://data.bnf.fr/ark:/12148/cb11885523k', 'Archives municipales Valenciennes (France)');
INSERT INTO institution (instit_ref, instit_name) VALUES ('http://data.bnf.fr/ark:/12148/cb11862272t', 'Archives nationales (France)');
INSERT INTO institution (instit_ref, instit_name) VALUES ('http://data.bnf.fr/ark:/12148/cb12068304t', 'Biblioteca San Lorenzo (Florence, Italie)');
INSERT INTO institution (instit_ref, instit_name) VALUES ('http://data.bnf.fr/ark:/12148/cb12381002j', 'Bibliothèque nationale de France');
INSERT INTO institution (instit_ref, instit_name) VALUES ('http://data.bnf.fr/ark:/12148/cb118714563', 'British Library');
INSERT INTO institution (instit_ref, instit_name) VALUES ('cp', 'Collection privée');
INSERT INTO institution (instit_ref, instit_name) VALUES ('http://data.bnf.fr/ark:/12148/cb13197296q', 'Collection privée (« Cabinet B. Fillon à Fontenay-Vendée »)');
INSERT INTO institution (instit_ref, instit_name) VALUES ('cp_bigne', 'Collection privée (« Mr de la Bigne »)');
INSERT INTO institution (instit_ref, instit_name) VALUES ('cp_meyer', 'Collection privée (« Paul Meyer »)');
INSERT INTO language (lang_code, lang_label) VALUES ('fre', 'Français');
INSERT INTO language (lang_code, lang_label) VALUES ('lat', 'Latin');
INSERT INTO language (lang_code, lang_label) VALUES ('oci', 'Occitan');
INSERT INTO sqlite_master (type, name, tbl_name, rootpage, sql) VALUES ('table', 'sqlite_sequence', 'sqlite_sequence', 10, 'CREATE TABLE sqlite_sequence(name,seq)');
INSERT INTO sqlite_master (type, name, tbl_name, rootpage, sql) VALUES ('table', 'traduction_ptr_table', 'traduction_ptr_table', 9, 'CREATE TABLE "traduction_ptr_table" (
  "transc_id" integer,
  "trad_id" integer,
  "ptr_transc_deb" integer,
  "ptr_transc_fin" integer,
  "ptr_trad_deb" integer,
  "ptr_trad_fin" integer,
  CONSTRAINT "alignement_transcription_traduction" PRIMARY KEY ("transc_id", "trad_id"),
  CONSTRAINT "transcription" FOREIGN KEY ("transc_id") REFERENCES "transcription" ("transc_id") ON DELETE CASCADE ON UPDATE NO ACTION,
  CONSTRAINT "traduciton" FOREIGN KEY ("trad_id") REFERENCES "traduction" ("trad_id") ON DELETE CASCADE ON UPDATE NO ACTION
)');
INSERT INTO sqlite_master (type, name, tbl_name, rootpage, sql) VALUES ('index', 'sqlite_autoindex_traduction_ptr_table_1', 'traduction_ptr_table', 2, null);
INSERT INTO sqlite_master (type, name, tbl_name, rootpage, sql) VALUES ('table', 'facsimile_ptr_table', 'facsimile_ptr_table', 15, 'CREATE TABLE "facsimile_ptr_table" (
  "transc_id" integer,
  "zone_id" integer,
  "ptr_transc_deb" integer,
  "ptr_transc_fin" integer,
  CONSTRAINT "alignement_transcription_facsimile" PRIMARY KEY ("transc_id", "zone_id"),
  CONSTRAINT "transcription" FOREIGN KEY ("transc_id") REFERENCES "transcription" ("transc_id") ON DELETE CASCADE ON UPDATE NO ACTION,
  CONSTRAINT "zone" FOREIGN KEY ("zone_id") REFERENCES "zone_facsimile" ("zone_id") ON DELETE CASCADE
)');
INSERT INTO sqlite_master (type, name, tbl_name, rootpage, sql) VALUES ('index', 'sqlite_autoindex_facsimile_ptr_table_1', 'facsimile_ptr_table', 16, null);
INSERT INTO sqlite_master (type, name, tbl_name, rootpage, sql) VALUES ('table', 'type_acte', 'type_acte', 4, 'CREATE TABLE type_acte
(
    type_id INTEGER PRIMARY KEY AUTOINCREMENT NOT NULL,
    type_label TEXT NOT NULL
)');
INSERT INTO sqlite_master (type, name, tbl_name, rootpage, sql) VALUES ('index', 'type_acte_type_id_uindex', 'type_acte', 7, 'CREATE UNIQUE INDEX type_acte_type_id_uindex ON type_acte (type_id)');
INSERT INTO sqlite_master (type, name, tbl_name, rootpage, sql) VALUES ('index', 'type_acte_type_label_uindex', 'type_acte', 8, 'CREATE UNIQUE INDEX type_acte_type_label_uindex ON type_acte (type_label)');
INSERT INTO sqlite_master (type, name, tbl_name, rootpage, sql) VALUES ('table', 'documentHasTypeActe', 'documentHasTypeActe', 12, 'CREATE TABLE "documentHasTypeActe"
(
    doc_id INTEGER,
    type_id INTEGER,
    CONSTRAINT documentHasType_doc_id_type_id_pk PRIMARY KEY (doc_id, type_id),
    CONSTRAINT documentHasType_document_doc_id_fk FOREIGN KEY (doc_id) REFERENCES document (doc_id) ON DELETE CASCADE ON UPDATE CASCADE,
    CONSTRAINT documentHasType_type_acte_type_id_fk FOREIGN KEY (type_id) REFERENCES type_acte (type_id) ON DELETE CASCADE ON UPDATE CASCADE
)');
INSERT INTO sqlite_master (type, name, tbl_name, rootpage, sql) VALUES ('index', 'sqlite_autoindex_documentHasTypeActe_1', 'documentHasTypeActe', 17, null);
INSERT INTO sqlite_master (type, name, tbl_name, rootpage, sql) VALUES ('index', 'documentHasType_doc_id_type_id_uindex', 'documentHasTypeActe', 18, 'CREATE UNIQUE INDEX documentHasType_doc_id_type_id_uindex ON "documentHasTypeActe" (doc_id, type_id)');
INSERT INTO sqlite_master (type, name, tbl_name, rootpage, sql) VALUES ('table', 'language', 'language', 11, 'CREATE TABLE "language"
(
    lang_code TEXT,
    lang_label TEXT
)');
INSERT INTO sqlite_master (type, name, tbl_name, rootpage, sql) VALUES ('index', 'langage_langcode_uindex', 'language', 25, 'CREATE UNIQUE INDEX langage_langcode_uindex ON "language" (lang_code)');
INSERT INTO sqlite_master (type, name, tbl_name, rootpage, sql) VALUES ('index', 'langage_lang_label_index', 'language', 26, 'CREATE INDEX langage_lang_label_index ON "language" (lang_label)');
INSERT INTO sqlite_master (type, name, tbl_name, rootpage, sql) VALUES ('table', 'documentHasLanguage', 'documentHasLanguage', 27, 'CREATE TABLE documentHasLanguage
(
    doc_id INTEGER,
    lang_code TEXT,
    CONSTRAINT documentHasLangage_doc_id_lang_code_pk PRIMARY KEY (doc_id, lang_code),
    CONSTRAINT documentHasLangage_document_doc_id_fk FOREIGN KEY (doc_id) REFERENCES document (doc_id) ON DELETE CASCADE,
    CONSTRAINT documentHasLangage_langage_lang_code_fk FOREIGN KEY (lang_code) REFERENCES language (lang_code)
)');
INSERT INTO sqlite_master (type, name, tbl_name, rootpage, sql) VALUES ('index', 'sqlite_autoindex_documentHasLanguage_1', 'documentHasLanguage', 28, null);
INSERT INTO sqlite_master (type, name, tbl_name, rootpage, sql) VALUES ('index', 'documentHasLangage_doc_id_lang_code_uindex', 'documentHasLanguage', 29, 'CREATE UNIQUE INDEX documentHasLangage_doc_id_lang_code_uindex ON documentHasLanguage (doc_id, lang_code)');
INSERT INTO sqlite_master (type, name, tbl_name, rootpage, sql) VALUES ('table', 'documentFromCountry', 'documentFromCountry', 34, 'CREATE TABLE documentFromCountry
(
    doc_id INTEGER NOT NULL,
    country_ref INTEGER NOT NULL,
    CONSTRAINT documentFromCountry_doc_id_country_ref_pk PRIMARY KEY (doc_id, country_ref),
    CONSTRAINT documentFromCountry_document_doc_id_fk FOREIGN KEY (doc_id) REFERENCES document (doc_id) ON DELETE CASCADE,
    CONSTRAINT documentFromCountry_country_country_ref_fk FOREIGN KEY (country_ref) REFERENCES country (country_ref) ON DELETE CASCADE
)');
INSERT INTO sqlite_master (type, name, tbl_name, rootpage, sql) VALUES ('index', 'sqlite_autoindex_documentFromCountry_1', 'documentFromCountry', 35, null);
INSERT INTO sqlite_master (type, name, tbl_name, rootpage, sql) VALUES ('index', 'documentFromCountry_doc_id_country_ref_uindex', 'documentFromCountry', 36, 'CREATE UNIQUE INDEX documentFromCountry_doc_id_country_ref_uindex ON documentFromCountry (doc_id, country_ref)');
INSERT INTO sqlite_master (type, name, tbl_name, rootpage, sql) VALUES ('table', 'institution', 'institution', 37, 'CREATE TABLE institution
(
    instit_ref TEXT PRIMARY KEY NOT NULL,
    instit_name INT NOT NULL
)');
INSERT INTO sqlite_master (type, name, tbl_name, rootpage, sql) VALUES ('index', 'sqlite_autoindex_institution_1', 'institution', 38, null);
INSERT INTO sqlite_master (type, name, tbl_name, rootpage, sql) VALUES ('index', 'institution_instit_ref_uindex', 'institution', 39, 'CREATE UNIQUE INDEX institution_instit_ref_uindex ON institution (instit_ref)');
INSERT INTO sqlite_master (type, name, tbl_name, rootpage, sql) VALUES ('table', 'tradition', 'tradition', 3, 'CREATE TABLE tradition
(
    tradition_id TEXT PRIMARY KEY NOT NULL,
    tradition_label TEXT NOT NULL
)');
INSERT INTO sqlite_master (type, name, tbl_name, rootpage, sql) VALUES ('index', 'sqlite_autoindex_tradition_1', 'tradition', 13, null);
INSERT INTO sqlite_master (type, name, tbl_name, rootpage, sql) VALUES ('index', 'tradition_tradition_id_uindex', 'tradition', 24, 'CREATE UNIQUE INDEX tradition_tradition_id_uindex ON tradition (tradition_id)');
INSERT INTO sqlite_master (type, name, tbl_name, rootpage, sql) VALUES ('index', 'tradition_tradition_label_index', 'tradition', 41, 'CREATE INDEX tradition_tradition_label_index ON tradition (tradition_label)');
INSERT INTO sqlite_master (type, name, tbl_name, rootpage, sql) VALUES ('table', 'zone_facsimile', 'zone_facsimile', 42, 'CREATE TABLE zone_facsimile
(
    zone_id INTEGER NOT NULL,
    zone_url TEXT NOT NULL,
    x1 INTEGER NOT NULL,
    y1 INTEGER NOT NULL,
    x2 INTEGER NOT NULL,
    y2 INTEGER NOT NULL,
    CONSTRAINT zone_facsimile_zone_id_zone_url_pk PRIMARY KEY (zone_id, zone_url)
)');
INSERT INTO sqlite_master (type, name, tbl_name, rootpage, sql) VALUES ('index', 'sqlite_autoindex_zone_facsimile_1', 'zone_facsimile', 43, null);
INSERT INTO sqlite_master (type, name, tbl_name, rootpage, sql) VALUES ('index', 'zone_facsimile_zone_url_index', 'zone_facsimile', 44, 'CREATE INDEX zone_facsimile_zone_url_index ON zone_facsimile (zone_url)');
INSERT INTO sqlite_master (type, name, tbl_name, rootpage, sql) VALUES ('index', 'zone_facsimile_zone_id_zone_url_uindex', 'zone_facsimile', 45, 'CREATE UNIQUE INDEX zone_facsimile_zone_id_zone_url_uindex ON zone_facsimile (zone_id, zone_url)');
INSERT INTO sqlite_master (type, name, tbl_name, rootpage, sql) VALUES ('table', 'documentHasAuthor', 'documentHasAuthor', 57, 'CREATE TABLE documentHasAuthor
(
    doc_id INTEGER PRIMARY KEY,
    author_id INTEGER,
    CONSTRAINT documentHasAuthor_author_author_id_fk FOREIGN KEY (author_id) REFERENCES author (author_id),
    CONSTRAINT documentHasAuthor_document_doc_id_fk FOREIGN KEY (doc_id) REFERENCES document (doc_id)
)');
INSERT INTO sqlite_master (type, name, tbl_name, rootpage, sql) VALUES ('index', 'documentHasAuthor_author_id_index', 'documentHasAuthor', 58, 'CREATE INDEX documentHasAuthor_author_id_index ON documentHasAuthor (author_id)');
INSERT INTO sqlite_master (type, name, tbl_name, rootpage, sql) VALUES ('table', 'author', 'author', 59, 'CREATE TABLE "author"
(
    author_id INTEGER PRIMARY KEY AUTOINCREMENT NOT NULL,
    author_name TEXT NOT NULL
)');
INSERT INTO sqlite_master (type, name, tbl_name, rootpage, sql) VALUES ('table', 'type_commentary', 'type_commentary', 47, 'CREATE TABLE "type_commentary"
(
    type_id INTEGER PRIMARY KEY AUTOINCREMENT NOT NULL,
    type_label TEXT NOT NULL
)');
INSERT INTO sqlite_master (type, name, tbl_name, rootpage, sql) VALUES ('index', 'type_commentary_type_id_uindex', 'type_commentary', 48, 'CREATE UNIQUE INDEX type_commentary_type_id_uindex ON "type_commentary" (type_id)');
INSERT INTO sqlite_master (type, name, tbl_name, rootpage, sql) VALUES ('index', 'type_commentary_type_label_uindex', 'type_commentary', 50, 'CREATE UNIQUE INDEX type_commentary_type_label_uindex ON "type_commentary" (type_label)');
INSERT INTO sqlite_master (type, name, tbl_name, rootpage, sql) VALUES ('table', 'commentary', 'commentary', 51, 'CREATE TABLE "commentary"
(
    doc_id INTEGER NOT NULL,
    com_id INTEGER PRIMARY KEY,
    type_id INTEGER NOT NULL,
    content TEXT NOT NULL,
    CONSTRAINT commentary_document_doc_id_fk FOREIGN KEY (doc_id) REFERENCES document (doc_id),
    CONSTRAINT commentary_type_commentary_type_id_fk FOREIGN KEY (type_id) REFERENCES type_commentary (type_id)
)');
INSERT INTO sqlite_master (type, name, tbl_name, rootpage, sql) VALUES ('index', 'commentary_type_id_uindex', 'commentary', 52, 'CREATE UNIQUE INDEX commentary_type_id_uindex ON "commentary" (type_id)');
INSERT INTO sqlite_master (type, name, tbl_name, rootpage, sql) VALUES ('table', 'documentFromDistrict', 'documentFromDistrict', 14, 'CREATE TABLE documentFromDistrict
(
    doc_id INTEGER,
    district_id INTEGER,
    CONSTRAINT documentFromDistrict_doc_id_district_id_pk PRIMARY KEY (doc_id, district_id),
    CONSTRAINT documentFromDistrict_document_doc_id_fk FOREIGN KEY (doc_id) REFERENCES document (doc_id),
    CONSTRAINT documentFromDistrict_district_district_id_fk FOREIGN KEY (district_id) REFERENCES district (district_id)
)');
INSERT INTO sqlite_master (type, name, tbl_name, rootpage, sql) VALUES ('index', 'sqlite_autoindex_documentFromDistrict_1', 'documentFromDistrict', 54, null);
INSERT INTO sqlite_master (type, name, tbl_name, rootpage, sql) VALUES ('table', 'traduction', 'traduction', 56, 'CREATE TABLE "traduction"
(
    trad_id INTEGER PRIMARY KEY AUTOINCREMENT,
    doc_id INTEGER,
    content TEXT,
    CONSTRAINT document_id FOREIGN KEY (doc_id) REFERENCES document (doc_id) ON DELETE CASCADE
)');
INSERT INTO sqlite_master (type, name, tbl_name, rootpage, sql) VALUES ('table', 'transcription', 'transcription', 6, 'CREATE TABLE "transcription"
(
    transc_id INTEGER PRIMARY KEY AUTOINCREMENT,
    doc_id INTEGER,
    content TEXT,
    CONSTRAINT transcription_document FOREIGN KEY (doc_id) REFERENCES document (doc_id) ON DELETE CASCADE
)');
INSERT INTO sqlite_master (type, name, tbl_name, rootpage, sql) VALUES ('table', 'country', 'country', 30, 'CREATE TABLE country
(
	country_ref TEXT not null,
	country_label TEXT not null,
	constraint country_country_ref_pk
		primary key (country_ref)
)');
INSERT INTO sqlite_master (type, name, tbl_name, rootpage, sql) VALUES ('index', 'sqlite_autoindex_country_1', 'country', 31, null);
INSERT INTO sqlite_master (type, name, tbl_name, rootpage, sql) VALUES ('index', 'country_country_ref_uindex', 'country', 32, 'CREATE UNIQUE INDEX country_country_ref_uindex
	on country (country_ref)');
INSERT INTO sqlite_master (type, name, tbl_name, rootpage, sql) VALUES ('index', 'country_country_label_uindex', 'country', 33, 'CREATE UNIQUE INDEX country_country_label_uindex
	on country (country_label)');
INSERT INTO sqlite_master (type, name, tbl_name, rootpage, sql) VALUES ('table', 'district', 'district', 62, 'CREATE TABLE "district"
(
    district_id INTEGER PRIMARY KEY AUTOINCREMENT,
    district_label TEXT,
    country_ref TEXT,
    CONSTRAINT district_country_country_ref_fk FOREIGN KEY (country_ref) REFERENCES country (country_ref)
)');
INSERT INTO sqlite_master (type, name, tbl_name, rootpage, sql) VALUES ('index', 'district_district_label_uindex', 'district', 49, 'CREATE UNIQUE INDEX district_district_label_uindex ON "district" (district_label)');
INSERT INTO sqlite_master (type, name, tbl_name, rootpage, sql) VALUES ('table', 'documentHasTradition', 'documentHasTradition', 19, 'CREATE TABLE documentHasTradition
(
	doc_id INTEGER
		constraint documentHasTradition_document_doc_id_fk
			references document (doc_id)
				on delete cascade,
	tradition_id TEXT
		constraint documentHasTradition_tradition_tradition_id_fk
			references tradition (tradition_id)
				on delete cascade,
	constraint documentHasTradition_doc_id_tradition_id_pk
		primary key (doc_id, tradition_id)
)');
INSERT INTO sqlite_master (type, name, tbl_name, rootpage, sql) VALUES ('index', 'sqlite_autoindex_documentHasTradition_1', 'documentHasTradition', 20, null);
INSERT INTO sqlite_master (type, name, tbl_name, rootpage, sql) VALUES ('index', 'documentHasTradition_doc_id_tradition_id_uindex', 'documentHasTradition', 23, 'CREATE UNIQUE INDEX documentHasTradition_doc_id_tradition_id_uindex
	on documentHasTradition (doc_id, tradition_id)');
INSERT INTO sqlite_master (type, name, tbl_name, rootpage, sql) VALUES ('table', 'document', 'document', 5, 'CREATE TABLE document
(
	doc_id INTEGER
		primary key,
	title TEXT,
	subtitle TEXT,
	creation INTEGER,
	creation_lab TEXT,
	copy_year TEXT,
	copy_cent TEXT,
	institution TEXT
		constraint document_institution_instit_ref_fk
			references institution (instit_ref),
	pressmark TEXT,
  regest TEXT
)');
INSERT INTO sqlite_sequence (name, seq) VALUES ('type_acte', 21);
INSERT INTO sqlite_sequence (name, seq) VALUES ('author', 0);
INSERT INTO sqlite_sequence (name, seq) VALUES ('type_commentary', 0);
INSERT INTO sqlite_sequence (name, seq) VALUES ('traduction', 0);
INSERT INTO sqlite_sequence (name, seq) VALUES ('transcription', 0);
INSERT INTO sqlite_sequence (name, seq) VALUES ('district', 1);
INSERT INTO tradition (tradition_id, tradition_label) VALUES ('cartulaire', 'Cartulaire');
INSERT INTO tradition (tradition_id, tradition_label) VALUES ('cp_authentique', 'Copie authentique');
INSERT INTO tradition (tradition_id, tradition_label) VALUES ('cp_figuree', 'Copie figurée');
INSERT INTO tradition (tradition_id, tradition_label) VALUES ('cp_informe', 'Copie informe');
INSERT INTO tradition (tradition_id, tradition_label) VALUES ('orig', 'Original');
INSERT INTO tradition (tradition_id, tradition_label) VALUES ('orig_multiple', 'Original multiple');
INSERT INTO tradition (tradition_id, tradition_label) VALUES ('chancellerie', 'Registre de chancellerie');
INSERT INTO type_acte (type_id, type_label) VALUES (1, 'Abbé, maison religieuse');
INSERT INTO type_acte (type_id, type_label) VALUES (2, 'Actes privés sous le sceau et/ou la signature de l’auteur');
INSERT INTO type_acte (type_id, type_label) VALUES (3, 'Actes privés sous le/les sceaux d’autorités locales');
INSERT INTO type_acte (type_id, type_label) VALUES (4, 'Administration centrale');
INSERT INTO type_acte (type_id, type_label) VALUES (5, 'Administration locale');
INSERT INTO type_acte (type_id, type_label) VALUES (6, 'Chapitre cathédral');
INSERT INTO type_acte (type_id, type_label) VALUES (7, 'Documents comptables, financiers et fiscaux');
INSERT INTO type_acte (type_id, type_label) VALUES (8, 'Documents de gestion domaniale');
INSERT INTO type_acte (type_id, type_label) VALUES (9, 'Documents féodaux');
INSERT INTO type_acte (type_id, type_label) VALUES (10, 'Documents judiciaires');
INSERT INTO type_acte (type_id, type_label) VALUES (11, 'Evêque');
INSERT INTO type_acte (type_id, type_label) VALUES (12, 'Juridiction gracieuse ecclésiastique');
INSERT INTO type_acte (type_id, type_label) VALUES (13, 'Juridiction gracieuse laïque');
INSERT INTO type_acte (type_id, type_label) VALUES (14, 'Juridiction gracieuse municipale');
INSERT INTO type_acte (type_id, type_label) VALUES (15, 'Légat');
INSERT INTO type_acte (type_id, type_label) VALUES (16, 'Notaire public');
INSERT INTO type_acte (type_id, type_label) VALUES (17, 'Notariats traditionnels');
INSERT INTO type_acte (type_id, type_label) VALUES (18, 'Notices');
INSERT INTO type_acte (type_id, type_label) VALUES (19, 'Pape');
INSERT INTO type_acte (type_id, type_label) VALUES (20, 'Prince, comte…');
INSERT INTO type_acte (type_id, type_label) VALUES (21, 'Souverain');
