DELETE FROM note ;
--========================================
------------------------------------------
------------------------------------------
------------------------------------------
--========================================
INSERT INTO note (note_id,note_type_id,user_ref,content) VALUES (0,0,'jpilla','Seine-et-Marne, cant. Lorrez-le-Bocage-Préaux (à égale distance environ de Nemours et Montereau).');
INSERT INTO note (note_id,note_type_id,user_ref,content) VALUES (1,0,'jpilla','Seine-et-Marne, cant. Montereau-Fault-Yonne.');
INSERT INTO note (note_id,note_type_id,user_ref,content) VALUES (2,0,'jpilla','Droit de couper ou de prendre du bois (lat. lignum).');
INSERT INTO note (note_id,note_type_id,user_ref,content) VALUES (3,0,'jpilla','L’année 1202 (a.st.) est, comme il est déjà usuel à la chancellerie royale sous le règne de Philippe Auguste, exprimée dans le style de Pâques ; elle va donc du 14 avril 1202 au 5 avril 1203 (n.st.). De leur côté, les années de règne de Philippe Auguste partent de son sacre, le 1er novembre 1179 (et non, comme ce sera la règle après lui, du jour de la mort du prédécesseur) ; sa 24e année de règne va donc du 1er novembre 1202 au 31 octobre 1203. L’acte est donc compris entre le 1er novembre 1202 et le 5 avril 1203 (n.st.). Par un hasard insigne, on dispose d’une autre version du même acte : elle est datée, plus précisément, de février 1202 (a.st.).');
INSERT INTO note (note_id,note_type_id,user_ref,content) VALUES (4,0,'jpilla','L’année 1202 (a.st.) est, comme il est déjà usuel à la chancellerie royale sous le règne de Philippe Auguste, exprimée dans le style de Pâques ; elle va donc du 14 avril 1202 au 5 avril 1203 (n.st.). De leur côté, les années de règne de Philippe Auguste partent de son sacre, le 1er novembre 1179 (et non, comme ce sera la règle après lui, du jour de la mort du prédécesseur) ; sa 24e année de règne va donc du 1er novembre 1202 au 31 octobre 1203. L’acte est donc compris entre le 1er novembre 1202 et le 5 avril 1203 (n.st.). Par un hasard insigne, on dispose d’une autre version du même acte : elle est datée, plus précisément, de février 1202 (a.st.).');
INSERT INTO note (note_id,note_type_id,user_ref,content) VALUES (5,0,'jpilla','La charge de sénéchal a été laissée vacante depuis la mort de Thibaud de Blois en 1191.');
INSERT INTO note (note_id,note_type_id,user_ref,content) VALUES (6,0,'jpilla','La charge est traditionnellement détenue par une famille de puissants chevaliers de Senlis, qui prirent le nom de Bouteillers.');
INSERT INTO note (note_id,note_type_id,user_ref,content) VALUES (7,0,'jpilla','Mathieu comte de Beaumont-sur-Oise.');
INSERT INTO note (note_id,note_type_id,user_ref,content) VALUES (8,0,'jpilla','Dreu de Mello.');
INSERT INTO note (note_id,note_type_id,user_ref,content) VALUES (9,0,'jpilla','La chancellerie elle aussi a été laissée vacante par Philippe Auguste, depuis 1185. Elle était dirigée par un chef effectif, qui prit rapidement le titre de garde des sceaux, "cil qui porte le scel". Dès la fin du XIIIe siècle, on lui donna par courtoisie (ou il prit par ailleurs) le titre de "chancelier", qui fut bientôt officiellement réintroduit à la chancellerie (alors qu’il restait hors d’usage à la Curie pontificale où la charge avait elle aussi été laissée vacante).');
INSERT INTO note (note_id,note_type_id,user_ref,content) VALUES (10,0,'jpilla','L’un des principaux conseillers du roi, frère hospitalier, élu évêque de Senlis en 1213/14. A compter de 1201, son intervention dans l’administration du royaume et plus spécialement à la chancellerie est marquée par cette formule "Donné... par la main de frère Guérin", qui bien sûr ne se rapporte pas à l’exécution matérielle , mais au rôle de chef de la chancellerie (la formule "Data par manum...", introduite à l’imitation évidente des privilèges pontificaux, est devenue dès les années 1110 la formule usuelle de la souscription de chancellerie au bas des actes royaux). Guérin sera d’ailleurs orné du titre de chancelier à la fin de sa vie (1223-1227).');
------------------------------------------
INSERT INTO note (note_id,note_type_id,user_ref,content) VALUES (11,0,'jpilla','Seine-et-Marne, cant. Lorrez-le-Bocage-Préaux (à égale distance environ de Nemours et Montereau).');
INSERT INTO note (note_id,note_type_id,user_ref,content) VALUES (12,0,'jpilla','Seine-et-Marne, cant. Montereau-Fault-Yonne.');
INSERT INTO note (note_id,note_type_id,user_ref,content) VALUES (13,0,'jpilla','Droit de couper ou de prendre du bois (lat. lignum).');
INSERT INTO note (note_id,note_type_id,user_ref,content) VALUES (14,0,'jpilla','L’année 1202 (a.st.) est, comme il est déjà usuel à la chancellerie royale sous le règne de Philippe Auguste, exprimée dans le style de Pâques ; elle va donc du 14 avril 1202 au 5 avril 1203 (n.st.). De leur côté, les années de règne de Philippe Auguste partent de son sacre, le 1er novembre 1179 (et non, comme ce sera la règle après lui, du jour de la mort du prédécesseur) ; sa 24e année de règne va donc du 1er novembre 1202 au 31 octobre 1203. L’acte est donc compris entre le 1er novembre 1202 et le 5 avril 1203 (n.st.). Par un hasard insigne, on dispose d’une autre version du même acte : elle est datée, plus précisément, de février 1202 (a.st.).');
INSERT INTO note (note_id,note_type_id,user_ref,content) VALUES (15,0,'jpilla','La charge de sénéchal a été laissée vacante depuis la mort de Thibaud de Blois en 1191.');
INSERT INTO note (note_id,note_type_id,user_ref,content) VALUES (16,0,'jpilla','La charge est traditionnellement détenue par une famille de puissants chevaliers de Senlis, qui prirent le nom de Bouteillers.');
INSERT INTO note (note_id,note_type_id,user_ref,content) VALUES (17,0,'jpilla','Mathieu comte de Beaumont-sur-Oise.');
INSERT INTO note (note_id,note_type_id,user_ref,content) VALUES (18,0,'jpilla','Dreu de Mello.');
INSERT INTO note (note_id,note_type_id,user_ref,content) VALUES (19,0,'jpilla','La chancellerie elle aussi a été laissée vacante par Philippe Auguste, depuis 1185. Elle était dirigée par un chef effectif, qui prit rapidement le titre de garde des sceaux, "cil qui porte le scel". Dès la fin du XIIIe siècle, on lui donna par courtoisie (ou il prit par ailleurs) le titre de "chancelier", qui fut bientôt officiellement réintroduit à la chancellerie (alors qu’il restait hors d’usage à la Curie pontificale où la charge avait elle aussi été laissée vacante).');
INSERT INTO note (note_id,note_type_id,user_ref,content) VALUES (20,0,'jpilla','L’un des principaux conseillers du roi, frère hospitalier, élu évêque de Senlis en 1213/14. A compter de 1201, son intervention dans l’administration du royaume et plus spécialement à la chancellerie est marquée par cette formule "Donné... par la main de frère Guérin", qui bien sûr ne se rapporte pas à l’exécution matérielle , mais au rôle de chef de la chancellerie (la formule "Data par manum...", introduite à l’imitation évidente des privilèges pontificaux, est devenue dès les années 1110 la formule usuelle de la souscription de chancellerie au bas des actes royaux). Guérin sera d’ailleurs orné du titre de chancelier à la fin de sa vie (1223-1227).');
------------------------------------------
INSERT INTO transcriptionHasNote (transcription_id,note_id,ptr_start,ptr_end) VALUES (1,0,238,246);
INSERT INTO transcriptionHasNote (transcription_id,note_id,ptr_start,ptr_end) VALUES (1,1,325,330);
INSERT INTO transcriptionHasNote (transcription_id,note_id,ptr_start,ptr_end) VALUES (1,2,372,380);
INSERT INTO transcriptionHasNote (transcription_id,note_id,ptr_start,ptr_end) VALUES (1,3,1577,1647);
INSERT INTO transcriptionHasNote (transcription_id,note_id,ptr_start,ptr_end) VALUES (1,4,1654,1662);
INSERT INTO transcriptionHasNote (transcription_id,note_id,ptr_start,ptr_end) VALUES (1,5,1781,1805);
INSERT INTO transcriptionHasNote (transcription_id,note_id,ptr_start,ptr_end) VALUES (1,6,1828,1840);
INSERT INTO transcriptionHasNote (transcription_id,note_id,ptr_start,ptr_end) VALUES (1,7,1844,1851);
INSERT INTO transcriptionHasNote (transcription_id,note_id,ptr_start,ptr_end) VALUES (1,8,1872,1880);
INSERT INTO transcriptionHasNote (transcription_id,note_id,ptr_start,ptr_end) VALUES (1,9,1912,1931);
INSERT INTO transcriptionHasNote (transcription_id,note_id,ptr_start,ptr_end) VALUES (1,10,1957,1981);
------------------------------------------
INSERT INTO translationHasNote (translation_id,note_id,ptr_start,ptr_end) VALUES (1,11,165,170);
INSERT INTO translationHasNote (translation_id,note_id,ptr_start,ptr_end) VALUES (1,12,223,229);
INSERT INTO translationHasNote (translation_id,note_id,ptr_start,ptr_end) VALUES (1,13,259,266);
INSERT INTO translationHasNote (translation_id,note_id,ptr_start,ptr_end) VALUES (1,14,1215,1253);
INSERT INTO translationHasNote (translation_id,note_id,ptr_start,ptr_end) VALUES (1,15,1348,1369);
INSERT INTO translationHasNote (translation_id,note_id,ptr_start,ptr_end) VALUES (1,16,1397,1409);
INSERT INTO translationHasNote (translation_id,note_id,ptr_start,ptr_end) VALUES (1,17,1415,1424);
INSERT INTO translationHasNote (translation_id,note_id,ptr_start,ptr_end) VALUES (1,18,1448,1452);
INSERT INTO translationHasNote (translation_id,note_id,ptr_start,ptr_end) VALUES (1,19,1483,1513);
INSERT INTO translationHasNote (translation_id,note_id,ptr_start,ptr_end) VALUES (1,20,1535,1548);
--========================================
------------------------------------------
------------------------------------------
------------------------------------------
--========================================
------------------------------------------
------------------------------------------
------------------------------------------
--========================================
------------------------------------------
------------------------------------------
------------------------------------------
--========================================
------------------------------------------
------------------------------------------
------------------------------------------
--========================================
------------------------------------------
------------------------------------------
------------------------------------------
--========================================
------------------------------------------
------------------------------------------
------------------------------------------
--========================================
------------------------------------------
------------------------------------------
------------------------------------------
--========================================
------------------------------------------
------------------------------------------
------------------------------------------
--========================================
------------------------------------------
------------------------------------------
------------------------------------------
--========================================
------------------------------------------
------------------------------------------
------------------------------------------
--========================================
------------------------------------------
------------------------------------------
------------------------------------------
--========================================
------------------------------------------
------------------------------------------
------------------------------------------
--========================================
------------------------------------------
------------------------------------------
------------------------------------------
--========================================
------------------------------------------
------------------------------------------
------------------------------------------
--========================================
------------------------------------------
------------------------------------------
------------------------------------------
--========================================
------------------------------------------
------------------------------------------
------------------------------------------
--========================================
------------------------------------------
------------------------------------------
------------------------------------------
--========================================
------------------------------------------
------------------------------------------
------------------------------------------
--========================================
------------------------------------------
------------------------------------------
------------------------------------------
--========================================
INSERT INTO note (note_id,note_type_id,user_ref,content) VALUES (21,0,'jpilla','pitanciers : officiers monastiques chargés de l’approvisionnement et de la distribution de la nourriture. A leur office (Pitancerie) est souvent affectée une portion du patrimoine, dont ils ont la gestion.');
INSERT INTO note (note_id,note_type_id,user_ref,content) VALUES (22,0,'jpilla','L’abbaye Saint-Germain-des-Prés est encore hors les murs ("delez" ou "lez" = "près de", comme par ex. dans Villeneuve-lès-Avignon).');
INSERT INTO note (note_id,note_type_id,user_ref,content) VALUES (23,0,'jpilla','L’abbaye Saint-Germain-des-Prés est encore hors les murs ("delez" ou "lez" = "près de", comme par ex. dans Villeneuve-lès-Avignon).');
INSERT INTO note (note_id,note_type_id,user_ref,content) VALUES (24,0,'jpilla','Saint-André-des-Arts.');
INSERT INTO note (note_id,note_type_id,user_ref,content) VALUES (25,0,'jpilla','Pierre Bertrand, évêque d’Autun, promu le 20 décembre 1331 cardinal-prêtre du titre de Saint-Clément (dit le cardinal d’Autun). Mort en 1348.');
------------------------------------------
------------------------------------------
INSERT INTO transcriptionHasNote (transcription_id,note_id,ptr_start,ptr_end) VALUES (21,21,138,149);
INSERT INTO transcriptionHasNote (transcription_id,note_id,ptr_start,ptr_end) VALUES (21,22,153,167);
INSERT INTO transcriptionHasNote (transcription_id,note_id,ptr_start,ptr_end) VALUES (21,23,174,190);
INSERT INTO transcriptionHasNote (transcription_id,note_id,ptr_start,ptr_end) VALUES (21,24,430,449);
INSERT INTO transcriptionHasNote (transcription_id,note_id,ptr_start,ptr_end) VALUES (21,25,1118,1133);
------------------------------------------
--========================================
------------------------------------------
------------------------------------------
------------------------------------------
--========================================
INSERT INTO note (note_id,note_type_id,user_ref,content) VALUES (26,0,'jpilla','Le roi de France a réuni à la couronne l’Anjou après la mort du roi René en 1480, et le reste des possessions et prétentions angevines (royaume de "Sicile", titre de roi de Jérusalem, Provence) à la mort sans héritier de Charles du Maine le 11 décembre 1481. Le petit-fils de René, René II duc de Lorraine, a attaqué les testaments de René d’Anjou et Charles, réclamant l’héritage au nom de sa mère Yolande, fille de René, en vain : la Provence est définitivement intégrée par le Parlement au royaume de France en octobre 1486. Mais Jeanne de Laval († 1498), seconde épouse de René d’Anjou, a conservé la titulature complète à titre honorifique et l’usufruit de quelques seigneuries, dont Saint-Remy-de-Provence.');
INSERT INTO note (note_id,note_type_id,user_ref,content) VALUES (27,0,'jpilla','Le roi de France a réuni à la couronne l’Anjou après la mort du roi René en 1480, et le reste des possessions et prétentions angevines (royaume de "Sicile", titre de roi de Jérusalem, Provence) à la mort sans héritier de Charles du Maine le 11 décembre 1481. Le petit-fils de René, René II duc de Lorraine, a attaqué les testaments de René d’Anjou et Charles, réclamant l’héritage au nom de sa mère Yolande, fille de René, en vain : la Provence est définitivement intégrée par le Parlement au royaume de France en octobre 1486. Mais Jeanne de Laval († 1498), seconde épouse de René d’Anjou, a conservé la titulature complète à titre honorifique et l’usufruit de quelques seigneuries, dont Saint-Remy-de-Provence.');
INSERT INTO note (note_id,note_type_id,user_ref,content) VALUES (28,0,'jpilla','L’attache, pratique intensifiée dans les administrations financières au XIVe siècle, consiste à attacher un acte à un autre, souvent par un petit tortil de parchemin, qui peut être lui-même assujetti et validé par un sceau. Dans l’administration royale, elle est spécialement utilisée dans les procédures de contrôle des dépenses et des actes royaux qui les ordonnent : ceux-ci, au-delà d’une certaine somme, doivent être avalisés par les gens des comptes, les généraux des finances..., qui délivrent un mandement d’éxécution, dit "lettres d’attache", auquel est attaché l’acte royal visé. Ici, la fonction de l’attache est banalisée : c’est la simple transmission d’une "pièce jointe".');
INSERT INTO note (note_id,note_type_id,user_ref,content) VALUES (29,0,'jpilla','L’attache, pratique intensifiée dans les administrations financières au XIVe siècle, consiste à attacher un acte à un autre, souvent par un petit tortil de parchemin, qui peut être lui-même assujetti et validé par un sceau. Dans l’administration royale, elle est spécialement utilisée dans les procédures de contrôle des dépenses et des actes royaux qui les ordonnent : ceux-ci, au-delà d’une certaine somme, doivent être avalisés par les gens des comptes, les généraux des finances..., qui délivrent un mandement d’éxécution, dit "lettres d’attache", auquel est attaché l’acte royal visé. Ici, la fonction de l’attache est banalisée : c’est la simple transmission d’une "pièce jointe".');
INSERT INTO note (note_id,note_type_id,user_ref,content) VALUES (30,0,'jpilla','Expression caractéristique (en occitan per sol et liura) des impositions proportionnelles au patrimoine des contribuables ; elle présuppose en général l’établissement de livres d’estimation de la valeur fiscale de ce patrimoine (estimes, cadastres, nommées...).');
INSERT INTO note (note_id,note_type_id,user_ref,content) VALUES (31,0,'jpilla','Au sens d’universitas, "communauté" (l’universitas studiorum n’étant qu’un cas parmi d’autres).');
INSERT INTO note (note_id,note_type_id,user_ref,content) VALUES (32,0,'jpilla','Le style de Pâques, introduit en Provence au XIIIe siècle par les princes angevins, est certainement employé ici. Or Pâques tombe en 1487 le 15 avril et en 1488 le 6 avril. Le mandement est donc de la veille de Pâques 1488.');
------------------------------------------
------------------------------------------
INSERT INTO transcriptionHasNote (transcription_id,note_id,ptr_start,ptr_end) VALUES (23,26,11,133);
INSERT INTO transcriptionHasNote (transcription_id,note_id,ptr_start,ptr_end) VALUES (23,27,140,217);
INSERT INTO transcriptionHasNote (transcription_id,note_id,ptr_start,ptr_end) VALUES (23,28,375,382);
INSERT INTO transcriptionHasNote (transcription_id,note_id,ptr_start,ptr_end) VALUES (23,29,389,414);
INSERT INTO transcriptionHasNote (transcription_id,note_id,ptr_start,ptr_end) VALUES (23,30,831,847);
INSERT INTO transcriptionHasNote (transcription_id,note_id,ptr_start,ptr_end) VALUES (23,31,1013,1032);
INSERT INTO transcriptionHasNote (transcription_id,note_id,ptr_start,ptr_end) VALUES (23,32,1405,1452);
------------------------------------------
--========================================
------------------------------------------
------------------------------------------
------------------------------------------
--========================================
------------------------------------------
------------------------------------------
------------------------------------------
--========================================
INSERT INTO note (note_id,note_type_id,user_ref,content) VALUES (33,0,'jpilla','Juge en matière contentieuse et gracieuse, délégué de l’évêque.');
INSERT INTO note (note_id,note_type_id,user_ref,content) VALUES (34,0,'jpilla','Oise, cant. Grandvilliers.');
INSERT INTO note (note_id,note_type_id,user_ref,content) VALUES (35,0,'jpilla','Oise, cant. Mouy.');
INSERT INTO note (note_id,note_type_id,user_ref,content) VALUES (36,0,'jpilla','Abbaye bénédictine (Oise, cant. Le Coudray-Saint-Germer).');
INSERT INTO note (note_id,note_type_id,user_ref,content) VALUES (37,0,'jpilla','Ancien habitat sur la commune de Senantes (Oise, cant. Songeons).');
INSERT INTO note (note_id,note_type_id,user_ref,content) VALUES (38,0,'jpilla','Tante maternelle d’après l’étymologie (mater), mais parfois pris comme amita au sens de tante paternelle (voir Du Cange, Glossarium).');
INSERT INTO note (note_id,note_type_id,user_ref,content) VALUES (39,0,'jpilla','L’émine (mina) est une mesure de capacité des céréales ; par extension l’éminée est une mesure de superficie (terre recevant en principe une émine de semence).');
INSERT INTO note (note_id,note_type_id,user_ref,content) VALUES (40,0,'jpilla','L’expression pourrait fonctionner comme un microtoponyme, mais, suivie d’un génitif (dictorum abbatis...), elle peut être aussi comprise comme la référence à un élément précis du paysage; le metz (forme la plus courante dans la région), mansus, masus, est un ensemble de bâtiments d’exploitation et de terres.');
INSERT INTO note (note_id,note_type_id,user_ref,content) VALUES (41,0,'jpilla','Mode de tenure de la terre à part de fruits.');
INSERT INTO note (note_id,note_type_id,user_ref,content) VALUES (42,0,'jpilla','Les deniers parisis sont la monnaie frappée à Paris, puis l’une des deux grandes monnaies royales (avec le tournois), qui peut être frappée ailleurs; l’expression ne vise a priori qu’une monnaie de compte ; seuls les deniers sont frappés, les sous et les livres sont donc « de [deniers] parisis » (au génitif en latin).');
INSERT INTO note (note_id,note_type_id,user_ref,content) VALUES (43,0,'jpilla','La foi corporelle indique que le serment a impliqué un contact corporel avec un objet lui-même en rapport avec le sacré (évangiles, croix, reliques...)');
INSERT INTO note (note_id,note_type_id,user_ref,content) VALUES (44,0,'jpilla','Attention aux millésimes exprimés en ancien style ; vu la région et la période, il y a de grandes chances que le style utilisé soit ou Pâques ou l’Annonciation florentine ; tout doute est ici levé par la date du jour, postérieur à Pâques: on est bien en 1248 nouveau style.');
INSERT INTO note (note_id,note_type_id,user_ref,content) VALUES (45,0,'jpilla','Attention aux millésimes exprimés en ancien style ; vu la région et la période, il y a de grandes chances que le style utilisé soit ou Pâques ou l’Annonciation florentine ; tout doute est ici levé par la date du jour, postérieur à Pâques: on est bien en 1248 nouveau style.');
INSERT INTO note (note_id,note_type_id,user_ref,content) VALUES (46,0,'jpilla','« Jubilate » est l’introït du troisième dimanche après Pâques (Cappelli, éd. 1978, p. 116 ; Giry, p. 267) ; le millésime ne correspondrait pas au nôtre qu’en cas d’usage du style pisan, totalement exclu ici. C’est donc sous l’année 1248 (n.st.) qu’il faut chercher dans les outils modernes la concordance du quantième, du mois et du jour de la semaine. D’après Cappelli, en 1248 Pâques tombe le 19 avril (p. 262) ; une année où Pâques tombe le 19 avril, le dimanche de Jubilate tombe le 10 mai (p. 92), l’acte est donc du 11 mai 1248. D’après Giry, 1248 a pour lettres dominicales ED (p. 197) ; pour une telle année (calendrier D) où en outre Pâques tombe le 19 avril, le dimanche de Jubilate tombe le 10 mai (p. 237), l’acte est donc du 11 mai 1248.');
------------------------------------------
INSERT INTO note (note_id,note_type_id,user_ref,content) VALUES (47,0,'jpilla','Juge en matière contentieuse et gracieuse, délégué de l’évêque.');
INSERT INTO note (note_id,note_type_id,user_ref,content) VALUES (48,0,'jpilla','Oise, cant. Grandvilliers.');
INSERT INTO note (note_id,note_type_id,user_ref,content) VALUES (49,0,'jpilla','Oise, cant. Mouy.');
INSERT INTO note (note_id,note_type_id,user_ref,content) VALUES (50,0,'jpilla','Abbaye bénédictine (Oise, cant. Le Coudray-Saint-Germer).');
INSERT INTO note (note_id,note_type_id,user_ref,content) VALUES (51,0,'jpilla','Ancien habitat sur la commune de Senantes (Oise, cant. Songeons).');
INSERT INTO note (note_id,note_type_id,user_ref,content) VALUES (52,0,'jpilla','Tante maternelle d’après l’étymologie (mater), mais parfois pris comme amita au sens de tante paternelle (voir Du Cange, Glossarium).');
INSERT INTO note (note_id,note_type_id,user_ref,content) VALUES (53,0,'jpilla','L’émine (mina) est une mesure de capacité des céréales ; par extension l’éminée est une mesure de superficie (terre recevant en principe une émine de semence).');
INSERT INTO note (note_id,note_type_id,user_ref,content) VALUES (54,0,'jpilla','L’expression pourrait fonctionner comme un microtoponyme, mais, suivie d’un génitif (dictorum abbatis...), elle peut être aussi comprise comme la référence à un élément précis du paysage; le metz (forme la plus courante dans la région), mansus, masus, est un ensemble de bâtiments d’exploitation et de terres.');
INSERT INTO note (note_id,note_type_id,user_ref,content) VALUES (55,0,'jpilla','Mode de tenure de la terre à part de fruits.');
INSERT INTO note (note_id,note_type_id,user_ref,content) VALUES (56,0,'jpilla','Les deniers parisis sont la monnaie frappée à Paris, puis l’une des deux grandes monnaies royales (avec le tournois), qui peut être frappée ailleurs ; l’expression ne vise a priori qu’une monnaie de compte ; seuls les deniers sont frappés, les sous et les livres sont donc « de [deniers] parisis » (au génitif en latin).');
INSERT INTO note (note_id,note_type_id,user_ref,content) VALUES (57,0,'jpilla','La foi corporelle indique que le serment a impliqué un contact corporel avec un objet lui-même en rapport avec le sacré (évangiles, croix, reliques...)');
INSERT INTO note (note_id,note_type_id,user_ref,content) VALUES (58,0,'jpilla','Attention aux millésimes exprimés en ancien style ; vu la région et la période, il y a de grandes chances que le style utilisé soit ou Pâques ou l’Annonciation florentine ; tout doute est ici levé par la date du jour, postérieur à Pâques: on est bien en 1248 nouveau style.');
INSERT INTO note (note_id,note_type_id,user_ref,content) VALUES (59,0,'jpilla','"Jubilate" est l’introït du troisième dimanche après Pâques (Cappelli, éd. 1978, p. 116 ; Giry, p. 267) ; le millésime ne correspondrait pas au nôtre qu’en cas d’usage du style pisan, totalement exclu ici. C’est donc sous l’année 1248 (n.st.) qu’il faut chercher dans les outils modernes la concordance du quantième, du mois et du jour de la semaine. D’après Cappelli, en 1248 Pâques tombe le 19 avril (p. 262) ; une année où Pâques tombe le 19 avril, le dimanche de Jubilate tombe le 10 mai (p. 92), l’acte est donc du 11 mai 1248. D’après Giry, 1248 a pour lettres dominicales ED (p. 197) ; pour une telle année (calendrier D) où en outre Pâques tombe le 19 avril, le dimanche de Jubilate tombe le 10 mai (p. 237), l’acte est donc du 11 mai 1248.');
------------------------------------------
INSERT INTO transcriptionHasNote (transcription_id,note_id,ptr_start,ptr_end) VALUES (26,33,98,117);
INSERT INTO transcriptionHasNote (transcription_id,note_id,ptr_start,ptr_end) VALUES (26,34,357,361);
INSERT INTO transcriptionHasNote (transcription_id,note_id,ptr_start,ptr_end) VALUES (26,35,365,396);
INSERT INTO transcriptionHasNote (transcription_id,note_id,ptr_start,ptr_end) VALUES (26,36,639,703);
INSERT INTO transcriptionHasNote (transcription_id,note_id,ptr_start,ptr_end) VALUES (26,37,827,833);
INSERT INTO transcriptionHasNote (transcription_id,note_id,ptr_start,ptr_end) VALUES (26,38,835,844);
INSERT INTO transcriptionHasNote (transcription_id,note_id,ptr_start,ptr_end) VALUES (26,39,879,884);
INSERT INTO transcriptionHasNote (transcription_id,note_id,ptr_start,ptr_end) VALUES (26,40,909,914);
INSERT INTO transcriptionHasNote (transcription_id,note_id,ptr_start,ptr_end) VALUES (26,41,1078,1089);
INSERT INTO transcriptionHasNote (transcription_id,note_id,ptr_start,ptr_end) VALUES (26,42,1122,1142);
INSERT INTO transcriptionHasNote (transcription_id,note_id,ptr_start,ptr_end) VALUES (26,43,1440,1450);
INSERT INTO transcriptionHasNote (transcription_id,note_id,ptr_start,ptr_end) VALUES (26,44,2966,2976);
INSERT INTO transcriptionHasNote (transcription_id,note_id,ptr_start,ptr_end) VALUES (26,45,2989,2993);
INSERT INTO transcriptionHasNote (transcription_id,note_id,ptr_start,ptr_end) VALUES (26,46,2998,3025);
------------------------------------------
INSERT INTO translationHasNote (translation_id,note_id,ptr_start,ptr_end) VALUES (26,47,60,70);
INSERT INTO translationHasNote (translation_id,note_id,ptr_start,ptr_end) VALUES (26,48,186,190);
INSERT INTO translationHasNote (translation_id,note_id,ptr_start,ptr_end) VALUES (26,49,195,206);
INSERT INTO translationHasNote (translation_id,note_id,ptr_start,ptr_end) VALUES (26,50,380,399);
INSERT INTO translationHasNote (translation_id,note_id,ptr_start,ptr_end) VALUES (26,51,480,486);
INSERT INTO translationHasNote (translation_id,note_id,ptr_start,ptr_end) VALUES (26,52,488,504);
INSERT INTO translationHasNote (translation_id,note_id,ptr_start,ptr_end) VALUES (26,53,540,547);
INSERT INTO translationHasNote (translation_id,note_id,ptr_start,ptr_end) VALUES (26,54,564,568);
INSERT INTO translationHasNote (translation_id,note_id,ptr_start,ptr_end) VALUES (26,55,651,659);
INSERT INTO translationHasNote (translation_id,note_id,ptr_start,ptr_end) VALUES (26,56,712,727);
INSERT INTO translationHasNote (translation_id,note_id,ptr_start,ptr_end) VALUES (26,57,934,944);
INSERT INTO translationHasNote (translation_id,note_id,ptr_start,ptr_end) VALUES (26,58,1902,1906);
INSERT INTO translationHasNote (translation_id,note_id,ptr_start,ptr_end) VALUES (26,59,1911,1931);
--========================================
INSERT INTO note (note_id,note_type_id,user_ref,content) VALUES (60,0,'jpilla','Meaux, Seine-et-Marne, ch.-l. arr.');
INSERT INTO note (note_id,note_type_id,user_ref,content) VALUES (61,0,'jpilla','Féminin de domicellus/ damoiseau, diminutif de domina (« madame »), titre de courtoisie dont l’usage se codifie à l’époque, à l’adresse des femmes de la petite noblesse.');
INSERT INTO note (note_id,note_type_id,user_ref,content) VALUES (62,0,'jpilla','Plusieurs identifications possibles en raison de la fréquence du nom, mais il existe un hameau dit « Lessart »sur la commune de Marchémoret.');
INSERT INTO note (note_id,note_type_id,user_ref,content) VALUES (63,0,'jpilla','Association habituelle, dans les actes et les sceaux, de l’abbé, chef de la communauté, et de celle-ci, qui doit ratifier sa gestion aux termes du droit canonique.');
INSERT INTO note (note_id,note_type_id,user_ref,content) VALUES (64,0,'jpilla','Chaalis, abbaye cistercienne, fille de Pontigny, fondée en 1136 (Oise, cant. Nanteuil-le-Haudouin, comm. Fontaine-Chaalis). L’abbaye est au diocèse de Senlis, mais on choisit naturellement l’officialité de Meaux, diocèse de résidence du vendeur.');
INSERT INTO note (note_id,note_type_id,user_ref,content) VALUES (65,0,'jpilla','Marchémoret, localité à une douzaine de km au SE de Chaalis (Seine-et-Marne, cant. Dammartin-en-Goële).');
INSERT INTO note (note_id,note_type_id,user_ref,content) VALUES (66,0,'jpilla','Monnaie tournois, à l’origine frappée à Tours ; l’un des deux grands monnayages royaux après la conquête de la Touraine par Philippe Auguste. L’expression est au génitif pluriel car l’on sous-entend « (livres) de deniers (tournois) ».');
INSERT INTO note (note_id,note_type_id,user_ref,content) VALUES (67,0,'jpilla','Le sens technique « classique » des deux termes est maintenant bien fixé (dotalicium = douaire constitué par le mari, dos = dot apportée par l’épouse).');
INSERT INTO note (note_id,note_type_id,user_ref,content) VALUES (68,0,'jpilla','Bouleurs (Seine-et-Marne, cant. Crécy-la-Chapelle).');
------------------------------------------
INSERT INTO note (note_id,note_type_id,user_ref,content) VALUES (69,0,'jpilla','Meaux, Seine-et-Marne, ch.-l. arr.');
INSERT INTO note (note_id,note_type_id,user_ref,content) VALUES (70,0,'jpilla','Féminin de domicellus/ damoiseau, diminutif de domina (« madame »), titre de courtoisie dont l’usage se codifie à l’époque, à l’adresse des femmes de la petite noblesse.');
INSERT INTO note (note_id,note_type_id,user_ref,content) VALUES (71,0,'jpilla','Plusieurs identifications possibles en raison de la fréquence du nom, mais il existe un hameau dit « Lessart »sur la commune de Marchémoret.');
INSERT INTO note (note_id,note_type_id,user_ref,content) VALUES (72,0,'jpilla','Association habituelle, dans les actes et les sceaux, de l’abbé, chef de la communauté, et de celle-ci, qui doit ratifier sa gestion aux termes du droit canonique.');
INSERT INTO note (note_id,note_type_id,user_ref,content) VALUES (73,0,'jpilla','Association habituelle, dans les actes et les sceaux, de l’abbé, chef de la communauté, et de celle-ci, qui doit ratifier sa gestion aux termes du droit canonique.');
INSERT INTO note (note_id,note_type_id,user_ref,content) VALUES (74,0,'jpilla','Chaalis, abbaye cistercienne, fille de Pontigny, fondée en 1136 (Oise, cant. Nanteuil-le-Haudouin, comm. Fontaine-Chaalis). L’abbaye est au diocèse de Senlis, mais on choisit naturellement l’officialité de Meaux, diocèse de résidence du vendeur.');
INSERT INTO note (note_id,note_type_id,user_ref,content) VALUES (75,0,'jpilla','Marchémoret, localité à une douzaine de km au SE de Chaalis (Seine-et-Marne, cant. Dammartin-en-Goële).');
INSERT INTO note (note_id,note_type_id,user_ref,content) VALUES (76,0,'jpilla','Monnaie tournois, à l’origine frappée à Tours ; l’un des deux grands monnayages royaux après la conquête de la Touraine par Philippe Auguste. L’expression est au génitif pluriel car l’on sous-entend « (livres) de deniers (tournois) ».');
INSERT INTO note (note_id,note_type_id,user_ref,content) VALUES (77,0,'jpilla','Le sens technique « classique » des deux termes est maintenant bien fixé (dotalicium = douaire constitué par le mari, dos = dot apportée par l’épouse).');
INSERT INTO note (note_id,note_type_id,user_ref,content) VALUES (78,0,'jpilla','Bouleurs (Seine-et-Marne, cant. Crécy-la-Chapelle).');
------------------------------------------
INSERT INTO transcriptionHasNote (transcription_id,note_id,ptr_start,ptr_end) VALUES (27,60,133,151);
INSERT INTO transcriptionHasNote (transcription_id,note_id,ptr_start,ptr_end) VALUES (27,61,276,285);
INSERT INTO transcriptionHasNote (transcription_id,note_id,ptr_start,ptr_end) VALUES (27,62,358,366);
INSERT INTO transcriptionHasNote (transcription_id,note_id,ptr_start,ptr_end) VALUES (27,63,464,492);
INSERT INTO transcriptionHasNote (transcription_id,note_id,ptr_start,ptr_end) VALUES (27,64,502,512);
INSERT INTO transcriptionHasNote (transcription_id,note_id,ptr_start,ptr_end) VALUES (27,65,665,677);
INSERT INTO transcriptionHasNote (transcription_id,note_id,ptr_start,ptr_end) VALUES (27,66,815,835);
INSERT INTO transcriptionHasNote (transcription_id,note_id,ptr_start,ptr_end) VALUES (27,67,1410,1430);
INSERT INTO transcriptionHasNote (transcription_id,note_id,ptr_start,ptr_end) VALUES (27,68,1714,1722);
------------------------------------------
INSERT INTO translationHasNote (translation_id,note_id,ptr_start,ptr_end) VALUES (27,69,85,90);
INSERT INTO translationHasNote (translation_id,note_id,ptr_start,ptr_end) VALUES (27,70,182,192);
INSERT INTO translationHasNote (translation_id,note_id,ptr_start,ptr_end) VALUES (27,71,207,214);
INSERT INTO translationHasNote (translation_id,note_id,ptr_start,ptr_end) VALUES (27,72,342,355);
INSERT INTO translationHasNote (translation_id,note_id,ptr_start,ptr_end) VALUES (27,73,362,369);
INSERT INTO translationHasNote (translation_id,note_id,ptr_start,ptr_end) VALUES (27,74,373,380);
INSERT INTO translationHasNote (translation_id,note_id,ptr_start,ptr_end) VALUES (27,75,474,485);
INSERT INTO translationHasNote (translation_id,note_id,ptr_start,ptr_end) VALUES (27,76,567,575);
INSERT INTO translationHasNote (translation_id,note_id,ptr_start,ptr_end) VALUES (27,77,994,1014);
INSERT INTO translationHasNote (translation_id,note_id,ptr_start,ptr_end) VALUES (27,78,1182,1190);
--========================================
INSERT INTO note (note_id,note_type_id,user_ref,content) VALUES (79,0,'jpilla','Oissery (Seine-et-Marne, cant. Dammartin-en-Goële). Noter deux graphies différentes, ici «  Osseriacum  », plus bas «  Oisseriacum  ».');
INSERT INTO note (note_id,note_type_id,user_ref,content) VALUES (80,0,'jpilla','Les allusions à la mainmorte se multiplient au cours du XIIIe siècle, jusqu’à ce que le roi de France en fasse un impôt. Recueillis par une personne morale (en particulier tout type de maison ecclésiastique), les biens tenus à cens tombent en «  main morte  » : le propriétaire éminent ("censuel") peut s’estimer lésé du fait qu’il n’y aura plus de changement de détenteur, donc plus d’occasion de percevoir de droit de mutation, d’investiture du nouveau détenteur. L’habitude se prend donc de monnayer l’accord du propriétaire éminent pour obtenir son «  abandon en mainmorte  » (ou alors de négocier cet abandon comme un don charitable).');
INSERT INTO note (note_id,note_type_id,user_ref,content) VALUES (81,0,'jpilla','Les allusions à la mainmorte se multiplient au cours du XIIIe siècle, jusqu’à ce que le roi de France en fasse un impôt. Recueillis par une personne morale (en particulier tout type de maison ecclésiastique), les biens tenus à cens tombent en «  main morte  » : le propriétaire éminent ("censuel") peut s’estimer lésé du fait qu’il n’y aura plus de changement de détenteur, donc plus d’occasion de percevoir de droit de mutation, d’investiture du nouveau détenteur. L’habitude se prend donc de monnayer l’accord du propriétaire éminent pour obtenir son «  abandon en mainmorte  » (ou alors de négocier cet abandon comme un don charitable).');
INSERT INTO note (note_id,note_type_id,user_ref,content) VALUES (82,0,'jpilla','Au plan du droit canon, les occupants de l’abbaye ayant « voix au chapitre » se divisent en un « abbé », chef, et un « convent », communauté qui contrôle la régularité de la gestion abbatiale.');
INSERT INTO note (note_id,note_type_id,user_ref,content) VALUES (83,0,'jpilla','Au plan du droit canon, les occupants de l’abbaye ayant « voix au chapitre » se divisent en un « abbé », chef, et un « convent », communauté qui contrôle la régularité de la gestion abbatiale.');
INSERT INTO note (note_id,note_type_id,user_ref,content) VALUES (84,0,'jpilla','Chaalis : fille de Pontigny, fondée en 1136 (Oise, cant. Nanteuil-le-Haudouin, comm. Fontaine-Chaalis).');
INSERT INTO note (note_id,note_type_id,user_ref,content) VALUES (85,0,'jpilla','La censive ne désigne pas forcément un territoire compact, mais de façon générale, quel que soit son dessin sur le terrain, l’ensemble des terres soumises à la propriété éminente du seigneur censuel.');
INSERT INTO note (note_id,note_type_id,user_ref,content) VALUES (86,0,'jpilla','Acy-en-Multien (Oise, cant. Betz). Le chemin d’Acy quitte Oissery vers l’est (actuelle D 99).');
INSERT INTO note (note_id,note_type_id,user_ref,content) VALUES (87,0,'jpilla','Saint-Pathus (Seine-et-Marne, cant. Dammartin-en-Goële) est voisin d’Oissery. Guillaume de Saint-Pathus est homonyme et très vraisemblablement parent du franciscain qui, confesseur de la reine Marguerite (1277-1295) puis de sa fille, a mis par écrit une vie et des miracles de saint Louis : on sait que le frère mineur est petit-fils d’un Guillaume des Barres, seigneur d’Oissery († 1243).');
INSERT INTO note (note_id,note_type_id,user_ref,content) VALUES (88,0,'jpilla','Le verbe movere/mouvoir, pris absolument et associé à un seigneur, renvoie presque certainement à un rapport féodal.');
INSERT INTO note (note_id,note_type_id,user_ref,content) VALUES (89,0,'jpilla','À l’origine frappé à Paris, le parisis est le grand monnayage des rois capétiens, auquel Philippe Auguste ajoute le tournois, avec qui il entre vite dans un rapport fixe (4 d. parisis = 5 d. tournois). L’expression est au génitif pluriel car l’on sous-entend « (livres) de deniers (parisiis) », de même que l’on devrait dire en français « livres de parisis ».');
------------------------------------------
INSERT INTO note (note_id,note_type_id,user_ref,content) VALUES (90,0,'jpilla','Oissery (Seine-et-Marne, cant. Dammartin-en-Goële). Noter deux graphies différentes, ici «  Osseriacum  », plus bas «  Oisseriacum  ».');
INSERT INTO note (note_id,note_type_id,user_ref,content) VALUES (91,0,'jpilla','Les allusions à la mainmorte se multiplient au cours du XIIIe siècle, jusqu’à ce que le roi de France en fasse un impôt. Recueillis par une personne morale (en particulier tout type de maison ecclésiastique), les biens tenus à cens tombent en «  main morte  » : le propriétaire éminent ("censuel") peut s’estimer lésé du fait qu’il n’y aura plus de changement de détenteur, donc plus d’occasion de percevoir de droit de mutation, d’investiture du nouveau détenteur. L’habitude se prend donc de monnayer l’accord du propriétaire éminent pour obtenir son «  abandon en mainmorte  » (ou alors de négocier cet abandon comme un don charitable).');
INSERT INTO note (note_id,note_type_id,user_ref,content) VALUES (92,0,'jpilla','Au plan du droit canon, les occupants de l’abbaye ayant « voix au chapitre » se divisent en un « abbé », chef, et un « convent », communauté qui contrôle la régularité de la gestion abbatiale.');
INSERT INTO note (note_id,note_type_id,user_ref,content) VALUES (93,0,'jpilla','Au plan du droit canon, les occupants de l’abbaye ayant « voix au chapitre » se divisent en un « abbé », chef, et un « convent », communauté qui contrôle la régularité de la gestion abbatiale.');
INSERT INTO note (note_id,note_type_id,user_ref,content) VALUES (94,0,'jpilla','Chaalis : fille de Pontigny, fondée en 1136 (Oise, cant. Nanteuil-le-Haudouin, comm. Fontaine-Chaalis).');
INSERT INTO note (note_id,note_type_id,user_ref,content) VALUES (95,0,'jpilla','La censive ne désigne pas forcément un territoire compact, mais de façon générale, quel que soit son dessin sur le terrain, l’ensemble des terres soumises à la propriété éminente du seigneur censuel.');
INSERT INTO note (note_id,note_type_id,user_ref,content) VALUES (96,0,'jpilla','Acy-en-Multien (Oise, cant. Betz). Le chemin d’Acy quitte Oissery vers l’est (actuelle D 99).');
INSERT INTO note (note_id,note_type_id,user_ref,content) VALUES (97,0,'jpilla','Le verbe movere/mouvoir, pris absolument et associé à un seigneur, renvoie presque certainement à un rapport féodal.');
INSERT INTO note (note_id,note_type_id,user_ref,content) VALUES (98,0,'jpilla','Saint-Pathus (Seine-et-Marne, cant. Dammartin-en-Goële) est voisin d’Oissery. Guillaume de Saint-Pathus est homonyme et très vraisemblablement parent du franciscain qui, confesseur de la reine Marguerite (1277-1295) puis de sa fille, a mis par écrit une vie et des miracles de saint Louis : on sait que le frère mineur est petit-fils d’un Guillaume des Barres, seigneur d’Oissery († 1243).');
INSERT INTO note (note_id,note_type_id,user_ref,content) VALUES (99,0,'jpilla','À l’origine frappé à Paris, le parisis est le grand monnayage des rois capétiens, auquel Philippe Auguste ajoute le tournois, avec qui il entre vite dans un rapport fixe (4 d. parisis = 5 d. tournois). L’expression est au génitif pluriel car l’on sous-entend (livres) de deniers (parisiis) », de même que l’on devrait dire en français « livres de parisis ».');
------------------------------------------
INSERT INTO transcriptionHasNote (transcription_id,note_id,ptr_start,ptr_end) VALUES (28,79,41,50);
INSERT INTO transcriptionHasNote (transcription_id,note_id,ptr_start,ptr_end) VALUES (28,80,218,222);
INSERT INTO transcriptionHasNote (transcription_id,note_id,ptr_start,ptr_end) VALUES (28,81,229,235);
INSERT INTO transcriptionHasNote (transcription_id,note_id,ptr_start,ptr_end) VALUES (28,82,283,299);
INSERT INTO transcriptionHasNote (transcription_id,note_id,ptr_start,ptr_end) VALUES (28,83,306,327);
INSERT INTO transcriptionHasNote (transcription_id,note_id,ptr_start,ptr_end) VALUES (28,84,328,338);
INSERT INTO transcriptionHasNote (transcription_id,note_id,ptr_start,ptr_end) VALUES (28,85,550,557);
INSERT INTO transcriptionHasNote (transcription_id,note_id,ptr_start,ptr_end) VALUES (28,86,1139,1155);
INSERT INTO transcriptionHasNote (transcription_id,note_id,ptr_start,ptr_end) VALUES (28,87,1598,1653);
INSERT INTO transcriptionHasNote (transcription_id,note_id,ptr_start,ptr_end) VALUES (28,88,1693,1699);
INSERT INTO transcriptionHasNote (transcription_id,note_id,ptr_start,ptr_end) VALUES (28,89,2725,2746);
------------------------------------------
INSERT INTO translationHasNote (translation_id,note_id,ptr_start,ptr_end) VALUES (28,90,29,36);
INSERT INTO translationHasNote (translation_id,note_id,ptr_start,ptr_end) VALUES (28,91,190,199);
INSERT INTO translationHasNote (translation_id,note_id,ptr_start,ptr_end) VALUES (28,92,219,225);
INSERT INTO translationHasNote (translation_id,note_id,ptr_start,ptr_end) VALUES (28,93,232,245);
INSERT INTO translationHasNote (translation_id,note_id,ptr_start,ptr_end) VALUES (28,94,249,256);
INSERT INTO translationHasNote (translation_id,note_id,ptr_start,ptr_end) VALUES (28,95,391,398);
INSERT INTO translationHasNote (translation_id,note_id,ptr_start,ptr_end) VALUES (28,96,759,762);
INSERT INTO translationHasNote (translation_id,note_id,ptr_start,ptr_end) VALUES (28,97,1048,1053);
INSERT INTO translationHasNote (translation_id,note_id,ptr_start,ptr_end) VALUES (28,98,1071,1096);
INSERT INTO translationHasNote (translation_id,note_id,ptr_start,ptr_end) VALUES (28,99,1799,1806);
--========================================
INSERT INTO note (note_id,note_type_id,user_ref,content) VALUES (100,0,'jpilla','Francorum rex demeure le titre usuel du roi de France en chancellerie (et seulement en chancellerie), quand on dit par ailleurs “roi de France” et rex Francie.');
INSERT INTO note (note_id,note_type_id,user_ref,content) VALUES (101,0,'jpilla','Raoul de Soissons, chevalier, doit être très probablement confondu avec le personnage homonyme, attesté de 1233 à 1272, frère du comte de Soissons Jean II.');
INSERT INTO note (note_id,note_type_id,user_ref,content) VALUES (102,0,'jpilla','Raoul de Soissons, chevalier, doit être très probablement confondu avec le personnage homonyme, attesté de 1233 à 1272, frère du comte de Soissons Jean II.');
INSERT INTO note (note_id,note_type_id,user_ref,content) VALUES (103,0,'jpilla','Saint-Jean-des-Vignes, abbaye de chanoines réguliers fondée à Soissons, tête d’une petite congrégation régionale..');
INSERT INTO note (note_id,note_type_id,user_ref,content) VALUES (104,0,'jpilla','Saint-Jean-des-Vignes, abbaye de chanoines réguliers fondée à Soissons, tête d’une petite congrégation régionale..');
INSERT INTO note (note_id,note_type_id,user_ref,content) VALUES (105,0,'jpilla','Notre-Dame de Soissons, abbaye de moniales ; l’appellation est ici précisée pour éviter une confusion avec le chapitre soissonnais de Notre-Dame-des-Vignes.');
INSERT INTO note (note_id,note_type_id,user_ref,content) VALUES (106,0,'jpilla','Sec-Aulnois, bois sur la commune de Missy-aux-Bois.');
INSERT INTO note (note_id,note_type_id,user_ref,content) VALUES (107,0,'jpilla','Missy-aux-Bois, Aisne, cant. Soissons-sud.');
INSERT INTO note (note_id,note_type_id,user_ref,content) VALUES (108,0,'jpilla','Le comte de Soissons est alors Jean II, qui a succédé à son père Raoul Ier en 1235. Il accompagna saint Louis à ses deux croisades.');
INSERT INTO note (note_id,note_type_id,user_ref,content) VALUES (109,0,'jpilla','Le comte de Soissons est alors Jean II, qui a succédé à son père Raoul Ier en 1235. Il accompagna saint Louis à ses deux croisades.');
INSERT INTO note (note_id,note_type_id,user_ref,content) VALUES (110,0,'jpilla','Tournois : l’une des deux grandes monnaies royales capétiennes, avec le parisis ; elle a été acquise quand Philippe Auguste a saisi la Touraine.');
INSERT INTO note (note_id,note_type_id,user_ref,content) VALUES (111,0,'jpilla','L’expression “mettre hors de sa main” désigne l’obligation faite à des institutions ecclésiastiques recueillant des biens grevés d’obligations (censuelles ou féodales) envers un tiers (ici, en dernier ressort, le roi qui pourrait arguer d’une perte de service féodal) d’abandonner leur acquisition… sauf à verser une taxe compensatoire, ce dont elles sont ici exemptées.');
INSERT INTO note (note_id,note_type_id,user_ref,content) VALUES (112,0,'jpilla','L’expression “mettre hors de sa main” désigne l’obligation faite à des institutions ecclésiastiques recueillant des biens grevés d’obligations (censuelles ou féodales) envers un tiers (ici, en dernier ressort, le roi qui pourrait arguer d’une perte de service féodal) d’abandonner leur acquisition… sauf à verser une taxe compensatoire, ce dont elles sont ici exemptées.');
INSERT INTO note (note_id,note_type_id,user_ref,content) VALUES (113,0,'jpilla','Sommières (Gard, ch.-l. cant.). Saint Louis et ses croisés durent attendre avant de pouvoir embarquer à Aigues-Mortes (Gard, ch.-l. cant.), le 1er juillet 1270. Plusieurs actes royaux sont donnés alentour, dans les deux mois précédents ; on en connaît un autre précisément daté de Sommières le 8 mai (itinéraire du roi, dans Recueil des historiens de la France, t. XXI, p. 423).');
------------------------------------------
INSERT INTO note (note_id,note_type_id,user_ref,content) VALUES (114,0,'jpilla','Francorum rex demeure le titre usuel du roi de France en chancellerie (et seulement en chancellerie), quand on dit par ailleurs “roi de France” et rex Francie.');
INSERT INTO note (note_id,note_type_id,user_ref,content) VALUES (115,0,'jpilla','Raoul de Soissons, chevalier, doit être très probablement confondu avec le personnage homonyme, attesté de 1233 à 1272, frère du comte de Soissons Jean II.');
INSERT INTO note (note_id,note_type_id,user_ref,content) VALUES (116,0,'jpilla','Raoul de Soissons, chevalier, doit être très probablement confondu avec le personnage homonyme, attesté de 1233 à 1272, frère du comte de Soissons Jean II.');
INSERT INTO note (note_id,note_type_id,user_ref,content) VALUES (117,0,'jpilla','Saint-Jean-des-Vignes, abbaye de chanoines réguliers fondée à Soissons, tête d’une petite congrégation régionale..');
INSERT INTO note (note_id,note_type_id,user_ref,content) VALUES (118,0,'jpilla','Notre-Dame de Soissons, abbaye de moniales ; l’appellation est ici précisée pour éviter une confusion avec le chapitre soissonnais de Notre-Dame-des-Vignes.');
INSERT INTO note (note_id,note_type_id,user_ref,content) VALUES (119,0,'jpilla','Notre-Dame de Soissons, abbaye de moniales ; l’appellation est ici précisée pour éviter une confusion avec le chapitre soissonnais de Notre-Dame-des-Vignes.');
INSERT INTO note (note_id,note_type_id,user_ref,content) VALUES (120,0,'jpilla','Sec-Aulnois, bois sur la commune de Missy-aux-Bois.');
INSERT INTO note (note_id,note_type_id,user_ref,content) VALUES (121,0,'jpilla','Missy-aux-Bois, Aisne, cant. Soissons-sud.');
INSERT INTO note (note_id,note_type_id,user_ref,content) VALUES (122,0,'jpilla','Le comte de Soissons est alors Jean II, qui a succédé à son père Raoul Ier en 1235. Il accompagna saint Louis à ses deux croisades.');
INSERT INTO note (note_id,note_type_id,user_ref,content) VALUES (123,0,'jpilla','Le comte de Soissons est alors Jean II, qui a succédé à son père Raoul Ier en 1235. Il accompagna saint Louis à ses deux croisades.');
INSERT INTO note (note_id,note_type_id,user_ref,content) VALUES (124,0,'jpilla','Tournois : l’une des deux grandes monnaies royales capétiennes, avec le parisis ; elle a été acquise quand Philippe Auguste a saisi la Touraine.');
INSERT INTO note (note_id,note_type_id,user_ref,content) VALUES (125,0,'jpilla','L’expression “mettre hors de sa main” désigne l’obligation faite à des institutions ecclésiastiques recueillant des biens grevés d’obligations (censuelles ou féodales) envers un tiers (ici, en dernier ressort, le roi qui pourrait arguer d’une perte de service féodal) d’abandonner leur acquisition… sauf à verser une taxe compensatoire, dont elles sont ici exemptées.');
INSERT INTO note (note_id,note_type_id,user_ref,content) VALUES (126,0,'jpilla','Sommières (Gard, ch.-l. cant.). Saint Louis et ses croisés durent attendre avant de pouvoir embarquer à Aigues-Mortes (Gard, ch.-l. cant.), le 1er juillet 1270. Plusieurs actes royaux sont donnés alentour, dans les deux mois précédents ; on en connaît un autre précisément daté de Sommières le 8 mai (itinéraire du roi, dans Recueil des historiens de la France, t. XXI, p. 423).');
------------------------------------------
INSERT INTO transcriptionHasNote (transcription_id,note_id,ptr_start,ptr_end) VALUES (29,100,43,61);
INSERT INTO transcriptionHasNote (transcription_id,note_id,ptr_start,ptr_end) VALUES (29,101,232,254);
INSERT INTO transcriptionHasNote (transcription_id,note_id,ptr_start,ptr_end) VALUES (29,102,261,286);
INSERT INTO transcriptionHasNote (transcription_id,note_id,ptr_start,ptr_end) VALUES (29,103,433,478);
INSERT INTO transcriptionHasNote (transcription_id,note_id,ptr_start,ptr_end) VALUES (29,104,485,491);
INSERT INTO transcriptionHasNote (transcription_id,note_id,ptr_start,ptr_end) VALUES (29,105,495,527);
INSERT INTO transcriptionHasNote (transcription_id,note_id,ptr_start,ptr_end) VALUES (29,106,684,696);
INSERT INTO transcriptionHasNote (transcription_id,note_id,ptr_start,ptr_end) VALUES (29,107,962,970);
INSERT INTO transcriptionHasNote (transcription_id,note_id,ptr_start,ptr_end) VALUES (29,108,1123,1128);
INSERT INTO transcriptionHasNote (transcription_id,note_id,ptr_start,ptr_end) VALUES (29,109,1135,1157);
INSERT INTO transcriptionHasNote (transcription_id,note_id,ptr_start,ptr_end) VALUES (29,110,1252,1272);
INSERT INTO transcriptionHasNote (transcription_id,note_id,ptr_start,ptr_end) VALUES (29,111,1947,1952);
INSERT INTO transcriptionHasNote (transcription_id,note_id,ptr_start,ptr_end) VALUES (29,112,1959,1986);
INSERT INTO transcriptionHasNote (transcription_id,note_id,ptr_start,ptr_end) VALUES (29,113,2324,2342);
------------------------------------------
INSERT INTO translationHasNote (translation_id,note_id,ptr_start,ptr_end) VALUES (29,114,38,44);
INSERT INTO translationHasNote (translation_id,note_id,ptr_start,ptr_end) VALUES (29,115,118,136);
INSERT INTO translationHasNote (translation_id,note_id,ptr_start,ptr_end) VALUES (29,116,143,152);
INSERT INTO translationHasNote (translation_id,note_id,ptr_start,ptr_end) VALUES (29,117,278,299);
INSERT INTO translationHasNote (translation_id,note_id,ptr_start,ptr_end) VALUES (29,118,306,317);
INSERT INTO translationHasNote (translation_id,note_id,ptr_start,ptr_end) VALUES (29,119,324,336);
INSERT INTO translationHasNote (translation_id,note_id,ptr_start,ptr_end) VALUES (29,120,420,431);
INSERT INTO translationHasNote (translation_id,note_id,ptr_start,ptr_end) VALUES (29,121,620,625);
INSERT INTO translationHasNote (translation_id,note_id,ptr_start,ptr_end) VALUES (29,122,716,724);
INSERT INTO translationHasNote (translation_id,note_id,ptr_start,ptr_end) VALUES (29,123,731,739);
INSERT INTO translationHasNote (translation_id,note_id,ptr_start,ptr_end) VALUES (29,124,791,799);
INSERT INTO translationHasNote (translation_id,note_id,ptr_start,ptr_end) VALUES (29,125,1183,1207);
INSERT INTO translationHasNote (translation_id,note_id,ptr_start,ptr_end) VALUES (29,126,1431,1440);
--========================================
INSERT INTO note (note_id,note_type_id,user_ref,content) VALUES (127,0,'jpilla','Francorum : dès qu’elle a commencé à employer le français, la chancellerie royale a parlé, comme les contemporains, de "roi de France" ; mais même ensuite elle a maintenu en latin (uniquement dans les actes et sur les légendes des sceaux du roi) l’ancienne formule "rex Francorum" (qui ne veut pas dire autre chose) ; dans tous les autres textes, on dit tout naturellement "rex Francie".');
INSERT INTO note (note_id,note_type_id,user_ref,content) VALUES (128,0,'jpilla','La Navarre est venue à Philippe (futur Philippe le Bel) de son mariage avec l’héritière du royaume, Jeanne ; mais il abandonné le titre de "roi de Navarre" à son propre avènement au trône de France. Ses fils sont, au Moyen Âge, les seuls à avoir pris, de 1314 à 1328, le titre de "roi de France et de Navarre". Ce seul trait permet d’attribuer l’acte à Philippe V.');
INSERT INTO note (note_id,note_type_id,user_ref,content) VALUES (129,0,'jpilla','Archambaud II comte de Périgord.');
INSERT INTO note (note_id,note_type_id,user_ref,content) VALUES (130,0,'jpilla','Philippe IV le Bel, roi de 1285 à 1314.');
INSERT INTO note (note_id,note_type_id,user_ref,content) VALUES (131,0,'jpilla','Philippe IV le Bel, roi de 1285 à 1314.');
INSERT INTO note (note_id,note_type_id,user_ref,content) VALUES (132,0,'jpilla','Caussade (Tarn-et-Garonne, ch.-l. cant.). La châtellenie a été donnée avec deux autres, en 1304, au comte de Périgord par le roi de France, qui venait de céder au roi d’Angleterre des terres précédemment échangées avec le comte.');
INSERT INTO note (note_id,note_type_id,user_ref,content) VALUES (133,0,'jpilla','La "souveraineté et ressort", d’empreinte fondamentalement judiciaire, désigne les droits suprêmes que se conserve le roi de France dans les apanages ou les seigneuries aliénées ; le "ressort" lui laisse en particulier le droit de juger en dernier ressort les affaires jugées par le nouveau détenteur des terres.');
INSERT INTO note (note_id,note_type_id,user_ref,content) VALUES (134,0,'jpilla','Lomagne (région couvrant le nord-est de l’actuel dép. du Gers, ancien diocèse de Lectoure) et Auvillar (Tarn-et-Garonne, ch.-l. de cant.). Les vicomtés avaient été acquises en novembre 1301 par le roi de France au terme d’un échange avec Élie Talleyrand, comte de Périgord.');
INSERT INTO note (note_id,note_type_id,user_ref,content) VALUES (135,0,'jpilla','La "chevauchée" peut être aussi bien l’obligation faite de participer à l’ost du seigneur qu’une taxe de remplacement ; le second sens semble plus vraisemblable ici du fait de l’emploi du verbe solvere, "payer".');
INSERT INTO note (note_id,note_type_id,user_ref,content) VALUES (136,0,'jpilla','Le procureur du roi est l’un des rouages essentiels des cours royales (centrales comme de bailliage ou de sénéchaussée), où il représente les intérêts du souverain.');
INSERT INTO note (note_id,note_type_id,user_ref,content) VALUES (137,0,'jpilla','Le nom de "Brandons" (ou "Bordes") est donné au premier dimanche de Carême (et parfois à toute la semaine qui suit). On ne peut dater avec certitude l’acte que parce que l’on sait que la chancellerie royale suit alors (depuis un siècle au moins) le style de Pâques. Puisque l’on en est après les Brandons, donc en Carême, donc avant Pâques, la chancellerie n’a pas encore changé le millésime ; celui-ci doit donc être converti en 1317 (nouveau style). En cette année, Pâques tombe le 3 avril, les Brandons le dimanche 20 février, et le lundi suivant le 21 février.');
INSERT INTO note (note_id,note_type_id,user_ref,content) VALUES (138,0,'jpilla','Le nom de "Brandons" (ou "Bordes") est donné au premier dimanche de Carême (et parfois à toute la semaine qui suit). On ne peut dater avec certitude l’acte que parce que l’on sait que la chancellerie royale suit alors (depuis un siècle au moins) le style de Pâques. Puisque l’on en est après les Brandons, donc en Carême, donc avant Pâques, la chancellerie n’a pas encore changé le millésime ; celui-ci doit donc être converti en 1317 (nouveau style). En cette année, Pâques tombe le 3 avril, les Brandons le dimanche 20 février, et le lundi suivant le 21 février.');
------------------------------------------
INSERT INTO note (note_id,note_type_id,user_ref,content) VALUES (139,0,'jpilla','Francorum : dès qu’elle a commencé à employer le français, la chancellerie royale a parlé, comme les contemporains, de "roi de France" ; mais même ensuite elle a maintenu en latin (uniquement dans les actes et sur les légendes des sceaux du roi) l’ancienne formule "rex Francorum" (qui ne veut pas dire autre chose) ; dans tous les autres textes, on dit tout naturellement "rex Francie".');
INSERT INTO note (note_id,note_type_id,user_ref,content) VALUES (140,0,'jpilla','La Navarre est venue à Philippe (futur Philippe le Bel) de son mariage avec l’héritière du royaume, Jeanne ; mais il abandonné le titre de "roi de Navarre" à son propre avènement au trône de France. Ses fils sont, au Moyen Âge, les seuls à avoir pris, de 1314 à 1328, le titre de "roi de France et de Navarre". Ce seul trait permet d’attribuer l’acte à Philippe V.');
INSERT INTO note (note_id,note_type_id,user_ref,content) VALUES (141,0,'jpilla','Archambaud II comte de Périgord.');
INSERT INTO note (note_id,note_type_id,user_ref,content) VALUES (142,0,'jpilla','Philippe IV le Bel, roi de 1285 à 1314.');
INSERT INTO note (note_id,note_type_id,user_ref,content) VALUES (143,0,'jpilla','Caussade (Tarn-et-Garonne, ch.-l. cant.). La châtellenie a été donnée avec deux autres, en 1304, au comte de Périgord par le roi de France, qui venait de céder au roi d’Angleterre des terres précédemment échangées avec le comte.');
INSERT INTO note (note_id,note_type_id,user_ref,content) VALUES (144,0,'jpilla','La "souveraineté et ressort", d’empreinte fondamentalement judiciaire, désigne les droits suprêmes que se conserve le roi de France dans les apanages ou les seigneuries aliénées ; le "ressort" lui laisse en particulier le droit de juger en dernier ressort les affaires jugées par le nouveau détenteur des terres.');
INSERT INTO note (note_id,note_type_id,user_ref,content) VALUES (145,0,'jpilla','Lomagne (région couvrant le nord-est de l’actuel dép. du Gers, ancien diocèse de Lectoure) et Auvillar (Tarn-et-Garonne, ch.-l. de cant.). Les vicomtés avaient été acquises en novembre 1301 par le roi de France au terme d’un échange avec Élie Talleyrand, comte de Périgord.');
INSERT INTO note (note_id,note_type_id,user_ref,content) VALUES (146,0,'jpilla','La "chevauchée" peut être aussi bien l’obligation faite de participer à l’ost du seigneur qu’une taxe de remplacement ; le second sens semble plus vraisemblable ici du fait de l’emploi du verbe solvere, "payer".');
INSERT INTO note (note_id,note_type_id,user_ref,content) VALUES (147,0,'jpilla','Le procureur du roi est l’un des rouages essentiels des cours royales (centrales comme de bailliage ou de sénéchaussée), où il représente les intérêts du souverain.');
INSERT INTO note (note_id,note_type_id,user_ref,content) VALUES (148,0,'jpilla','Le nom de "Brandons" (ou "Bordes") est donné au premier dimanche de Carême (et parfois à toute la semaine qui suit). On ne peut dater avec certitude l’acte que parce que l’on sait que la chancellerie royale suit alors (depuis un siècle au moins) le style de Pâques. Puisque l’on en est après les Brandons, donc en Carême, donc avant Pâques, la chancellerie n’a pas encore changé le millésime ; celui-ci doit donc être converti en 1317 (nouveau style). En cette année, Pâques tombe le 3 avril, les Brandons le dimanche 20 février, et le lundi suivant le 21 février.');
INSERT INTO note (note_id,note_type_id,user_ref,content) VALUES (149,0,'jpilla','Le nom de "Brandons" (ou "Bordes") est donné au premier dimanche de Carême (et parfois à toute la semaine qui suit). On ne peut dater avec certitude l’acte que parce que l’on sait que la chancellerie royale suit alors (depuis un siècle au moins) le style de Pâques. Puisque l’on en est après les Brandons, donc en Carême, donc avant Pâques, la chancellerie n’a pas encore changé le millésime ; celui-ci doit donc être converti en 1317 (nouveau style). En cette année, Pâques tombe le 3 avril, les Brandons le dimanche 20 février, et le lundi suivant le 21 février.');
------------------------------------------
INSERT INTO transcriptionHasNote (transcription_id,note_id,ptr_start,ptr_end) VALUES (30,127,43,61);
INSERT INTO transcriptionHasNote (transcription_id,note_id,ptr_start,ptr_end) VALUES (30,128,71,78);
INSERT INTO transcriptionHasNote (transcription_id,note_id,ptr_start,ptr_end) VALUES (30,129,267,279);
INSERT INTO transcriptionHasNote (transcription_id,note_id,ptr_start,ptr_end) VALUES (30,130,426,462);
INSERT INTO transcriptionHasNote (transcription_id,note_id,ptr_start,ptr_end) VALUES (30,131,469,495);
INSERT INTO transcriptionHasNote (transcription_id,note_id,ptr_start,ptr_end) VALUES (30,132,589,597);
INSERT INTO transcriptionHasNote (transcription_id,note_id,ptr_start,ptr_end) VALUES (30,133,989,1023);
INSERT INTO transcriptionHasNote (transcription_id,note_id,ptr_start,ptr_end) VALUES (30,134,1147,1181);
INSERT INTO transcriptionHasNote (transcription_id,note_id,ptr_start,ptr_end) VALUES (30,135,1303,1322);
INSERT INTO transcriptionHasNote (transcription_id,note_id,ptr_start,ptr_end) VALUES (30,136,2006,2035);
INSERT INTO transcriptionHasNote (transcription_id,note_id,ptr_start,ptr_end) VALUES (30,137,2507,2533);
INSERT INTO transcriptionHasNote (transcription_id,note_id,ptr_start,ptr_end) VALUES (30,138,2540,2630);
------------------------------------------
INSERT INTO translationHasNote (translation_id,note_id,ptr_start,ptr_end) VALUES (30,139,34,47);
INSERT INTO translationHasNote (translation_id,note_id,ptr_start,ptr_end) VALUES (30,140,60,67);
INSERT INTO translationHasNote (translation_id,note_id,ptr_start,ptr_end) VALUES (30,141,162,172);
INSERT INTO translationHasNote (translation_id,note_id,ptr_start,ptr_end) VALUES (30,142,265,297);
INSERT INTO translationHasNote (translation_id,note_id,ptr_start,ptr_end) VALUES (30,143,384,392);
INSERT INTO translationHasNote (translation_id,note_id,ptr_start,ptr_end) VALUES (30,144,657,686);
INSERT INTO translationHasNote (translation_id,note_id,ptr_start,ptr_end) VALUES (30,145,732,753);
INSERT INTO translationHasNote (translation_id,note_id,ptr_start,ptr_end) VALUES (30,146,885,895);
INSERT INTO translationHasNote (translation_id,note_id,ptr_start,ptr_end) VALUES (30,147,1250,1259);
INSERT INTO translationHasNote (translation_id,note_id,ptr_start,ptr_end) VALUES (30,148,1568,1586);
INSERT INTO translationHasNote (translation_id,note_id,ptr_start,ptr_end) VALUES (30,149,1593,1601);
--========================================
INSERT INTO note (note_id,note_type_id,user_ref,content) VALUES (150,0,'jpilla','Burgoigne : Bel exemple de nom personnel tiré non du sanctoral, de la Bible ou du vieux répertoire germanique, mais d’un nom géographique (localité ou, comme ici, province d’origine = Bourgogne).');
INSERT INTO note (note_id,note_type_id,user_ref,content) VALUES (151,0,'jpilla','Salins : Auj. Salins-les-Bains (Jura, ch.-l. cant.), qui tire son nom de ses salines, déjà actives et célèbres.');
INSERT INTO note (note_id,note_type_id,user_ref,content) VALUES (152,0,'jpilla','Est’ : On ne développe pas l’abréviation du nom, dans l’incertitude où l’on est de la forme exacte, même s’il est évident qu’il s’agit de l’un des noms les plus courants dans la Comté : "Estienne", ou plutôt "Esteve", "Estenne", voire "Est(i)ennet", "Estevenin"…');
INSERT INTO note (note_id,note_type_id,user_ref,content) VALUES (153,0,'jpilla','Wuill’m : Abréviation laissée en l’état faute de connaître la forme développée exacte ; on peut avoir affaire à une abréviation contractée de "Wuillaume", mais les trois derniers jambages peuvent être aussi bien "in", et ce "Wuill’in" serait "Wuillemin" ou "Wuillermin". La forme utilisée plus bas (Wuill’) ne permet pas de trancher');
INSERT INTO note (note_id,note_type_id,user_ref,content) VALUES (154,0,'jpilla','colunge sux le biez : sans doute Les Coulanges, lieu-dit au sud de Salins, sur le Bief des Roussets, petit cours d’eau.');
INSERT INTO note (note_id,note_type_id,user_ref,content) VALUES (155,0,'jpilla','estevenans : estévenants, monnaie de l’archevêque de Besançon (sur une des faces est représenté le bras reliquaire de saint Étienne, patron de la cathédrale, qui donne son nom au monnayage) ; l’expression, parfaitement normale, est à comprendre comme " sous [de deniers] estévenants " (70 sous = 840 deniers = 3 livres et demie).');
INSERT INTO note (note_id,note_type_id,user_ref,content) VALUES (156,0,'jpilla','garde : Il faudrait une enquête plus poussée pour déterminer l’origine de cette redevance en espèces, qui complète, de façon assez légère, la redevance proportionnelle en nature (à part de fruits, ici le quart de la vendange). Il est possible qu’elle soit due à raison de la garde des vignobles, assurée par le seigneur censuel.');
INSERT INTO note (note_id,note_type_id,user_ref,content) VALUES (157,0,'jpilla','Goyle : Notre-Dame de Goailles (auj. sur la commune de Salins), abbaye d’augustins (dioc. Besançon). L’abbaye est citée ici comme seigneur censuel ; le document peut fort bien être une expédition de l’acte qui lui a été remise à ce titre (seules d’éventuelles notes dorsales, apposées au chartrier de l’abbaye, pourraient confirmer l’hypothèse).');
INSERT INTO note (note_id,note_type_id,user_ref,content) VALUES (158,0,'jpilla','nos nos devittons : comprendre " nous nous dévêtons " (nous abandonnons nos droits sur le bien).');
INSERT INTO note (note_id,note_type_id,user_ref,content) VALUES (159,0,'jpilla','envittons : symétrique de “devittons” : « [nous] investissons [de nos droits le nouveau détenteur] ».');
INSERT INTO note (note_id,note_type_id,user_ref,content) VALUES (160,0,'jpilla','Comprendre : serments.');
INSERT INTO note (note_id,note_type_id,user_ref,content) VALUES (161,0,'jpilla','seignour : on pouvait hésiter entre plusieurs développements de l’abréviation, mais, à sa dernière occurrence (troisième ligne avant la fin), le scripteur donne la forme développée, que l’on applique aux autres.');
INSERT INTO note (note_id,note_type_id,user_ref,content) VALUES (162,0,'jpilla','roy de France : Le roi Philippe le Bel avait obtenu au traité de Vincennes (2 mars 1295) l’administration de la Comté de Bourgogne (auj. Franche-Comté), dot de la fille du comte Otton IV, qui devait épouser un fils du roi, le futur Philippe V ; celui-ci gouverna encore la Comté au nom de son épouse. C’est en tant qu’administrateur des possessions du comte que le roi agit ici : la seigneurie comtale de Salins était considérée comme distincte de la Comté.');
INSERT INTO note (note_id,note_type_id,user_ref,content) VALUES (163,0,'jpilla','bourg communal : Salins était formée de deux agglomérations (bourgs) aux statuts différents. Le Bourg-Dessous était entièrement aux mains du comte de la Comté (d’où son autre nom de Bourg-le-Comte). Le Bourg-Dessus (ou Bourg-le-Sire), où se trouvait la grande saunerie, avait été partagé en 1267 entre plusieurs héritiers de son seigneur primitif (le comte de la Comté put acquérir une partie de ces droits, mais pas tous), d’où son autre nom de "Bourg communal", c’est-à-dire tenu en commun par plusieurs seigneurs ; les intérêts de ceux-ci étaient gérés par un prévôt commun.');
------------------------------------------
------------------------------------------
INSERT INTO transcriptionHasNote (transcription_id,note_id,ptr_start,ptr_end) VALUES (31,150,12,21);
INSERT INTO transcriptionHasNote (transcription_id,note_id,ptr_start,ptr_end) VALUES (31,151,52,58);
INSERT INTO transcriptionHasNote (transcription_id,note_id,ptr_start,ptr_end) VALUES (31,152,60,64);
INSERT INTO transcriptionHasNote (transcription_id,note_id,ptr_start,ptr_end) VALUES (31,153,238,245);
INSERT INTO transcriptionHasNote (transcription_id,note_id,ptr_start,ptr_end) VALUES (31,154,355,377);
INSERT INTO transcriptionHasNote (transcription_id,note_id,ptr_start,ptr_end) VALUES (31,155,624,643);
INSERT INTO transcriptionHasNote (transcription_id,note_id,ptr_start,ptr_end) VALUES (31,156,865,870);
INSERT INTO transcriptionHasNote (transcription_id,note_id,ptr_start,ptr_end) VALUES (31,157,894,899);
INSERT INTO transcriptionHasNote (transcription_id,note_id,ptr_start,ptr_end) VALUES (31,158,912,929);
INSERT INTO transcriptionHasNote (transcription_id,note_id,ptr_start,ptr_end) VALUES (31,159,960,969);
INSERT INTO transcriptionHasNote (transcription_id,note_id,ptr_start,ptr_end) VALUES (31,160,1261,1270);
INSERT INTO transcriptionHasNote (transcription_id,note_id,ptr_start,ptr_end) VALUES (31,161,1781,1798);
INSERT INTO transcriptionHasNote (transcription_id,note_id,ptr_start,ptr_end) VALUES (31,162,1806,1819);
INSERT INTO transcriptionHasNote (transcription_id,note_id,ptr_start,ptr_end) VALUES (31,163,2349,2372);
------------------------------------------
--========================================
INSERT INTO note (note_id,note_type_id,user_ref,content) VALUES (164,0,'jpilla','Amaury de Montfort, fils et successeur de Simon de Montfort († 1218). Il cède au roi de France en 1224 ses droits dans le Midi.');
INSERT INTO note (note_id,note_type_id,user_ref,content) VALUES (165,0,'jpilla','Aymeri, vicomte de Narbonne de 1193 à 1239, habile à monnayer son ralliement à Simon de Montfort et à l’archevêque Arnaud.');
INSERT INTO note (note_id,note_type_id,user_ref,content) VALUES (166,0,'jpilla','L’expression d’homme lige désigne ici, dans son acception classique, le vassal lié à son seigneur principal par un lien féodal primant sur ses obligations vis-à-vis d’autres seigneurs.');
INSERT INTO note (note_id,note_type_id,user_ref,content) VALUES (167,0,'jpilla','Traditionnellement identifié avec Lézignan-la-Cèbe (Hérault, cant. Montagnac), près de Pézenas ; pourrait être aussi Lézignan-Corbières (Aude, ch.-l. cant.), sur la route de Carcassonne à Narbonne.');
INSERT INTO note (note_id,note_type_id,user_ref,content) VALUES (168,0,'jpilla','Guy de Montfort, frère de Simon († 1228).');
INSERT INTO note (note_id,note_type_id,user_ref,content) VALUES (169,0,'jpilla','La monnaie de Melgueil, auj. Mauguio (Hérault, ch.-l. cant.), est constituée de deniers « melgoriens » ; on parle logiquement de « livres de [deniers] melgoriens ».');
INSERT INTO note (note_id,note_type_id,user_ref,content) VALUES (170,0,'jpilla','« Aide et conseil » sont les deux grandes obligations liant le vassal à son seigneur ; le terme « faveur », complétant le triptyque, est plus rare.');
INSERT INTO note (note_id,note_type_id,user_ref,content) VALUES (171,0,'jpilla','Les cardinaux-prêtres portent explicitement le nom du « titre » (= église paroissiale de Rome) dont ils sont les desservants primitifs (par opposition, on parle simplement de cardinal-diacre « de » telle église, ou du cardinal-évêque « de » tel siège suburbicaire). Bertrand Savelli, neveu du pape Innocent III, cardinal-prêtre du titre des Saints-Jean-et-Paul (1216-1222), était légat pontifical en plusieurs provinces et diocèses du Midi de la France depuis le début de 1217.');
INSERT INTO note (note_id,note_type_id,user_ref,content) VALUES (172,0,'jpilla','Les cardinaux-prêtres portent explicitement le nom du « titre » (= église paroissiale de Rome) dont ils sont les desservants primitifs (par opposition, on parle simplement de cardinal-diacre « de » telle église, ou du cardinal-évêque « de » tel siège suburbicaire). Bertrand Savelli, neveu du pape Innocent III, cardinal-prêtre du titre des Saints-Jean-et-Paul (1216-1222), était légat pontifical en plusieurs provinces et diocèses du Midi de la France depuis le début de 1217.');
INSERT INTO note (note_id,note_type_id,user_ref,content) VALUES (173,0,'jpilla','Les cardinaux-prêtres portent explicitement le nom du « titre » (= église paroissiale de Rome) dont ils sont les desservants primitifs (par opposition, on parle simplement de cardinal-diacre « de » telle église, ou du cardinal-évêque « de » tel siège suburbicaire). Bertrand Savelli, neveu du pape Innocent III, cardinal-prêtre du titre des Saints-Jean-et-Paul (1216-1222), était légat pontifical en plusieurs provinces et diocèses du Midi de la France depuis le début de 1217.');
INSERT INTO note (note_id,note_type_id,user_ref,content) VALUES (174,0,'jpilla','Le quatre des nones de janvier est le 2 janvier. Faute d’étude adéquate, il est difficile de décider si le rédacteur a suivi un usage septentrional (style de Pâques), qui imposerait de convertir le millésime en « 1220 », ou le style de Noël, d’usage normal à Béziers comme à Narbonne (le millésime « 1219 » aurait alors été changé depuis le 25 décembre précédant, et correspondrait donc au millésime 1219 n. st.).');
INSERT INTO note (note_id,note_type_id,user_ref,content) VALUES (175,0,'jpilla','Le quatre des nones de janvier est le 2 janvier. Faute d’étude adéquate, il est difficile de décider si le rédacteur a suivi un usage septentrional (style de Pâques), qui imposerait de convertir le millésime en « 1220 », ou le style de Noël, d’usage normal à Béziers comme à Narbonne (le millésime « 1219 » aurait alors été changé depuis le 25 décembre précédant, et correspondrait donc au millésime 1219 n. st.).');
------------------------------------------
INSERT INTO note (note_id,note_type_id,user_ref,content) VALUES (176,0,'jpilla','Amaury de Montfort, fils et successeur de Simon de Montfort († 1218). Il cède au roi de France en 1224 ses droits dans le Midi.');
INSERT INTO note (note_id,note_type_id,user_ref,content) VALUES (177,0,'jpilla','Aymeri, vicomte de Narbonne de 1193 à 1239, habile à monnayer son ralliement à Simon de Montfort et à l’archevêque Arnaud.');
INSERT INTO note (note_id,note_type_id,user_ref,content) VALUES (178,0,'jpilla','Aymeri, vicomte de Narbonne de 1193 à 1239, habile à monnayer son ralliement à Simon de Montfort et à l’archevêque Arnaud.');
INSERT INTO note (note_id,note_type_id,user_ref,content) VALUES (179,0,'jpilla','L’expression d’homme lige désigne ici, dans son acception classique, le vassal lié à son seigneur principal par un lien féodal primant sur ses obligations vis-à-vis d’autres seigneurs.');
INSERT INTO note (note_id,note_type_id,user_ref,content) VALUES (180,0,'jpilla','Traditionnellement identifié avec Lézignan-la-Cèbe (Hérault, cant. Montagnac), près de Pézenas ; pourrait être aussi Lézignan-Corbières (Aude, ch.-l. cant.), sur la route de Carcassonne à Narbonne.');
INSERT INTO note (note_id,note_type_id,user_ref,content) VALUES (181,0,'jpilla','Guy de Montfort, frère de Simon († 1228).');
INSERT INTO note (note_id,note_type_id,user_ref,content) VALUES (182,0,'jpilla','La monnaie de Melgueil, auj. Mauguio (Hérault, ch.-l. cant.), est constituée de deniers « melgoriens » ; on parle logiquement de « livres de [deniers] melgoriens ».');
INSERT INTO note (note_id,note_type_id,user_ref,content) VALUES (183,0,'jpilla','« Aide et conseil » sont les deux grandes obligations liant le vassal à son seigneur ; le terme « faveur », complétant le triptyque, est plus rare.');
INSERT INTO note (note_id,note_type_id,user_ref,content) VALUES (184,0,'jpilla','Les cardinaux-prêtres portent explicitement le nom du « titre » (= église paroissiale de Rome) dont ils sont les desservants primitifs (par opposition, on parle simplement de cardinal-diacre « de » telle église, ou du cardinal-évêque « de » tel siège suburbicaire). Bertrand Savelli, neveu du pape Innocent III, cardinal-prêtre du titre des Saints-Jean-et-Paul (1216-1222), était légat pontifical en plusieurs provinces et diocèses du Midi de la France depuis le début de 1217.');
INSERT INTO note (note_id,note_type_id,user_ref,content) VALUES (185,0,'jpilla','Le quatre des nones de janvier est le 2 janvier. Faute d’étude adéquate, il est difficile de décider si le rédacteur a suivi un usage septentrional (style de Pâques), qui imposerait de convertir le millésime en « 1220 », ou le style de Noël, d’usage normal à Béziers comme à Narbonne (le millésime « 1219 » aurait alors été changé depuis le 25 décembre précédant, et correspondrait donc au millésime 1219 n. st.).');
INSERT INTO note (note_id,note_type_id,user_ref,content) VALUES (186,0,'jpilla','Le quatre des nones de janvier est le 2 janvier. Faute d’étude adéquate, il est difficile de décider si le rédacteur a suivi un usage septentrional (style de Pâques), qui imposerait de convertir le millésime en « 1220 », ou le style de Noël, d’usage normal à Béziers comme à Narbonne (le millésime « 1219 » aurait alors été changé depuis le 25 décembre précédant, et correspondrait donc au millésime 1219 n. st.).');
------------------------------------------
INSERT INTO transcriptionHasNote (transcription_id,note_id,ptr_start,ptr_end) VALUES (32,164,102,120);
INSERT INTO transcriptionHasNote (transcription_id,note_id,ptr_start,ptr_end) VALUES (32,165,369,391);
INSERT INTO transcriptionHasNote (transcription_id,note_id,ptr_start,ptr_end) VALUES (32,166,461,466);
INSERT INTO transcriptionHasNote (transcription_id,note_id,ptr_start,ptr_end) VALUES (32,167,717,726);
INSERT INTO transcriptionHasNote (transcription_id,note_id,ptr_start,ptr_end) VALUES (32,168,759,802);
INSERT INTO transcriptionHasNote (transcription_id,note_id,ptr_start,ptr_end) VALUES (32,169,938,969);
INSERT INTO transcriptionHasNote (transcription_id,note_id,ptr_start,ptr_end) VALUES (32,170,1654,1713);
INSERT INTO transcriptionHasNote (transcription_id,note_id,ptr_start,ptr_end) VALUES (32,171,3651,3676);
INSERT INTO transcriptionHasNote (transcription_id,note_id,ptr_start,ptr_end) VALUES (32,172,3683,3784);
INSERT INTO transcriptionHasNote (transcription_id,note_id,ptr_start,ptr_end) VALUES (32,173,3791,3810);
INSERT INTO transcriptionHasNote (transcription_id,note_id,ptr_start,ptr_end) VALUES (32,174,4525,4538);
INSERT INTO transcriptionHasNote (transcription_id,note_id,ptr_start,ptr_end) VALUES (32,175,4545,4574);
------------------------------------------
INSERT INTO translationHasNote (translation_id,note_id,ptr_start,ptr_end) VALUES (32,176,70,76);
INSERT INTO translationHasNote (translation_id,note_id,ptr_start,ptr_end) VALUES (32,177,217,220);
INSERT INTO translationHasNote (translation_id,note_id,ptr_start,ptr_end) VALUES (32,178,227,234);
INSERT INTO translationHasNote (translation_id,note_id,ptr_start,ptr_end) VALUES (32,179,284,288);
INSERT INTO translationHasNote (translation_id,note_id,ptr_start,ptr_end) VALUES (32,180,417,425);
INSERT INTO translationHasNote (translation_id,note_id,ptr_start,ptr_end) VALUES (32,181,466,479);
INSERT INTO translationHasNote (translation_id,note_id,ptr_start,ptr_end) VALUES (32,182,585,595);
INSERT INTO translationHasNote (translation_id,note_id,ptr_start,ptr_end) VALUES (32,183,970,995);
INSERT INTO translationHasNote (translation_id,note_id,ptr_start,ptr_end) VALUES (32,184,2155,2204);
INSERT INTO translationHasNote (translation_id,note_id,ptr_start,ptr_end) VALUES (32,185,2620,2626);
INSERT INTO translationHasNote (translation_id,note_id,ptr_start,ptr_end) VALUES (32,186,2633,2659);
--========================================
INSERT INTO note (note_id,note_type_id,user_ref,content) VALUES (187,0,'jpilla','Hugues II (1136-1208) succède à son père Hugues Ier, comte de Rodez, vers 1156. En mai 1195, il associe au pouvoir son fils aîné Hugues III, qui devient ainsi comte à côté de son père. Après la mort de Hugues III en 1196, c’est le cinquième fils du vieux comte qui est à son tour associé, Guillem. Hugues II étant mort sans postérité en 1196, son père, qui a survécu, nomme à sa place Guillaume, son cinquième fils, comte de Rodez de 1196 à 1208.');
INSERT INTO note (note_id,note_type_id,user_ref,content) VALUES (188,0,'jpilla','Hugues II (1136-1208) succède à son père Hugues Ier, comte de Rodez, vers 1156. En mai 1195, il associe au pouvoir son fils aîné Hugues III, qui devient ainsi comte à côté de son père. Après la mort de Hugues III en 1196, c’est le cinquième fils du vieux comte qui est à son tour associé, Guillem. Hugues II étant mort sans postérité en 1196, son père, qui a survécu, nomme à sa place Guillaume, son cinquième fils, comte de Rodez de 1196 à 1208.');
INSERT INTO note (note_id,note_type_id,user_ref,content) VALUES (189,0,'jpilla','Abbaye cistercienne créée par le comte de Toulouse Raymond V et l’évêque de Rodez Hugues en 1162. Aveyron, arr. Rodez, cant. Cassagnes-Bégonhès, comm. Calmont.');
INSERT INTO note (note_id,note_type_id,user_ref,content) VALUES (190,0,'jpilla','Bertrand II, abbé de Bonnecombe (1200-1203).');
INSERT INTO note (note_id,note_type_id,user_ref,content) VALUES (191,0,'jpilla','Aveyron, arr. Rodez, cant. Marcillac-Vallon, comm. Clairvaux-d’Aveyron.');
INSERT INTO note (note_id,note_type_id,user_ref,content) VALUES (192,0,'jpilla','Aveyron, arr. Rodez, comm. Pont-de-Salars.');
INSERT INTO note (note_id,note_type_id,user_ref,content) VALUES (193,0,'jpilla','Haute-Loire, arr. Brioude, cant. Langeac.');
------------------------------------------
INSERT INTO note (note_id,note_type_id,user_ref,content) VALUES (194,0,'jpilla','Hugues II (1136-1208) succède à son père Hugues Ier, comte de Rodez, vers 1156. En mai 1195, il associe au pouvoir son fils aîné Hugues III, qui devient ainsi comte à côté de son père. Après la mort de Hugues III en 1196, c’est le cinquième fils du vieux comte qui est à son tour associé, Guillem. Hugues II étant mort sans postérité en 1196, son père, qui a survécu, nomme à sa place Guillaume, son cinquième fils, comte de Rodez de 1196 à 1208.');
INSERT INTO note (note_id,note_type_id,user_ref,content) VALUES (195,0,'jpilla','Hugues II (1136-1208) succède à son père Hugues Ier, comte de Rodez, vers 1156. En mai 1195, il associe au pouvoir son fils aîné Hugues III, qui devient ainsi comte à côté de son père. Après la mort de Hugues III en 1196, c’est le cinquième fils du vieux comte qui est à son tour associé, Guillem. Hugues II étant mort sans postérité en 1196, son père, qui a survécu, nomme à sa place Guillaume, son cinquième fils, comte de Rodez de 1196 à 1208.');
INSERT INTO note (note_id,note_type_id,user_ref,content) VALUES (196,0,'jpilla','Abbaye cistercienne créée par le comte de Toulouse Raymond V et l’évêque de Rodez Hugues en 1162. Aveyron, arr. Rodez, cant. Cassagnes-Bégonhès, comm. Calmont.');
INSERT INTO note (note_id,note_type_id,user_ref,content) VALUES (197,0,'jpilla','Bertrand II, abbé de Bonnecombe (1200-1203).');
INSERT INTO note (note_id,note_type_id,user_ref,content) VALUES (198,0,'jpilla','Aveyron, arr. Rodez, cant. Marcillac-Vallon, comm. Clairvaux-d’Aveyron.');
INSERT INTO note (note_id,note_type_id,user_ref,content) VALUES (199,0,'jpilla','Aveyron, arr. Rodez, comm. Pont-de-Salars.');
INSERT INTO note (note_id,note_type_id,user_ref,content) VALUES (200,0,'jpilla','Haute-Loire, arr. Brioude, cant. Langeac.');
------------------------------------------
INSERT INTO transcriptionHasNote (transcription_id,note_id,ptr_start,ptr_end) VALUES (33,187,57,61);
INSERT INTO transcriptionHasNote (transcription_id,note_id,ptr_start,ptr_end) VALUES (33,188,68,130);
INSERT INTO transcriptionHasNote (transcription_id,note_id,ptr_start,ptr_end) VALUES (33,189,993,1002);
INSERT INTO transcriptionHasNote (transcription_id,note_id,ptr_start,ptr_end) VALUES (33,190,1019,1033);
INSERT INTO transcriptionHasNote (transcription_id,note_id,ptr_start,ptr_end) VALUES (33,191,1410,1415);
INSERT INTO transcriptionHasNote (transcription_id,note_id,ptr_start,ptr_end) VALUES (33,192,1613,1621);
INSERT INTO transcriptionHasNote (transcription_id,note_id,ptr_start,ptr_end) VALUES (33,193,1754,1760);
------------------------------------------
INSERT INTO translationHasNote (translation_id,note_id,ptr_start,ptr_end) VALUES (33,194,51,55);
INSERT INTO translationHasNote (translation_id,note_id,ptr_start,ptr_end) VALUES (33,195,62,109);
INSERT INTO translationHasNote (translation_id,note_id,ptr_start,ptr_end) VALUES (33,196,753,763);
INSERT INTO translationHasNote (translation_id,note_id,ptr_start,ptr_end) VALUES (33,197,767,782);
INSERT INTO translationHasNote (translation_id,note_id,ptr_start,ptr_end) VALUES (33,198,1114,1119);
INSERT INTO translationHasNote (translation_id,note_id,ptr_start,ptr_end) VALUES (33,199,1289,1298);
INSERT INTO translationHasNote (translation_id,note_id,ptr_start,ptr_end) VALUES (33,200,1413,1419);
--========================================
------------------------------------------
------------------------------------------
------------------------------------------
--========================================
INSERT INTO note (note_id,note_type_id,user_ref,content) VALUES (201,0,'jpilla','trobar : " Quelque soit l’origine (durement discutée) du mot trobar, il est clair qu’il faut en retenir, outre ce qu’il désigne, l’art des troubadours et ses productions, l’idée de découverte, qu’on retrouve dans la proximité du français trouver.…Par le trobar se dévoile la nature de l’amour, d’où il vient, ce qu’il est, qui l’éprouve, pour qui et la joie. Trouver, trobar, c’est trouver l’ amour, c’est trouver d’amour, trobar d’amor. " (Jacques Roubaud, La fleur inverse. Essai sur l’art formel des troubadours, Paris, 1986, p. 185-186).');
INSERT INTO note (note_id,note_type_id,user_ref,content) VALUES (202,0,'jpilla','évêché de Gévaudan : évêché de Mende ; le pays de Gévaudan correspond à peu près à l’actuel département de la Lozère.');
INSERT INTO note (note_id,note_type_id,user_ref,content) VALUES (203,0,'jpilla','Lesperon : Ardèche, arr. Largentière, cant. Coucouron.');
INSERT INTO note (note_id,note_type_id,user_ref,content) VALUES (204,0,'jpilla','Dauphin d’Auvergne (? - 22 mars 1235) fils de Guillaume le Jeune, comte de Clermont à qui il succéda après 1169 peut-être après 1181-1182.');
------------------------------------------
INSERT INTO note (note_id,note_type_id,user_ref,content) VALUES (205,0,'jpilla','trobar : " Quelque soit l’origine (durement discutée) du mot trobar, il est clair qu’il faut en retenir, outre ce qu’il désigne, l’art des troubadours et ses productions, l’idée de découverte, qu’on retrouve dans la proximité du français trouver.…Par le trobar se dévoile la nature de l’amour, d’où il vient, ce qu’il est, qui l’éprouve, pour qui et la joie. Trouver, trobar, c’est trouver l’ amour, c’est trouver d’amour, trobar d’amor. " (Jacques Roubaud, La fleur inverse. Essai sur l’art formel des troubadours, Paris, 1986, p. 185-186).');
INSERT INTO note (note_id,note_type_id,user_ref,content) VALUES (206,0,'jpilla','évêché de Gévaudan : évêché de Mende ; le pays de Gévaudan correspond à peu près à l’actuel département de la Lozère.');
INSERT INTO note (note_id,note_type_id,user_ref,content) VALUES (207,0,'jpilla','Lesperon : Ardèche, arr. Largentière, cant. Coucouron.');
INSERT INTO note (note_id,note_type_id,user_ref,content) VALUES (208,0,'jpilla','Dauphin d’Auvergne (? - 22 mars 1235) fils de Guillaume le Jeune, comte de Clermont à qui il succéda après 1169 peut-être après 1181-1182.');
------------------------------------------
INSERT INTO transcriptionHasNote (transcription_id,note_id,ptr_start,ptr_end) VALUES (35,201,51,57);
INSERT INTO transcriptionHasNote (transcription_id,note_id,ptr_start,ptr_end) VALUES (35,202,95,114);
INSERT INTO transcriptionHasNote (transcription_id,note_id,ptr_start,ptr_end) VALUES (35,203,151,159);
INSERT INTO transcriptionHasNote (transcription_id,note_id,ptr_start,ptr_end) VALUES (35,204,350,368);
------------------------------------------
INSERT INTO translationHasNote (translation_id,note_id,ptr_start,ptr_end) VALUES (35,205,61,72);
INSERT INTO translationHasNote (translation_id,note_id,ptr_start,ptr_end) VALUES (35,206,113,131);
INSERT INTO translationHasNote (translation_id,note_id,ptr_start,ptr_end) VALUES (35,207,169,177);
INSERT INTO translationHasNote (translation_id,note_id,ptr_start,ptr_end) VALUES (35,208,360,378);
--========================================
INSERT INTO note (note_id,note_type_id,user_ref,content) VALUES (209,0,'jpilla','Loys : Le futur Louis XI, détenteur du Dauphiné en tant que fils aîné du roi de France, a porté une grande attention à la province, qu’il a en particulier activement administrée après s’être brouillé avec son père en 1446.');
INSERT INTO note (note_id,note_type_id,user_ref,content) VALUES (210,0,'jpilla','daulphin de Viennoys : Acquis par le roi de France Philippe VI en 1343, le Dauphiné de Viennois, terre d’Empire, passe dès 1344 au futur Jean II. La règle s’observe jusqu’en 1461 de le confier au fils aîné du roi de France. Le maintien des institutions régionales se marque aussi dans le domaine diplomatique, avec l’usage d’un sceau (le « sceau dauphin ») et d’une chancellerie propres.');
INSERT INTO note (note_id,note_type_id,user_ref,content) VALUES (211,0,'jpilla','conte de Valentinoys et de Dioys :Éléments complémentaires de la titulature delphinale à compter de 1419, date à laquelle le Valentinois (région de Valence) et une partie du Diois (région de Die) sont rattachés au Dauphiné ; ces terres correspondaient à peu près à la partie de l’actuel département de la Drôme qui ne relevait pas à l’origine du Dauphiné.');
INSERT INTO note (note_id,note_type_id,user_ref,content) VALUES (212,0,'jpilla','Granhan : Grignan (Drôme, ch.-l. cant.).');
INSERT INTO note (note_id,note_type_id,user_ref,content) VALUES (213,0,'jpilla','accort et traictié : L’échange dont il va être question a été conclu le 25 mai (E. Pilot de Thorey, Catalogue des actes du dauphin Louis II…, Grenoble, 1899-1911, n° 455, qui ignore le présent acte).');
INSERT INTO note (note_id,note_type_id,user_ref,content) VALUES (214,0,'jpilla','Grillen : Grillon, aujourd’hui dans le Vaucluse (cant. Valréas), est à 5 km au sud-est de Grignan. Le dauphin Louis s’était engagé dès le 13 mai à remettre la seigneurie au pape.');
INSERT INTO note (note_id,note_type_id,user_ref,content) VALUES (215,0,'jpilla','a la terre : Comprendre « avec la terre ».');
INSERT INTO note (note_id,note_type_id,user_ref,content) VALUES (216,0,'jpilla','Marsenne : Marsanne (Drôme, ch.-l. cant.).');
INSERT INTO note (note_id,note_type_id,user_ref,content) VALUES (217,0,'jpilla','peage de Laine et des empses de Savasse : Leyne (Drôme, cant. Marsanne, comm. Savasse) était un ancien château des comtes de Valentinois ; supprimé au XVIIe siècle, le péage dit « de Leyne et des anses de Savasse » est attesté dès 1207.');
INSERT INTO note (note_id,note_type_id,user_ref,content) VALUES (218,0,'jpilla','Hugues de Verdun : Personnage non retrouvé ; mais plus tard une lettre du roi Louis XI (éd. J. Vaesen, t. III, p. 1) cite un « Jeannot de Sainte-Camelle », écuyer d’écurie du roi, implanté à Montpellier. On peut donc identifier ici Verdun avec Verdun-en-Lauragais (Aude, cant. Castelnaudary).');
INSERT INTO note (note_id,note_type_id,user_ref,content) VALUES (219,0,'jpilla','Sainte Camelle : Sainte-Camelle (Aude, cant. Salles-sur-l’Hers).');
INSERT INTO note (note_id,note_type_id,user_ref,content) VALUES (220,0,'jpilla','Monteil Aymart : Montélimar (Drôme, ch.-l. cant.). On sait d’après les actes que le dauphin Louis y réside au moins du 16 mai au 29 juin 1447.');
INSERT INTO note (note_id,note_type_id,user_ref,content) VALUES (221,0,'jpilla','Bochetel : Jean Bochetel, secrétaire (depuis 1439 au moins) et fidèle serviteur du dauphin Louis, apparaît comme contrôleur des finances du Dauphiné en décembre 1447 ; il sert ensuite le roi Louis XI jusqu’à sa mort en 1470.');
------------------------------------------
------------------------------------------
INSERT INTO transcriptionHasNote (transcription_id,note_id,ptr_start,ptr_end) VALUES (36,209,3,7);
INSERT INTO transcriptionHasNote (transcription_id,note_id,ptr_start,ptr_end) VALUES (36,210,39,59);
INSERT INTO transcriptionHasNote (transcription_id,note_id,ptr_start,ptr_end) VALUES (36,211,61,93);
INSERT INTO transcriptionHasNote (transcription_id,note_id,ptr_start,ptr_end) VALUES (36,212,182,189);
INSERT INTO transcriptionHasNote (transcription_id,note_id,ptr_start,ptr_end) VALUES (36,213,229,247);
INSERT INTO transcriptionHasNote (transcription_id,note_id,ptr_start,ptr_end) VALUES (36,214,372,379);
INSERT INTO transcriptionHasNote (transcription_id,note_id,ptr_start,ptr_end) VALUES (36,215,380,390);
INSERT INTO transcriptionHasNote (transcription_id,note_id,ptr_start,ptr_end) VALUES (36,216,423,431);
INSERT INTO transcriptionHasNote (transcription_id,note_id,ptr_start,ptr_end) VALUES (36,217,463,502);
INSERT INTO transcriptionHasNote (transcription_id,note_id,ptr_start,ptr_end) VALUES (36,218,937,953);
INSERT INTO transcriptionHasNote (transcription_id,note_id,ptr_start,ptr_end) VALUES (36,219,973,996);
INSERT INTO transcriptionHasNote (transcription_id,note_id,ptr_start,ptr_end) VALUES (36,220,1685,1699);
INSERT INTO transcriptionHasNote (transcription_id,note_id,ptr_start,ptr_end) VALUES (36,221,1851,1859);
------------------------------------------
--========================================
INSERT INTO note (note_id,note_type_id,user_ref,content) VALUES (222,0,'jpilla','M(athildis) comitissa Bolonie : Mahaut de Dammartin, comtesse de Boulogne, avait successivement épousé Philippe Hurepel (bâtard de Philippe Auguste, † 1234, dont naît Jeanne), puis Alphonse de Portugal (neveu par sa mère de Blanche de Castille).');
INSERT INTO note (note_id,note_type_id,user_ref,content) VALUES (223,0,'jpilla','Alfonso : Fils du roi de Portugal Afonso II († 1223) et frère cadet du roi alors régnant, Sancho II ; celui-ci déposé en 1245, Alphonse gagnera le Portugal comme régent avant d’y devenir roi en 1248 sous le nom d’Afonso III.');
INSERT INTO note (note_id,note_type_id,user_ref,content) VALUES (224,0,'jpilla','parisiensium : Génitif pluriel de rigueur en latin, car denariorum est sous-entendu (mais l’usage s’est perdu en français contemporain, qui parle de « livres parisis » plutôt que de « livres de parisis »).');
INSERT INTO note (note_id,note_type_id,user_ref,content) VALUES (225,0,'jpilla','libratis : Une « livrée de terre » est une unité abstraite de mesure, qui désigne la capacité de percevoir une livre de revenus annuels assis sur la terre, quel que soit le mode de détention (posséder une terre de ce rapport, détenir une rente de ce montant assise sur une terre, etc.). Il y a naturellement autant de « livrées » que de genre de monnaie, parisis, tournois, etc. ; les textes en ancien français parlent ainsi parfois de « livrée attournois » (= ad turonenses), etc.');
INSERT INTO note (note_id,note_type_id,user_ref,content) VALUES (226,0,'jpilla','litteras suas patentes : voir la partie synthèse du commentaire diplomatique.');
------------------------------------------
INSERT INTO note (note_id,note_type_id,user_ref,content) VALUES (227,0,'jpilla','M(athildis) comitissa Bolonie : Mahaut de Dammartin, comtesse de Boulogne, avait successivement épousé Philippe Hurepel (bâtard de Philippe Auguste, † 1234, dont naît Jeanne), puis Alphonse de Portugal (neveu par sa mère de Blanche de Castille).');
INSERT INTO note (note_id,note_type_id,user_ref,content) VALUES (228,0,'jpilla','Alfonso : Fils du roi de Portugal Afonso II († 1223) et frère cadet du roi alors régnant, Sancho II ; celui-ci déposé en 1245, Alphonse gagnera le Portugal comme régent avant d’y devenir roi en 1248 sous le nom d’Afonso III.');
INSERT INTO note (note_id,note_type_id,user_ref,content) VALUES (229,0,'jpilla','parisiensium : Génitif pluriel de rigueur en latin, car denariorum est sous-entendu (mais l’usage s’est perdu en français contemporain, qui parle de « livres parisis » plutôt que de « livres de parisis »).');
INSERT INTO note (note_id,note_type_id,user_ref,content) VALUES (230,0,'jpilla','libratis : Une « livrée de terre » est une unité abstraite de mesure, qui désigne la capacité de percevoir une livre de revenus annuels assis sur la terre, quel que soit le mode de détention (posséder une terre de ce rapport, détenir une rente de ce montant assise sur une terre, etc.). Il y a naturellement autant de « livrées » que de genre de monnaie, parisis, tournois, etc. ; les textes en ancien français parlent ainsi parfois de « livrée attournois » (= ad turonenses), etc.');
INSERT INTO note (note_id,note_type_id,user_ref,content) VALUES (231,0,'jpilla','litteras suas patentes : voir la partie synthèse du commentaire diplomatique.');
------------------------------------------
INSERT INTO transcriptionHasNote (transcription_id,note_id,ptr_start,ptr_end) VALUES (37,222,78,123);
INSERT INTO transcriptionHasNote (transcription_id,note_id,ptr_start,ptr_end) VALUES (37,223,269,276);
INSERT INTO transcriptionHasNote (transcription_id,note_id,ptr_start,ptr_end) VALUES (37,224,399,420);
INSERT INTO transcriptionHasNote (transcription_id,note_id,ptr_start,ptr_end) VALUES (37,225,850,858);
INSERT INTO transcriptionHasNote (transcription_id,note_id,ptr_start,ptr_end) VALUES (37,226,3735,3766);
------------------------------------------
INSERT INTO translationHasNote (translation_id,note_id,ptr_start,ptr_end) VALUES (37,227,56,86);
INSERT INTO translationHasNote (translation_id,note_id,ptr_start,ptr_end) VALUES (37,228,211,219);
INSERT INTO translationHasNote (translation_id,note_id,ptr_start,ptr_end) VALUES (37,229,307,314);
INSERT INTO translationHasNote (translation_id,note_id,ptr_start,ptr_end) VALUES (37,230,564,571);
INSERT INTO translationHasNote (translation_id,note_id,ptr_start,ptr_end) VALUES (37,231,2226,2246);
--========================================
INSERT INTO note (note_id,note_type_id,user_ref,content) VALUES (232,0,'jpilla','VI° kalendas octobris : La conversion des jours décomptés, de façon régressive, par rapport aux calendes (premier jour) du mois suivant s’obtient par la formule [nombre de jours du mois précédent] + 2 - [nombre exprimé]. Donc, le 6 des calendes d’octobre est le (30 septembre + 2 - 6 =) 26 septembre.');
INSERT INTO note (note_id,note_type_id,user_ref,content) VALUES (233,0,'jpilla','Moysiacensis : Moissac (Tarn-et-Garonne, ch.-l. cant.), abbaye réformée par Cluny au XIe siècle.');
INSERT INTO note (note_id,note_type_id,user_ref,content) VALUES (234,0,'jpilla','Amalricus : Amaury de Montfort prend dans le Midi la succession de son père Simon, mort le 25 juin 1218, avant de céder ses droits au roi de France.');
INSERT INTO note (note_id,note_type_id,user_ref,content) VALUES (235,0,'jpilla','conventus : Face à l’abbé, le " convent " est l’ensemble de la communauté monastique ; le droit canon s’attache alors, depuis quelques décennies, à préciser le jeu institutionnel entre les deux instances dans le gouvernement des maisons religieuses, et à poser un pouvoir de contrôle du convent sur la gestion abbatiale. Reconnu comme une personne morale, le convent a désormais un sceau distinct de celui de l’abbé : l’un et l’autre serviront à sceller le présent acte.');
INSERT INTO note (note_id,note_type_id,user_ref,content) VALUES (236,0,'jpilla','hominem : "Homme", au sens féodal (il s’applique alors, tel quel, aussi bien à des femmes) : vassal qui a fait hommage.');
INSERT INTO note (note_id,note_type_id,user_ref,content) VALUES (237,0,'jpilla','pactiones : Du sens générique de " pacte ", " accord ", le terme semble ici tirer celui de " possession ou droit reconnu à la suite d’un accord ". De fait, l’accord passé entre l’abbé de Moissac et Simon de Montfort, ici confirmé (voir commentaire ci-après), avait réglé le partage des dépouilles du comte Raimond VI dans la région de Moissac.');
INSERT INTO note (note_id,note_type_id,user_ref,content) VALUES (238,0,'jpilla','habebat vel habere debebat : Cette expression, usuelle mais qui n’a rien de gratuit, désigne d’abord les droits exercés de fait, puis ceux qui, pour n’être pas exercés (parce qu’ils sont inconnus, ou empêchés), n’en sont pas moins susceptibles d’être un jour exercés.');
INSERT INTO note (note_id,note_type_id,user_ref,content) VALUES (239,0,'jpilla','Testibus : voir la partie synthèse du commentaire diplomatique.');
INSERT INTO note (note_id,note_type_id,user_ref,content) VALUES (240,0,'jpilla','Falqueto : Seul bourgeois à être désigné par un simple nom personnel ; mais la ponctuation de l’original permet de l’individualiser parmi les témoins qui l’entourent.');
------------------------------------------
INSERT INTO note (note_id,note_type_id,user_ref,content) VALUES (241,0,'jpilla','VI° kalendas octobris : La conversion des jours décomptés, de façon régressive, par rapport aux calendes (premier jour) du mois suivant s’obtient par la formule [nombre de jours du mois précédent] + 2 - [nombre exprimé]. Donc, le 6 des calendes d’octobre est le (30 septembre + 2 - 6 =) 26 septembre.');
INSERT INTO note (note_id,note_type_id,user_ref,content) VALUES (242,0,'jpilla','VI° kalendas octobris : La conversion des jours décomptés, de façon régressive, par rapport aux calendes (premier jour) du mois suivant s’obtient par la formule [nombre de jours du mois précédent] + 2 - [nombre exprimé]. Donc, le 6 des calendes d’octobre est le (30 septembre + 2 - 6 =) 26 septembre.');
INSERT INTO note (note_id,note_type_id,user_ref,content) VALUES (243,0,'jpilla','Moysiacensis : Moissac (Tarn-et-Garonne, ch.-l. cant.), abbaye réformée par Cluny au XIe siècle.');
INSERT INTO note (note_id,note_type_id,user_ref,content) VALUES (244,0,'jpilla','Amalricus : Amaury de Montfort prend dans le Midi la succession de son père Simon, mort le 25 juin 1218, avant de céder ses droits au roi de France.');
INSERT INTO note (note_id,note_type_id,user_ref,content) VALUES (245,0,'jpilla','conventus : Face à l’abbé, le " convent " est l’ensemble de la communauté monastique ; le droit canon s’attache alors, depuis quelques décennies, à préciser le jeu institutionnel entre les deux instances dans le gouvernement des maisons religieuses, et à poser un pouvoir de contrôle du convent sur la gestion abbatiale. Reconnu comme une personne morale, le convent a désormais un sceau distinct de celui de l’abbé : l’un et l’autre serviront à sceller le présent acte.');
INSERT INTO note (note_id,note_type_id,user_ref,content) VALUES (246,0,'jpilla','hominem : "Homme", au sens féodal (il s’applique alors, tel quel, aussi bien à des femmes) : vassal qui a fait hommage.');
INSERT INTO note (note_id,note_type_id,user_ref,content) VALUES (247,0,'jpilla','pactiones : Du sens générique de " pacte ", " accord ", le terme semble ici tirer celui de " possession ou droit reconnu à la suite d’un accord ". De fait, l’accord passé entre l’abbé de Moissac et Simon de Montfort, ici confirmé (voir commentaire ci-après), avait réglé le partage des dépouilles du comte Raimond VI dans la région de Moissac.');
INSERT INTO note (note_id,note_type_id,user_ref,content) VALUES (248,0,'jpilla','habebat vel habere debebat : Cette expression, usuelle mais qui n’a rien de gratuit, désigne d’abord les droits exercés de fait, puis ceux qui, pour n’être pas exercés (parce qu’ils sont inconnus, ou empêchés), n’en sont pas moins susceptibles d’être un jour exercés.');
INSERT INTO note (note_id,note_type_id,user_ref,content) VALUES (249,0,'jpilla','habebat vel habere debebat : Cette expression, usuelle mais qui n’a rien de gratuit, désigne d’abord les droits exercés de fait, puis ceux qui, pour n’être pas exercés (parce qu’ils sont inconnus, ou empêchés), n’en sont pas moins susceptibles d’être un jour exercés.');
INSERT INTO note (note_id,note_type_id,user_ref,content) VALUES (250,0,'jpilla','Testibus : voir la partie synthèse du commentaire diplomatique.');
INSERT INTO note (note_id,note_type_id,user_ref,content) VALUES (251,0,'jpilla','Falqueto : Seul bourgeois à être désigné par un simple nom personnel ; mais la ponctuation de l’original permet de l’individualiser parmi les témoins qui l’entourent.');
------------------------------------------
INSERT INTO transcriptionHasNote (transcription_id,note_id,ptr_start,ptr_end) VALUES (38,232,192,231);
INSERT INTO transcriptionHasNote (transcription_id,note_id,ptr_start,ptr_end) VALUES (38,233,291,312);
INSERT INTO transcriptionHasNote (transcription_id,note_id,ptr_start,ptr_end) VALUES (38,234,522,540);
INSERT INTO transcriptionHasNote (transcription_id,note_id,ptr_start,ptr_end) VALUES (38,235,930,957);
INSERT INTO transcriptionHasNote (transcription_id,note_id,ptr_start,ptr_end) VALUES (38,236,1031,1056);
INSERT INTO transcriptionHasNote (transcription_id,note_id,ptr_start,ptr_end) VALUES (38,237,1467,1485);
INSERT INTO transcriptionHasNote (transcription_id,note_id,ptr_start,ptr_end) VALUES (38,238,1557,1610);
INSERT INTO transcriptionHasNote (transcription_id,note_id,ptr_start,ptr_end) VALUES (38,239,3518,3535);
INSERT INTO transcriptionHasNote (transcription_id,note_id,ptr_start,ptr_end) VALUES (38,240,4074,4091);
------------------------------------------
INSERT INTO translationHasNote (translation_id,note_id,ptr_start,ptr_end) VALUES (38,241,84,88);
INSERT INTO translationHasNote (translation_id,note_id,ptr_start,ptr_end) VALUES (38,242,95,117);
INSERT INTO translationHasNote (translation_id,note_id,ptr_start,ptr_end) VALUES (38,243,176,183);
INSERT INTO translationHasNote (translation_id,note_id,ptr_start,ptr_end) VALUES (38,244,281,289);
INSERT INTO translationHasNote (translation_id,note_id,ptr_start,ptr_end) VALUES (38,245,572,579);
INSERT INTO translationHasNote (translation_id,note_id,ptr_start,ptr_end) VALUES (38,246,633,638);
INSERT INTO translationHasNote (translation_id,note_id,ptr_start,ptr_end) VALUES (38,247,848,854);
INSERT INTO translationHasNote (translation_id,note_id,ptr_start,ptr_end) VALUES (38,248,887,892);
INSERT INTO translationHasNote (translation_id,note_id,ptr_start,ptr_end) VALUES (38,249,899,914);
INSERT INTO translationHasNote (translation_id,note_id,ptr_start,ptr_end) VALUES (38,250,2160,2167);
INSERT INTO translationHasNote (translation_id,note_id,ptr_start,ptr_end) VALUES (38,251,2664,2671);
--========================================
INSERT INTO note (note_id,note_type_id,user_ref,content) VALUES (252,0,'jpilla','Francorum et Navarre rege : Appliqué ici à Charles IV le Bel (1322-1328), le titre est double, comme il est de règle sous les trois fils de Philippe le Bel, qui héritèrent de leur père la couronne de Navarre. Noter que le rédacteur de l’acte suit les usages de la chancellerie royale, qui maintient en latin le traditionnel Francorum (mais d’autres rédacteurs peuvent employer Francie).');
INSERT INTO note (note_id,note_type_id,user_ref,content) VALUES (253,0,'jpilla','Marologio : Marvejols, Lozère, ch.-l. cant.');
INSERT INTO note (note_id,note_type_id,user_ref,content) VALUES (254,0,'jpilla','discreto viro : Le titre de courtoisie d’« homme discret », « discrète personne », commence à se répandre ; il faut prendre « discret » au sens étymologique : « plein de discernement », « sage ».');
INSERT INTO note (note_id,note_type_id,user_ref,content) VALUES (255,0,'jpilla','senescallia Bellicadri et Nemausi : La sénéchaussée de Beaucaire(-Nîmes) est, avec celle de Carcassonne(-Béziers), l’une des deux plus anciennes sénéchaussées capétiennes du Midi, formées en 1229 des terres alors reconnues au roi de France.');
INSERT INTO note (note_id,note_type_id,user_ref,content) VALUES (256,0,'jpilla','Larsis : Larcis, Lozère, cant. Marvejols, comm. Antrenas.');
INSERT INTO note (note_id,note_type_id,user_ref,content) VALUES (257,0,'jpilla','turonensium : Comme tous les autres noms d’espèces monétaires, l’adjectif substantivé turonensis/-es se rapporte aux seules pièces effectivement monnayées à l’origine, les deniers ; on l’emploie donc invariablement au génitif pluriel quand il s’applique à des livres et/ou à des sous « de [deniers] tournois » ; mais, en français moderne, on a pris l’habitude de ne plus parler en général que de « livres/sous tournois ».');
INSERT INTO note (note_id,note_type_id,user_ref,content) VALUES (258,0,'jpilla','Gaballitani : Le Gévaudan correspond de près à l’ancien diocèse de Mende et à l’actuel département de la Lozère.');
INSERT INTO note (note_id,note_type_id,user_ref,content) VALUES (259,0,'jpilla','Benevento : La localité n’a pu être identifiée, si elle est bien sise en Gévaudan.');
INSERT INTO note (note_id,note_type_id,user_ref,content) VALUES (260,0,'jpilla','terre de Petra : L’ancienne seigneurie de Peyre (Lozère, cant. Aumont-Aubrac, comm. Saint-Sauveur-de-Peyre) a laissé de nombreuses traces toponymiques, étirées le long de la route d’Aumont-Aubrac à Marvejols (Sainte-Colombe-, Saint-Léger-de-Peyre…). Le renvoi qui y est ici fait sert sans doute à préciser l’identification de « Larcis-de-Peyre ».');
INSERT INTO note (note_id,note_type_id,user_ref,content) VALUES (261,0,'jpilla','Helie Bernardi : forme onomastique typique, qui accompagne le nom personnel d’un patronyme au génitif (« fils de » est sous-entendu).');
INSERT INTO note (note_id,note_type_id,user_ref,content) VALUES (262,0,'jpilla','formam : Le scribe a par erreur noté deux fois le “m” final (une fois par un tilde, une fois par un “m” renversé en forme de “z”).');
------------------------------------------
INSERT INTO note (note_id,note_type_id,user_ref,content) VALUES (263,0,'jpilla','Francorum et Navarre rege : Appliqué ici à Charles IV le Bel (1322-1328), le titre est double, comme il est de règle sous les trois fils de Philippe le Bel, qui héritèrent de leur père la couronne de Navarre. Noter que le rédacteur de l’acte suit les usages de la chancellerie royale, qui maintient en latin le traditionnel Francorum (mais d’autres rédacteurs peuvent employer Francie).');
INSERT INTO note (note_id,note_type_id,user_ref,content) VALUES (264,0,'jpilla','Marologio : Marvejols, Lozère, ch.-l. cant.');
INSERT INTO note (note_id,note_type_id,user_ref,content) VALUES (265,0,'jpilla','discreto viro : Le titre de courtoisie d’« homme discret », « discrète personne », commence à se répandre ; il faut prendre « discret » au sens étymologique : « plein de discernement », « sage ».');
INSERT INTO note (note_id,note_type_id,user_ref,content) VALUES (266,0,'jpilla','senescallia Bellicadri et Nemausi : La sénéchaussée de Beaucaire(-Nîmes) est, avec celle de Carcassonne(-Béziers), l’une des deux plus anciennes sénéchaussées capétiennes du Midi, formées en 1229 des terres alors reconnues au roi de France.');
INSERT INTO note (note_id,note_type_id,user_ref,content) VALUES (267,0,'jpilla','Larsis : Larcis, Lozère, cant. Marvejols, comm. Antrenas.');
INSERT INTO note (note_id,note_type_id,user_ref,content) VALUES (268,0,'jpilla','turonensium : Comme tous les autres noms d’espèces monétaires, l’adjectif substantivé turonensis/-es se rapporte aux seules pièces effectivement monnayées à l’origine, les deniers ; on l’emploie donc invariablement au génitif pluriel quand il s’applique à des livres et/ou à des sous « de [deniers] tournois » ; mais, en français moderne, on a pris l’habitude de ne plus parler en général que de « livres/sous tournois ».');
INSERT INTO note (note_id,note_type_id,user_ref,content) VALUES (269,0,'jpilla','Gaballitani : Le Gévaudan correspond de près à l’ancien diocèse de Mende et à l’actuel département de la Lozère.');
INSERT INTO note (note_id,note_type_id,user_ref,content) VALUES (270,0,'jpilla','Benevento : La localité n’a pu être identifiée, si elle est bien sise en Gévaudan.');
INSERT INTO note (note_id,note_type_id,user_ref,content) VALUES (271,0,'jpilla','terre de Petra : L’ancienne seigneurie de Peyre (Lozère, cant. Aumont-Aubrac, comm. Saint-Sauveur-de-Peyre) a laissé de nombreuses traces toponymiques, étirées le long de la route d’Aumont-Aubrac à Marvejols (Sainte-Colombe-, Saint-Léger-de-Peyre…). Le renvoi qui y est ici fait sert sans doute à préciser l’identification de « Larcis-de-Peyre ».');
INSERT INTO note (note_id,note_type_id,user_ref,content) VALUES (272,0,'jpilla','Helie Bernardi : forme onomastique typique, qui accompagne le nom personnel d’un patronyme au génitif (« fils de » est sous-entendu).');
INSERT INTO note (note_id,note_type_id,user_ref,content) VALUES (273,0,'jpilla','formam : Le scribe a par erreur noté deux fois le “m” final (une fois par un tilde, une fois par un “m” renversé en forme de “z”).');
------------------------------------------
INSERT INTO transcriptionHasNote (transcription_id,note_id,ptr_start,ptr_end) VALUES (39,252,114,148);
INSERT INTO transcriptionHasNote (transcription_id,note_id,ptr_start,ptr_end) VALUES (39,253,198,207);
INSERT INTO transcriptionHasNote (transcription_id,note_id,ptr_start,ptr_end) VALUES (39,254,263,285);
INSERT INTO transcriptionHasNote (transcription_id,note_id,ptr_start,ptr_end) VALUES (39,255,335,395);
INSERT INTO transcriptionHasNote (transcription_id,note_id,ptr_start,ptr_end) VALUES (39,256,519,525);
INSERT INTO transcriptionHasNote (transcription_id,note_id,ptr_start,ptr_end) VALUES (39,257,621,641);
INSERT INTO transcriptionHasNote (transcription_id,note_id,ptr_start,ptr_end) VALUES (39,258,740,751);
INSERT INTO transcriptionHasNote (transcription_id,note_id,ptr_start,ptr_end) VALUES (39,259,982,991);
INSERT INTO transcriptionHasNote (transcription_id,note_id,ptr_start,ptr_end) VALUES (39,260,1129,1143);
INSERT INTO transcriptionHasNote (transcription_id,note_id,ptr_start,ptr_end) VALUES (39,261,1785,1799);
INSERT INTO transcriptionHasNote (transcription_id,note_id,ptr_start,ptr_end) VALUES (39,262,2101,2116);
------------------------------------------
INSERT INTO translationHasNote (translation_id,note_id,ptr_start,ptr_end) VALUES (39,263,122,149);
INSERT INTO translationHasNote (translation_id,note_id,ptr_start,ptr_end) VALUES (39,264,178,187);
INSERT INTO translationHasNote (translation_id,note_id,ptr_start,ptr_end) VALUES (39,265,224,241);
INSERT INTO translationHasNote (translation_id,note_id,ptr_start,ptr_end) VALUES (39,266,293,330);
INSERT INTO translationHasNote (translation_id,note_id,ptr_start,ptr_end) VALUES (39,267,415,421);
INSERT INTO translationHasNote (translation_id,note_id,ptr_start,ptr_end) VALUES (39,268,451,459);
INSERT INTO translationHasNote (translation_id,note_id,ptr_start,ptr_end) VALUES (39,269,552,560);
INSERT INTO translationHasNote (translation_id,note_id,ptr_start,ptr_end) VALUES (39,270,685,693);
INSERT INTO translationHasNote (translation_id,note_id,ptr_start,ptr_end) VALUES (39,271,821,835);
INSERT INTO translationHasNote (translation_id,note_id,ptr_start,ptr_end) VALUES (39,272,1215,1228);
INSERT INTO translationHasNote (translation_id,note_id,ptr_start,ptr_end) VALUES (39,273,1492,1497);
--========================================
INSERT INTO note (note_id,note_type_id,user_ref,content) VALUES (274,0,'jpilla','Morinensis : Thérouanne (à l’origine, cité des Morins), siège d’évêché jusqu’en 1553, date où la ville est rasée avant que le diocèse ne soit partagé entre trois nouveaux sièges (Saint-Omer, Ypres et Boulogne) ; auj. village du Pas-de-Calais, cant. Aire-sur-la-Lys.');
INSERT INTO note (note_id,note_type_id,user_ref,content) VALUES (275,0,'jpilla','rege Franc’ : La titulature latine, ici abrégée, pourrait être restituée aussi bien rex Francorum (si l’auteur suit l’usage de la chancellerie royale) que rex Francie (qui traduit “naturellement” l’expression française correspondante, roi de France). Il s’agit de Philippe VI, monté sur le trône en 1328.');
INSERT INTO note (note_id,note_type_id,user_ref,content) VALUES (276,0,'jpilla','Johannis de Hautebruiere : La traduction pose moins de problème que l’identification. Le personnage peut être sans doute confondu avec le Johannes de Altabr’ qui apparaît comme comptable royal (mais pas davantage qualifié) dans un compte perdu de 1334 (Charles-Victor Langlois, Inventaire d’anciens comptes royaux dressés par Robert Mignon sous le règne de Philippe de Valois, Paris, 1899, append. II, p. 376, n° XXXII).');
INSERT INTO note (note_id,note_type_id,user_ref,content) VALUES (277,0,'jpilla','Johannis de Hautebruiere : La traduction pose moins de problème que l’identification. Le personnage peut être sans doute confondu avec le Johannes de Altabr’ qui apparaît comme comptable royal (mais pas davantage qualifié) dans un compte perdu de 1334 (Charles-Victor Langlois, Inventaire d’anciens comptes royaux dressés par Robert Mignon sous le règne de Philippe de Valois, Paris, 1899, append. II, p. 376, n° XXXII).');
INSERT INTO note (note_id,note_type_id,user_ref,content) VALUES (278,0,'jpilla','parisiensium forcium : Comprendre « livres [de deniers] parisis forts », d’où l’emploi impératif (et quasi toujours suivi dans les textes de l’époque) du génitif pluriel. Le qualificatif de « [deniers] forts » (fortes, inforciati…), par opposition aux « [deniers] faibles » (debiles), renvoie de façon générique à une monnaie renforcée (dans son poids et/ou son titre), de plus fort pouvoir libératoire ; il s’agit ici de la “bonne monnaie” émise au début du règne de Philippe VI (mise en circulation à Pâques 1330).');
INSERT INTO note (note_id,note_type_id,user_ref,content) VALUES (279,0,'jpilla','Fienles : Fiennes, Pas-de-Calais, cant. Guînes.');
INSERT INTO note (note_id,note_type_id,user_ref,content) VALUES (280,0,'jpilla','Tingry : Tingry, Pas-de-Calais, cant. Samer.');
INSERT INTO note (note_id,note_type_id,user_ref,content) VALUES (281,0,'jpilla','guerra Flandrensi : La “guerre de Flandre” ici visée a vu Philippe VI soutenir le comte Louis Ier contre les échevinages révoltés de Bruges et d’Ypres ; elle a culminé dans la grande victoire royale de Cassel (1328).');
------------------------------------------
INSERT INTO note (note_id,note_type_id,user_ref,content) VALUES (282,0,'jpilla','Morinensis : Thérouanne (à l’origine, cité des Morins), siège d’évêché jusqu’en 1553, date où la ville est rasée avant que le diocèse ne soit partagé entre trois nouveaux sièges (Saint-Omer, Ypres et Boulogne) ; auj. village du Pas-de-Calais, cant. Aire-sur-la-Lys.');
INSERT INTO note (note_id,note_type_id,user_ref,content) VALUES (283,0,'jpilla','rege Franc’ : La titulature latine, ici abrégée, pourrait être restituée aussi bien rex Francorum (si l’auteur suit l’usage de la chancellerie royale) que rex Francie (qui traduit “naturellement” l’expression française correspondante, roi de France). Il s’agit de Philippe VI, monté sur le trône en 1328.');
INSERT INTO note (note_id,note_type_id,user_ref,content) VALUES (284,0,'jpilla','rege Franc’ : La titulature latine, ici abrégée, pourrait être restituée aussi bien rex Francorum (si l’auteur suit l’usage de la chancellerie royale) que rex Francie (qui traduit “naturellement” l’expression française correspondante, roi de France). Il s’agit de Philippe VI, monté sur le trône en 1328.');
INSERT INTO note (note_id,note_type_id,user_ref,content) VALUES (285,0,'jpilla','Johannis de Hautebruiere : La traduction pose moins de problème que l’identification. Le personnage peut être sans doute confondu avec le Johannes de Altabr’ qui apparaît comme comptable royal (mais pas davantage qualifié) dans un compte perdu de 1334 (Charles-Victor Langlois, Inventaire d’anciens comptes royaux dressés par Robert Mignon sous le règne de Philippe de Valois, Paris, 1899, append. II, p. 376, n° XXXII).');
INSERT INTO note (note_id,note_type_id,user_ref,content) VALUES (286,0,'jpilla','Johannis de Hautebruiere : La traduction pose moins de problème que l’identification. Le personnage peut être sans doute confondu avec le Johannes de Altabr’ qui apparaît comme comptable royal (mais pas davantage qualifié) dans un compte perdu de 1334 (Charles-Victor Langlois, Inventaire d’anciens comptes royaux dressés par Robert Mignon sous le règne de Philippe de Valois, Paris, 1899, append. II, p. 376, n° XXXII).');
INSERT INTO note (note_id,note_type_id,user_ref,content) VALUES (287,0,'jpilla','parisiensium forcium : Comprendre « livres [de deniers] parisis forts », d’où l’emploi impératif (et quasi toujours suivi dans les textes de l’époque) du génitif pluriel. Le qualificatif de « [deniers] forts » (fortes, inforciati…), par opposition aux « [deniers] faibles » (debiles), renvoie de façon générique à une monnaie renforcée (dans son poids et/ou son titre), de plus fort pouvoir libératoire ; il s’agit ici de la “bonne monnaie” émise au début du règne de Philippe VI (mise en circulation à Pâques 1330).');
INSERT INTO note (note_id,note_type_id,user_ref,content) VALUES (288,0,'jpilla','parisiensium forcium : Comprendre « livres [de deniers] parisis forts », d’où l’emploi impératif (et quasi toujours suivi dans les textes de l’époque) du génitif pluriel. Le qualificatif de « [deniers] forts » (fortes, inforciati…), par opposition aux « [deniers] faibles » (debiles), renvoie de façon générique à une monnaie renforcée (dans son poids et/ou son titre), de plus fort pouvoir libératoire ; il s’agit ici de la “bonne monnaie” émise au début du règne de Philippe VI (mise en circulation à Pâques 1330).');
INSERT INTO note (note_id,note_type_id,user_ref,content) VALUES (289,0,'jpilla','Fienles : Fiennes, Pas-de-Calais, cant. Guînes.');
INSERT INTO note (note_id,note_type_id,user_ref,content) VALUES (290,0,'jpilla','Tingry : Tingry, Pas-de-Calais, cant. Samer.');
INSERT INTO note (note_id,note_type_id,user_ref,content) VALUES (291,0,'jpilla','guerra Flandrensi : La “guerre de Flandre” ici visée a vu Philippe VI soutenir le comte Louis Ier contre les échevinages révoltés de Bruges et d’Ypres ; elle a culminé dans la grande victoire royale de Cassel (1328).');
------------------------------------------
INSERT INTO transcriptionHasNote (transcription_id,note_id,ptr_start,ptr_end) VALUES (40,274,93,112);
INSERT INTO transcriptionHasNote (transcription_id,note_id,ptr_start,ptr_end) VALUES (40,275,551,562);
INSERT INTO transcriptionHasNote (transcription_id,note_id,ptr_start,ptr_end) VALUES (40,276,591,603);
INSERT INTO transcriptionHasNote (transcription_id,note_id,ptr_start,ptr_end) VALUES (40,277,610,622);
INSERT INTO transcriptionHasNote (transcription_id,note_id,ptr_start,ptr_end) VALUES (40,278,648,668);
INSERT INTO transcriptionHasNote (transcription_id,note_id,ptr_start,ptr_end) VALUES (40,279,990,997);
INSERT INTO transcriptionHasNote (transcription_id,note_id,ptr_start,ptr_end) VALUES (40,280,1004,1010);
INSERT INTO transcriptionHasNote (transcription_id,note_id,ptr_start,ptr_end) VALUES (40,281,1049,1075);
------------------------------------------
INSERT INTO translationHasNote (translation_id,note_id,ptr_start,ptr_end) VALUES (40,282,74,84);
INSERT INTO translationHasNote (translation_id,note_id,ptr_start,ptr_end) VALUES (40,283,421,430);
INSERT INTO translationHasNote (translation_id,note_id,ptr_start,ptr_end) VALUES (40,284,437,443);
INSERT INTO translationHasNote (translation_id,note_id,ptr_start,ptr_end) VALUES (40,285,460,467);
INSERT INTO translationHasNote (translation_id,note_id,ptr_start,ptr_end) VALUES (40,286,474,486);
INSERT INTO translationHasNote (translation_id,note_id,ptr_start,ptr_end) VALUES (40,287,507,514);
INSERT INTO translationHasNote (translation_id,note_id,ptr_start,ptr_end) VALUES (40,288,522,535);
INSERT INTO translationHasNote (translation_id,note_id,ptr_start,ptr_end) VALUES (40,289,794,801);
INSERT INTO translationHasNote (translation_id,note_id,ptr_start,ptr_end) VALUES (40,290,808,814);
INSERT INTO translationHasNote (translation_id,note_id,ptr_start,ptr_end) VALUES (40,291,830,847);
--========================================
INSERT INTO note (note_id,note_type_id,user_ref,content) VALUES (292,0,'jpilla','q surmonté d’un tilde est la seule forme que le texte offre pour la conjonction ou le relatif que : si l’on trouve des formes Pasqes (l. 3), chasqe (l.), aqest, l’on trouve en revanche le relatif sous la forme developpée qui. Cette dernière forme peut justifier la transcription que.');
INSERT INTO note (note_id,note_type_id,user_ref,content) VALUES (293,0,'jpilla','étal : banx correspond à l’ancien français banc ou banc charnier qui désigne l’étal du boucher. Le latin médiéval dit banca : « Item de quolibet macellario vendente in macello die for pro tota septimana capiuntur pro banca duo denarii »(1309, Dauphiné, cité dans le Glossarium… de Du Cange).');
INSERT INTO note (note_id,note_type_id,user_ref,content) VALUES (294,0,'jpilla','Gui Boti : le patronyme Boty, Bouty figure dans les Tables générales des six volumes des registres consulaires [de la ville de Limoges] par M. Émile Hervy, t. VI, 1871, p. 445-578.');
INSERT INTO note (note_id,note_type_id,user_ref,content) VALUES (295,0,'jpilla','VI surmonté de ex suscrit (l. 7) représente siex.');
------------------------------------------
INSERT INTO note (note_id,note_type_id,user_ref,content) VALUES (296,0,'jpilla','la Saint-Martial : le 30 juin.');
INSERT INTO note (note_id,note_type_id,user_ref,content) VALUES (297,0,'jpilla','denerée : l’occitan denairada comme l’ancien français denerée désigne une chose de la valeur d’un denier, une petite quantité de la valeur d’un denier.');
INSERT INTO note (note_id,note_type_id,user_ref,content) VALUES (298,0,'jpilla','J. Arnaus, M. Arnaus : le patronyme Arnaud, Arnault figure dans les Tables générales des six volumes des registres consulaires [de la ville de Limoges] par M. Émile Hervy, t. VI, 1871, p. 445-578');
INSERT INTO note (note_id,note_type_id,user_ref,content) VALUES (299,0,'jpilla','J. Arnaus, M. Arnaus : le patronyme Arnaud, Arnault figure dans les Tables générales des six volumes des registres consulaires [de la ville de Limoges] par M. Émile Hervy, t. VI, 1871, p. 445-578');
INSERT INTO note (note_id,note_type_id,user_ref,content) VALUES (300,0,'jpilla','étal : banx correspond à l’ancien français banc ou banc charnier qui désigne l’étal du boucher. Le latin médiéval dit banca : « Item de quolibet macellario vendente in macello die for pro tota septimana capiuntur pro banca duo denarii »(1309, Dauphiné, cité dans le Glossarium… de Du Cange).');
INSERT INTO note (note_id,note_type_id,user_ref,content) VALUES (301,0,'jpilla','Gui Boti : le patronyme Boty, Bouty figure dans les Tables générales des six volumes des registres consulaires [de la ville de Limoges] par M. Émile Hervy, t. VI, 1871, p. 445-578.');
INSERT INTO note (note_id,note_type_id,user_ref,content) VALUES (302,0,'jpilla','la Saint-Jean : le 24 juin.');
------------------------------------------
INSERT INTO transcriptionHasNote (transcription_id,note_id,ptr_start,ptr_end) VALUES (41,292,23,35);
INSERT INTO transcriptionHasNote (transcription_id,note_id,ptr_start,ptr_end) VALUES (41,293,313,317);
INSERT INTO transcriptionHasNote (transcription_id,note_id,ptr_start,ptr_end) VALUES (41,294,337,346);
INSERT INTO transcriptionHasNote (transcription_id,note_id,ptr_start,ptr_end) VALUES (41,295,482,484);
------------------------------------------
INSERT INTO translationHasNote (translation_id,note_id,ptr_start,ptr_end) VALUES (41,296,80,93);
INSERT INTO translationHasNote (translation_id,note_id,ptr_start,ptr_end) VALUES (41,297,104,112);
INSERT INTO translationHasNote (translation_id,note_id,ptr_start,ptr_end) VALUES (41,298,165,194);
INSERT INTO translationHasNote (translation_id,note_id,ptr_start,ptr_end) VALUES (41,299,201,217);
INSERT INTO translationHasNote (translation_id,note_id,ptr_start,ptr_end) VALUES (41,300,312,316);
INSERT INTO translationHasNote (translation_id,note_id,ptr_start,ptr_end) VALUES (41,301,320,328);
INSERT INTO translationHasNote (translation_id,note_id,ptr_start,ptr_end) VALUES (41,302,544,554);
--========================================
INSERT INTO note (note_id,note_type_id,user_ref,content) VALUES (303,0,'jpilla','Vendeuil, Aisne, cant. Moÿ-de-l’Aisne.');
INSERT INTO note (note_id,note_type_id,user_ref,content) VALUES (304,0,'jpilla','La " livrée " (librata) est un mode d’évaluation des revenus immobiliers. Une livrée de terre équivaut à une terre rapportant un profit d’une livre, qu’elle consiste effectivement en terre, ou que l’on prévoie (plus ou moins activement) d’asseoir à terme le revenu sur la possession d’une terre. Comme il y a des livres de parisis, de tournois etc., il y a des livrées " à parisis ", " attournois " etc.');
INSERT INTO note (note_id,note_type_id,user_ref,content) VALUES (305,0,'jpilla','Pouilly-sur-Serre, Aisne, cant. Crécy-sur-Serre.');
INSERT INTO note (note_id,note_type_id,user_ref,content) VALUES (306,0,'jpilla','Péronne, Somme, ch.-l. arr.');
INSERT INTO note (note_id,note_type_id,user_ref,content) VALUES (307,0,'jpilla','L’expression pars terre désigne spécifiquement l’héritage, la part d’héritage (plutôt) immeuble recueillie de ses parents (Du Cange, s.v. " pars ").');
INSERT INTO note (note_id,note_type_id,user_ref,content) VALUES (308,0,'jpilla','L’expression pars terre désigne spécifiquement l’héritage, la part d’héritage (plutôt) immeuble recueillie de ses parents (Du Cange, s.v. " pars ").');
INSERT INTO note (note_id,note_type_id,user_ref,content) VALUES (309,0,'jpilla','excantia est l’une de formes du substantif tiré de excadere, " échoir " (Du Cange, s.v. " excancia "). Le dictionnaire de Niermeyer (s.v. " excaduta ") montre bien que cette " échoite " peut prendre selon le contexte des sens précis diversifiés, dont deux sont ici successivement révélés (l. 3 et l. 7) : la " part de succession échéant à un autre que l’héritier direct ", puis le " retour de fief au seigneur par défaut de succession ou confiscation ".');
INSERT INTO note (note_id,note_type_id,user_ref,content) VALUES (310,0,'jpilla','jus peut renvoyer à la justice (cf. " ester en droit "), lex à la cour de justice ; la formulation serait alors plutôt redondante. On ne voit précisément quels sens plus précis et complémentaires, voire antagonistes, donner aux deux mots (lex aux modes de preuve traditionnels, par opposition à jus).');
INSERT INTO note (note_id,note_type_id,user_ref,content) VALUES (311,0,'jpilla','jus peut renvoyer à la justice (cf. " ester en droit "), lex à la cour de justice ; la formulation serait alors plutôt redondante. On ne voit précisément quels sens plus précis et complémentaires, voire antagonistes, donner aux deux mots (lex aux modes de preuve traditionnels, par opposition à jus).');
------------------------------------------
INSERT INTO note (note_id,note_type_id,user_ref,content) VALUES (312,0,'jpilla','Vendeuil, Aisne, cant. Moÿ-de-l’Aisne.');
INSERT INTO note (note_id,note_type_id,user_ref,content) VALUES (313,0,'jpilla','La " livrée " (librata) est un mode d’évaluation des revenus immobiliers. Une livrée de terre équivaut à une terre rapportant un profit d’une livre, qu’elle consiste effectivement en terre, ou que l’on prévoie (plus ou moins activement) d’asseoir à terme le revenu sur la possession d’une terre. Comme il y a des livres de parisis, de tournois etc., il y a des livrées " à parisis ", " attournois " etc.');
INSERT INTO note (note_id,note_type_id,user_ref,content) VALUES (314,0,'jpilla','Pouilly-sur-Serre, Aisne, cant. Crécy-sur-Serre.');
INSERT INTO note (note_id,note_type_id,user_ref,content) VALUES (315,0,'jpilla','Péronne, Somme, ch.-l. arr.');
INSERT INTO note (note_id,note_type_id,user_ref,content) VALUES (316,0,'jpilla','L’expression pars terre désigne spécifiquement l’héritage, la part d’héritage (plutôt) immeuble recueillie de ses parents (Du Cange, s.v. " pars ").');
INSERT INTO note (note_id,note_type_id,user_ref,content) VALUES (317,0,'jpilla','excantia est l’une de formes du substantif tiré de excadere, " échoir " (Du Cange, s.v. " excancia "). Le dictionnaire de Niermeyer (s.v. " excaduta ") montre bien que cette " échoite " peut prendre selon le contexte des sens précis diversifiés, dont deux sont ici successivement révélés (l. 3 et l. 7) : la " part de succession échéant à un autre que l’héritier direct ", puis le " retour de fief au seigneur par défaut de succession ou confiscation ".');
INSERT INTO note (note_id,note_type_id,user_ref,content) VALUES (318,0,'jpilla','jus peut renvoyer à la justice (cf. " ester en droit "), lex à la cour de justice ; la formulation serait alors plutôt redondante. On ne voit précisément quels sens plus précis et complémentaires, voire antagonistes, donner aux deux mots (lex aux modes de preuve traditionnels, par opposition à jus).');
------------------------------------------
INSERT INTO transcriptionHasNote (transcription_id,note_id,ptr_start,ptr_end) VALUES (42,303,62,70);
INSERT INTO transcriptionHasNote (transcription_id,note_id,ptr_start,ptr_end) VALUES (42,304,203,211);
INSERT INTO transcriptionHasNote (transcription_id,note_id,ptr_start,ptr_end) VALUES (42,305,301,312);
INSERT INTO transcriptionHasNote (transcription_id,note_id,ptr_start,ptr_end) VALUES (42,306,468,486);
INSERT INTO transcriptionHasNote (transcription_id,note_id,ptr_start,ptr_end) VALUES (42,307,664,673);
INSERT INTO transcriptionHasNote (transcription_id,note_id,ptr_start,ptr_end) VALUES (42,308,680,685);
INSERT INTO transcriptionHasNote (transcription_id,note_id,ptr_start,ptr_end) VALUES (42,309,706,714);
INSERT INTO transcriptionHasNote (transcription_id,note_id,ptr_start,ptr_end) VALUES (42,310,1505,1519);
INSERT INTO transcriptionHasNote (transcription_id,note_id,ptr_start,ptr_end) VALUES (42,311,1526,1565);
------------------------------------------
INSERT INTO translationHasNote (translation_id,note_id,ptr_start,ptr_end) VALUES (42,312,38,46);
INSERT INTO translationHasNote (translation_id,note_id,ptr_start,ptr_end) VALUES (42,313,160,167);
INSERT INTO translationHasNote (translation_id,note_id,ptr_start,ptr_end) VALUES (42,314,258,265);
INSERT INTO translationHasNote (translation_id,note_id,ptr_start,ptr_end) VALUES (42,315,394,401);
INSERT INTO translationHasNote (translation_id,note_id,ptr_start,ptr_end) VALUES (42,316,505,523);
INSERT INTO translationHasNote (translation_id,note_id,ptr_start,ptr_end) VALUES (42,317,551,558);
INSERT INTO translationHasNote (translation_id,note_id,ptr_start,ptr_end) VALUES (42,318,1108,1139);
--========================================
INSERT INTO note (note_id,note_type_id,user_ref,content) VALUES (319,0,'jpilla','Nicolas d’Ermenonville est déjà attesté comme " receveur de Toulouse " en 1290. Même qualifiées du seul nom de la ville, les fonctions de receveur et de trésorier s’étendent à toute la sénéchaussée ; comme le rattachement direct au nom du roi, cette formulation (qui n’a rien à voir avec une fonction municipale) insiste sur la non-subordination au sénéchal.');
INSERT INTO note (note_id,note_type_id,user_ref,content) VALUES (320,0,'jpilla','Guilhem de Pezens (Aude, cant. Alzonne) et ses fils apparaissent dans les comptes conservés du règne de Philippe le Bel pour leur participation quasi professionnelle à de multiples campagnes militaires dans le Midi (Comptes royaux, 1285-1314, éd. R. Fawtier), mais aussi en Flandre, pour l’ost de 1299 (Journaux du Trésor de Philippe IV, éd. J. Viard).');
INSERT INTO note (note_id,note_type_id,user_ref,content) VALUES (321,0,'jpilla','Guilhem de Pezens (Aude, cant. Alzonne) et ses fils apparaissent dans les comptes conservés du règne de Philippe le Bel pour leur participation quasi professionnelle à de multiples campagnes militaires dans le Midi (Comptes royaux, 1285-1314, éd. R. Fawtier), mais aussi en Flandre, pour l’ost de 1299 (Journaux du Trésor de Philippe IV, éd. J. Viard).');
INSERT INTO note (note_id,note_type_id,user_ref,content) VALUES (322,0,'jpilla','Entre-deux-Mers : région du Bordelais sise entre Garonne et Dordogne.');
INSERT INTO note (note_id,note_type_id,user_ref,content) VALUES (323,0,'jpilla','La phase active de la campagne de Gascogne s’est déroulée en 1294-1296 : la province, dont le roi de France avait prononcé la commise, fut alors largement conquise ; l’acte renvoie sans doute plutôt à la seconde phase : l’occupation par les troupes françaises, assortie parfois de la dure répression de révoltes, jusqu’au rétablissement en 1303 de la paix avec le roi d’Angleterre, qui recouvra ses fiefs.');
INSERT INTO note (note_id,note_type_id,user_ref,content) VALUES (324,0,'jpilla','La phase active de la campagne de Gascogne s’est déroulée en 1294-1296 : la province, dont le roi de France avait prononcé la commise, fut alors largement conquise ; l’acte renvoie sans doute plutôt à la seconde phase : l’occupation par les troupes françaises, assortie parfois de la dure répression de révoltes, jusqu’au rétablissement en 1303 de la paix avec le roi d’Angleterre, qui recouvra ses fiefs.');
INSERT INTO note (note_id,note_type_id,user_ref,content) VALUES (325,0,'jpilla','Operibus : L’acte reprend ici l’appellation technique de l’un des grands chapitres de dépenses des comptes royaux, les " oeuvres " ; elle recouvre en grande partie les travaux d’édification et réparation d’édifices et ouvrages, mais s’étend aussi à leur entretien et fourniture.');
INSERT INTO note (note_id,note_type_id,user_ref,content) VALUES (326,0,'jpilla','Cadillac, Gironde, ch.-l. cant.');
INSERT INTO note (note_id,note_type_id,user_ref,content) VALUES (327,0,'jpilla','Blain ou Blaise Loup, sénéchal d’Albigeois et de Toulouse, est qualifié d’" ancien sénéchal de Toulouse " dès le 19 février 1304. Il joua un rôle essentiel lors de la conquête et de l’occupation de la Gascogne, comme " capitaine ", supervisant les opérations.');
INSERT INTO note (note_id,note_type_id,user_ref,content) VALUES (328,0,'jpilla','Le calcul du trésorier est juste... à 3 deniers près, au bénéfice des caisses publiques. La dette totale est en effet de (1970 £ 13 s. 11 d. + 354 £ =) 2324 £ 13 s. 11 d. Défalcation faite du premier versement (1162 £ 6 s. 10 d.), resteraient donc à payer 1162 £ 7 s. 1 d. Autre façon de présenter les choses, la moitié exacte de la somme due était de 1162 £ 6 s. 11 d. obole (obole = 1/2 d.).');
INSERT INTO note (note_id,note_type_id,user_ref,content) VALUES (329,0,'jpilla','Le millésime ne peut être exprimé que dans le style (capétien) de Pâques ; la conversion 1304 (nouveau style) cadre d’ailleurs avec la titulature de l’ancien sénéchal de Toulouse, qui était encore en fonctions au tout début 1304.');
INSERT INTO note (note_id,note_type_id,user_ref,content) VALUES (330,0,'jpilla','Le millésime ne peut être exprimé que dans le style (capétien) de Pâques ; la conversion 1304 (nouveau style) cadre d’ailleurs avec la titulature de l’ancien sénéchal de Toulouse, qui était encore en fonctions au tout début 1304.');
------------------------------------------
INSERT INTO note (note_id,note_type_id,user_ref,content) VALUES (331,0,'jpilla','Nicolas d’Ermenonville est déjà attesté comme " receveur de Toulouse " en 1290. Même qualifiées du seul nom de la ville, les fonctions de receveur et de trésorier s’étendent à toute la sénéchaussée ; comme le rattachement direct au nom du roi, cette formulation (qui n’a rien à voir avec une fonction municipale) insiste sur la non-subordination au sénéchal.');
INSERT INTO note (note_id,note_type_id,user_ref,content) VALUES (332,0,'jpilla','Guilhem de Pezens (Aude, cant. Alzonne) et ses fils apparaissent dans les comptes conservés du règne de Philippe le Bel pour leur participation quasi professionnelle à de multiples campagnes militaires dans le Midi (Comptes royaux, 1285-1314, éd. R. Fawtier), mais aussi en Flandre, pour l’ost de 1299 (Journaux du Trésor de Philippe IV, éd. J. Viard).');
INSERT INTO note (note_id,note_type_id,user_ref,content) VALUES (333,0,'jpilla','Entre-deux-Mers : région du Bordelais sise entre Garonne et Dordogne.');
INSERT INTO note (note_id,note_type_id,user_ref,content) VALUES (334,0,'jpilla','La phase active de la campagne de Gascogne s’est déroulée en 1294-1296 : la province, dont le roi de France avait prononcé la commise, fut alors largement conquise ; l’acte renvoie sans doute plutôt à la seconde phase : l’occupation par les troupes françaises, assortie parfois de la dure répression de révoltes, jusqu’au rétablissement en 1303 de la paix avec le roi d’Angleterre, qui recouvra ses fiefs.');
INSERT INTO note (note_id,note_type_id,user_ref,content) VALUES (335,0,'jpilla','Operibus : L’acte reprend ici l’appellation technique de l’un des grands chapitres de dépenses des comptes royaux, les " oeuvres " ; elle recouvre en grande partie les travaux d’édification et réparation d’édifices et ouvrages, mais s’étend aussi à leur entretien et fourniture.');
INSERT INTO note (note_id,note_type_id,user_ref,content) VALUES (336,0,'jpilla','Cadillac, Gironde, ch.-l. cant.');
INSERT INTO note (note_id,note_type_id,user_ref,content) VALUES (337,0,'jpilla','Blain ou Blaise Loup, sénéchal d’Albigeois et de Toulouse, est qualifié d’" ancien sénéchal de Toulouse " dès le 19 février 1304. Il joua un rôle essentiel lors de la conquête et de l’occupation de la Gascogne, comme " capitaine ", supervisant les opérations.');
INSERT INTO note (note_id,note_type_id,user_ref,content) VALUES (338,0,'jpilla','Le calcul du trésorier est juste...  à 3 deniers près, au bénéfice des caisses publiques. La dette totale est en effet de (1970 £ 13 s. 11 d. + 354 £ =) 2324 £ 13 s. 11 d. Défalcation faite du premier versement (1162 £ 6 s. 10 d.), resteraient donc à payer 1162 £ 7 s. 1 d. Autre façon de présenter les choses, la moitié exacte de la somme due était de 1162 £ 6 s. 11 d. obole (obole = 1/2 d.).');
INSERT INTO note (note_id,note_type_id,user_ref,content) VALUES (339,0,'jpilla','Le millésime ne peut être exprimé que dans le style (capétien) de Pâques ; la conversion 1304 (nouveau style) cadre d’ailleurs avec la titulature de l’ancien sénéchal de Toulouse, qui était encore en fonctions au tout début 1304.');
------------------------------------------
INSERT INTO transcriptionHasNote (transcription_id,note_id,ptr_start,ptr_end) VALUES (43,319,57,81);
INSERT INTO transcriptionHasNote (transcription_id,note_id,ptr_start,ptr_end) VALUES (43,320,310,332);
INSERT INTO transcriptionHasNote (transcription_id,note_id,ptr_start,ptr_end) VALUES (43,321,339,348);
INSERT INTO transcriptionHasNote (transcription_id,note_id,ptr_start,ptr_end) VALUES (43,322,450,474);
INSERT INTO transcriptionHasNote (transcription_id,note_id,ptr_start,ptr_end) VALUES (43,323,566,575);
INSERT INTO transcriptionHasNote (transcription_id,note_id,ptr_start,ptr_end) VALUES (43,324,582,600);
INSERT INTO transcriptionHasNote (transcription_id,note_id,ptr_start,ptr_end) VALUES (43,325,726,743);
INSERT INTO transcriptionHasNote (transcription_id,note_id,ptr_start,ptr_end) VALUES (43,326,770,779);
INSERT INTO transcriptionHasNote (transcription_id,note_id,ptr_start,ptr_end) VALUES (43,327,825,837);
INSERT INTO transcriptionHasNote (transcription_id,note_id,ptr_start,ptr_end) VALUES (43,328,1242,1262);
INSERT INTO transcriptionHasNote (transcription_id,note_id,ptr_start,ptr_end) VALUES (43,329,1604,1631);
INSERT INTO transcriptionHasNote (transcription_id,note_id,ptr_start,ptr_end) VALUES (43,330,1638,1666);
------------------------------------------
INSERT INTO translationHasNote (translation_id,note_id,ptr_start,ptr_end) VALUES (43,331,26,48);
INSERT INTO translationHasNote (translation_id,note_id,ptr_start,ptr_end) VALUES (43,332,210,227);
INSERT INTO translationHasNote (translation_id,note_id,ptr_start,ptr_end) VALUES (43,333,316,331);
INSERT INTO translationHasNote (translation_id,note_id,ptr_start,ptr_end) VALUES (43,334,391,406);
INSERT INTO translationHasNote (translation_id,note_id,ptr_start,ptr_end) VALUES (43,335,490,497);
INSERT INTO translationHasNote (translation_id,note_id,ptr_start,ptr_end) VALUES (43,336,512,520);
INSERT INTO translationHasNote (translation_id,note_id,ptr_start,ptr_end) VALUES (43,337,577,588);
INSERT INTO translationHasNote (translation_id,note_id,ptr_start,ptr_end) VALUES (43,338,919,936);
INSERT INTO translationHasNote (translation_id,note_id,ptr_start,ptr_end) VALUES (43,339,1162,1184);
--========================================
INSERT INTO note (note_id,note_type_id,user_ref,content) VALUES (340,0,'jpilla','Le diocèse de Verdun était divisé en quatre archidiaconés : d Argonne, de Woëvre, de La Rivière et de la Princerie ( archidiaconus primus = major), qui englobait la cité elle-même et était le plus élevé en dignité.');
INSERT INTO note (note_id,note_type_id,user_ref,content) VALUES (341,0,'jpilla','Verdun (Meuse, ch.-l. arr.).');
INSERT INTO note (note_id,note_type_id,user_ref,content) VALUES (342,0,'jpilla',' "Fiable" (= à qui l’on accorde foi) est spécialement utilisé pour caractériser des notaires-jurés d’officialité.');
INSERT INTO note (note_id,note_type_id,user_ref,content) VALUES (343,0,'jpilla','Les Grandes-Armoises (Ardennes, cant. Le Chesne).');
INSERT INTO note (note_id,note_type_id,user_ref,content) VALUES (344,0,'jpilla','Le titre d’" écuyer " orne couramment à l’époque un rejeton de la noblesse non encore armé chevalier.');
INSERT INTO note (note_id,note_type_id,user_ref,content) VALUES (345,0,'jpilla','reires : le mot est sûrement à rapprocher du " reise " attesté en Lorraine au XIIIe siècle, et du " res " rencontré à Verdun à l’époque moderne comme mesure des grains, et eux-mêmes parents de la " rase " qui en diverses provinces désignait une mesure rase (et non comble).');
INSERT INTO note (note_id,note_type_id,user_ref,content) VALUES (346,0,'jpilla','croueies forme lorraine du mot " corvee ", " croee " etc. (lat. croada), terre que le seigneur fait cultiver par des corvéables, d’où parfois clos, ou encore terre cultivée tout court.');
INSERT INTO note (note_id,note_type_id,user_ref,content) VALUES (347,0,'jpilla','Gouraincourt (Meuse, cant. Spincourt) : localité à 25 km au nord-est de Verdun, en Barrois non mouvant.');
INSERT INTO note (note_id,note_type_id,user_ref,content) VALUES (348,0,'jpilla','Briey (Meuthe-et-Moselle, ch.-l. arr.). Jean des Armoises est attesté en 1333 comme châtelain de Briey.');
INSERT INTO note (note_id,note_type_id,user_ref,content) VALUES (349,0,'jpilla','Jubécourt (Meuse, comm. et cant. Clermont-en-Argonne).');
INSERT INTO note (note_id,note_type_id,user_ref,content) VALUES (350,0,'jpilla','Manheulles (Meuse, cant. Fresne-en-Woëvre).');
INSERT INTO note (note_id,note_type_id,user_ref,content) VALUES (351,0,'jpilla','Blanzée (Meuse, cant. Étain).');
INSERT INTO note (note_id,note_type_id,user_ref,content) VALUES (352,0,'jpilla','En 1317, la Saint-Nicolas d’hiver (fêtée le 6 décembre) tombe un mardi ; le samedi qui suit est donc le 10 décembre 1317.');
------------------------------------------
INSERT INTO note (note_id,note_type_id,user_ref,content) VALUES (353,0,'jpilla','Le diocèse de Verdun était divisé en quatre archidiaconés :  Argonne, de Woëvre, de La Rivière et  de la Princerie ( archidiaconus primus = major), qui englobait la cité elle-même et était le plus élevé en dignité.');
INSERT INTO note (note_id,note_type_id,user_ref,content) VALUES (354,0,'jpilla','Verdun (Meuse, ch.-l. arr.).');
INSERT INTO note (note_id,note_type_id,user_ref,content) VALUES (355,0,'jpilla',' "Fiable" (= à qui l’on accorde foi) est spécialement utilisé pour caractériser des notaires-jurés d’officialité.');
INSERT INTO note (note_id,note_type_id,user_ref,content) VALUES (356,0,'jpilla','Les Grandes-Armoises (Ardennes, cant. Le Chesne).');
INSERT INTO note (note_id,note_type_id,user_ref,content) VALUES (357,0,'jpilla','Le titre d’" écuyer " orne couramment à l’époque un rejeton de la noblesse non encore armé chevalier.');
INSERT INTO note (note_id,note_type_id,user_ref,content) VALUES (358,0,'jpilla','reires : le mot est sûrement à rapprocher du " reise " attesté en Lorraine au XIIIe siècle, et du " res " rencontré à Verdun à l’époque moderne comme mesure des grains, et eux-mêmes parents de la " rase " qui en diverses provinces désignait une mesure rase (et non comble).');
INSERT INTO note (note_id,note_type_id,user_ref,content) VALUES (359,0,'jpilla','croueies forme lorraine du mot " corvee ", " croee " etc. (lat. croada), terre que le seigneur fait cultiver par des corvéables, d’où parfois clos, ou encore terre cultivée tout court.');
INSERT INTO note (note_id,note_type_id,user_ref,content) VALUES (360,0,'jpilla','Gouraincourt (Meuse, cant. Spincourt) : localité à 25 km au nord-est de Verdun, en Barrois non mouvant.');
INSERT INTO note (note_id,note_type_id,user_ref,content) VALUES (361,0,'jpilla','Briey (Meuthe-et-Moselle, ch.-l. arr.). Jean des Armoises est attesté en 1333 comme châtelain de Briey.');
INSERT INTO note (note_id,note_type_id,user_ref,content) VALUES (362,0,'jpilla','Jubécourt (Meuse, comm. et cant. Clermont-en-Argonne).');
INSERT INTO note (note_id,note_type_id,user_ref,content) VALUES (363,0,'jpilla','Manheulles (Meuse, cant. Fresne-en-Woëvre).');
INSERT INTO note (note_id,note_type_id,user_ref,content) VALUES (364,0,'jpilla','Blanzée (Meuse, cant. Étain).');
INSERT INTO note (note_id,note_type_id,user_ref,content) VALUES (365,0,'jpilla','En 1317, la Saint-Nicolas d’hiver (fêtée le 6 décembre) tombe un mardi ; le samedi qui suit est donc le 10 décembre 1317.');
------------------------------------------
INSERT INTO transcriptionHasNote (transcription_id,note_id,ptr_start,ptr_end) VALUES (44,340,52,78);
INSERT INTO transcriptionHasNote (transcription_id,note_id,ptr_start,ptr_end) VALUES (44,341,94,100);
INSERT INTO transcriptionHasNote (transcription_id,note_id,ptr_start,ptr_end) VALUES (44,342,295,302);
INSERT INTO transcriptionHasNote (transcription_id,note_id,ptr_start,ptr_end) VALUES (44,343,491,500);
INSERT INTO transcriptionHasNote (transcription_id,note_id,ptr_start,ptr_end) VALUES (44,344,502,511);
INSERT INTO transcriptionHasNote (transcription_id,note_id,ptr_start,ptr_end) VALUES (44,345,789,795);
INSERT INTO transcriptionHasNote (transcription_id,note_id,ptr_start,ptr_end) VALUES (44,346,900,908);
INSERT INTO transcriptionHasNote (transcription_id,note_id,ptr_start,ptr_end) VALUES (44,347,918,939);
INSERT INTO transcriptionHasNote (transcription_id,note_id,ptr_start,ptr_end) VALUES (44,348,1059,1064);
INSERT INTO transcriptionHasNote (transcription_id,note_id,ptr_start,ptr_end) VALUES (44,349,1304,1314);
INSERT INTO transcriptionHasNote (transcription_id,note_id,ptr_start,ptr_end) VALUES (44,350,1353,1361);
INSERT INTO transcriptionHasNote (transcription_id,note_id,ptr_start,ptr_end) VALUES (44,351,1375,1381);
INSERT INTO transcriptionHasNote (transcription_id,note_id,ptr_start,ptr_end) VALUES (44,352,1735,1749);
------------------------------------------
INSERT INTO translationHasNote (translation_id,note_id,ptr_start,ptr_end) VALUES (44,353,59,77);
INSERT INTO translationHasNote (translation_id,note_id,ptr_start,ptr_end) VALUES (44,354,93,99);
INSERT INTO translationHasNote (translation_id,note_id,ptr_start,ptr_end) VALUES (44,355,269,279);
INSERT INTO translationHasNote (translation_id,note_id,ptr_start,ptr_end) VALUES (44,356,424,432);
INSERT INTO translationHasNote (translation_id,note_id,ptr_start,ptr_end) VALUES (44,357,434,440);
INSERT INTO translationHasNote (translation_id,note_id,ptr_start,ptr_end) VALUES (44,358,678,683);
INSERT INTO translationHasNote (translation_id,note_id,ptr_start,ptr_end) VALUES (44,359,766,783);
INSERT INTO translationHasNote (translation_id,note_id,ptr_start,ptr_end) VALUES (44,360,793,805);
INSERT INTO translationHasNote (translation_id,note_id,ptr_start,ptr_end) VALUES (44,361,921,926);
INSERT INTO translationHasNote (translation_id,note_id,ptr_start,ptr_end) VALUES (44,362,1152,1161);
INSERT INTO translationHasNote (translation_id,note_id,ptr_start,ptr_end) VALUES (44,363,1193,1203);
INSERT INTO translationHasNote (translation_id,note_id,ptr_start,ptr_end) VALUES (44,364,1220,1227);
INSERT INTO translationHasNote (translation_id,note_id,ptr_start,ptr_end) VALUES (44,365,1513,1526);
--========================================
------------------------------------------
------------------------------------------
------------------------------------------
--========================================
INSERT INTO note (note_id,note_type_id,user_ref,content) VALUES (366,0,'jpilla','Les " gens des comptes " ou, comme dit le roi, les " gens de nos comptes " (lat. gentes compotorum) ont gardé leur appellation primitive même après l’institutionnalisation de la chambre des comptes, qu’ils ont peuplée en 1320 ; leur compétence, d’abord étendue à toutes les finances, s’était réduite au contrôle des comptes et de la gestion du domaine.');
INSERT INTO note (note_id,note_type_id,user_ref,content) VALUES (367,0,'jpilla','Alors que s’étaient distingués généraux des finances (officiers créés en 1356 pour centraliser les aides) et trésoriers (apparus en 1295 pour organiser les mouvements de fonds et veiller, avec les gens des comptes, à la gestion du domaine), la réformation de l’administration en 1418, sous influence bourguignonne, vint confier aux mêmes agents centraux (generaulz), à la fois permanents (gouverneurs) et temporaires (commissaires), toutes les finances, ordinaires et extraordinaires, dans tout le royaume et non dans des circonscriptions territoriales (tant en Langue d’oïl comme en Langue d’oc).');
INSERT INTO note (note_id,note_type_id,user_ref,content) VALUES (368,0,'jpilla','Rouages essentiels dans l’administration du bailliage ou de la sénéchaussée, le receveur centralise la gestion financière tandis que le procureur représente les intérêts du roi à la cour du bailli ou du sénéchal. Épaulant ce dernier, ces deux officiers échappent toutefois à sa tutelle pour être directement rattachés au roi.');
INSERT INTO note (note_id,note_type_id,user_ref,content) VALUES (369,0,'jpilla','L’acte de Charles VI ici visé est daté du 8 août 1418 (École des chartes, f.-s. AF 252).');
INSERT INTO note (note_id,note_type_id,user_ref,content) VALUES (370,0,'jpilla','Le comté de Charolais était alors traditionnellement attribué au fils aîné du duc de Bourgogne. Le personnage ici concerné est Philippe de Bourgogne, fils de Jean sans Peur ; né en 1396, il succédera à son père en 1419.');
INSERT INTO note (note_id,note_type_id,user_ref,content) VALUES (371,0,'jpilla','Michelle, fille de Charles VI (+ 1422).');
INSERT INTO note (note_id,note_type_id,user_ref,content) VALUES (372,0,'jpilla','Péronne, Somme, ch.-l. arr.');
INSERT INTO note (note_id,note_type_id,user_ref,content) VALUES (373,0,'jpilla','Roye, Somme, ch.-l. cant.');
INSERT INTO note (note_id,note_type_id,user_ref,content) VALUES (374,0,'jpilla','Montdidier, Somme, ch.-l. arr.');
INSERT INTO note (note_id,note_type_id,user_ref,content) VALUES (375,0,'jpilla','" domaine et aides " sont deux appellations génériques recouvrant les revenus ordinaires et l’" extraordinaire ".');
INSERT INTO note (note_id,note_type_id,user_ref,content) VALUES (376,0,'jpilla','" domaine et aides " sont deux appellations génériques recouvrant les revenus ordinaires et l’" extraordinaire ".');
INSERT INTO note (note_id,note_type_id,user_ref,content) VALUES (377,0,'jpilla','Les " estoremens " recouvrent une vaste gamme de biens meubles, tant les meubles au sens moderne que les fourrures, draps, etc.');
INSERT INTO note (note_id,note_type_id,user_ref,content) VALUES (378,0,'jpilla','Le mariage a été conclu... en 1406. Aux délais en fait très communs apportés au versement de la dot se joignent ici les alternances de faveur et de défaveur du duc de Bourgogne. C’est, de fait, après s’être saisi des châtellenies (entre juin 1417 et juin 1418) et avoir regagné son influence à la cour que le duc imposa cet arrangement, qui ne faisait en réalité que légitimer sa conquête.');
INSERT INTO note (note_id,note_type_id,user_ref,content) VALUES (379,0,'jpilla','La longue énumération des " fiefs " [fiefs-rentes, mais aussi pensions et rentes à des particuliers] et " aumônes " [rentes aumônées à des maisons religieuses et établissements d’assistance mais aussi à des serviteurs âgés ou à leurs veuves], des " gages d’officiers ", des " réparations " [entretien des bâtiments et ouvrages royaux] et " autres charges " n’est pas laissée au hasard : elle reprend les principales rubriques des comptabilités ordinaires des circonscriptions royales.');
INSERT INTO note (note_id,note_type_id,user_ref,content) VALUES (380,0,'jpilla','Greffier de la Chambre des comptes, notaire et secrétaire du roi, Jean Le Bègue exerça de 1407 à sa mort en 1456. Sa signature a souvent été lue à tort " Lexque ", " Lergue " ou " Leeque ", mais il faut y distinguer à la fois "Le" et "B" : le "L" est conjoint avec la première partie du "B", et le "e" est enclavé dans sa panse inférieure. Le paraphe qui suit est typique des signatures de notaires et secrétaires du roi.');
------------------------------------------
------------------------------------------
INSERT INTO transcriptionHasNote (transcription_id,note_id,ptr_start,ptr_end) VALUES (46,366,7,23);
INSERT INTO transcriptionHasNote (transcription_id,note_id,ptr_start,ptr_end) VALUES (46,367,86,141);
INSERT INTO transcriptionHasNote (transcription_id,note_id,ptr_start,ptr_end) VALUES (46,368,304,325);
INSERT INTO transcriptionHasNote (transcription_id,note_id,ptr_start,ptr_end) VALUES (46,369,406,430);
INSERT INTO transcriptionHasNote (transcription_id,note_id,ptr_start,ptr_end) VALUES (46,370,676,686);
INSERT INTO transcriptionHasNote (transcription_id,note_id,ptr_start,ptr_end) VALUES (46,371,699,708);
INSERT INTO transcriptionHasNote (transcription_id,note_id,ptr_start,ptr_end) VALUES (46,372,818,825);
INSERT INTO transcriptionHasNote (transcription_id,note_id,ptr_start,ptr_end) VALUES (46,373,830,834);
INSERT INTO transcriptionHasNote (transcription_id,note_id,ptr_start,ptr_end) VALUES (46,374,847,855);
INSERT INTO transcriptionHasNote (transcription_id,note_id,ptr_start,ptr_end) VALUES (46,375,1045,1053);
INSERT INTO transcriptionHasNote (transcription_id,note_id,ptr_start,ptr_end) VALUES (46,376,1060,1077);
INSERT INTO transcriptionHasNote (transcription_id,note_id,ptr_start,ptr_end) VALUES (46,377,1385,1395);
INSERT INTO transcriptionHasNote (transcription_id,note_id,ptr_start,ptr_end) VALUES (46,378,1480,1504);
INSERT INTO transcriptionHasNote (transcription_id,note_id,ptr_start,ptr_end) VALUES (46,379,2247,2273);
INSERT INTO transcriptionHasNote (transcription_id,note_id,ptr_start,ptr_end) VALUES (46,380,2612,2620);
------------------------------------------
--========================================
INSERT INTO note (note_id,note_type_id,user_ref,content) VALUES (381,0,'jpilla','Le qualificatif de  vénérables frères  est réservé par le pape, évêque de Rome, aux autres évêques ; toutes les autres personnes citées sont des  fils  (mais, attention, la formule stéréotypée  de consilio fratrum nostrorum  peut accompagner la mention d’une décision prise en consistoire et donc désigner les cardinaux).');
INSERT INTO note (note_id,note_type_id,user_ref,content) VALUES (382,0,'jpilla','La longue périphrase qui suit est la désignation quasi officielle, dans les lettres pontificales, de ce qui deviendra le  collège de Sorbon/Sorbonne , après la mort de son fondateur, Robert de Sorbon. Celui-ci, originaire du village de Sorbon dans les Ardennes (cant. Rethel), chanoine de Paris et clerc du roi, proviseur du collège, est alors bien vivant. La fondation a ouvert ses portes en 1257.');
INSERT INTO note (note_id,note_type_id,user_ref,content) VALUES (383,0,'jpilla','La longue périphrase qui suit est la désignation quasi officielle, dans les lettres pontificales, de ce qui deviendra le  collège de Sorbon/Sorbonne , après la mort de son fondateur, Robert de Sorbon. Celui-ci, originaire du village de Sorbon dans les Ardennes (cant. Rethel), chanoine de Paris et clerc du roi, proviseur du collège, est alors bien vivant. La fondation a ouvert ses portes en 1257.');
INSERT INTO note (note_id,note_type_id,user_ref,content) VALUES (384,0,'jpilla','La rue aux Portes débouchait sur les anciens termes romains de Paris (emplacement actuel de l’Hôtel de Cluny).');
------------------------------------------
INSERT INTO note (note_id,note_type_id,user_ref,content) VALUES (385,0,'jpilla','Le qualificatif de  vénérables frères  est réservé par le pape, évêque de Rome, aux autres évêques ; toutes les autres personnes citées sont des  fils  (mais, attention, la formule stéréotypée  de consilio fratrum nostrorum  peut accompagner la mention d’une décision prise en consistoire et donc désigner les cardinaux).');
INSERT INTO note (note_id,note_type_id,user_ref,content) VALUES (386,0,'jpilla','La longue périphrase qui suit est la désignation quasi officielle, dans les lettres pontificales, de ce qui deviendra le  collège de Sorbon/Sorbonne , après la mort de son fondateur, Robert de Sorbon. Celui-ci, originaire du village de Sorbon dans les Ardennes (cant. Rethel), chanoine de Paris et clerc du roi, proviseur du collège, est alors bien vivant. La fondation a ouvert ses portes en 1257.');
INSERT INTO note (note_id,note_type_id,user_ref,content) VALUES (387,0,'jpilla','La rue aux Portes débouchait sur les anciens termes romains de Paris (emplacement actuel de l’Hôtel de Cluny).');
------------------------------------------
INSERT INTO transcriptionHasNote (transcription_id,note_id,ptr_start,ptr_end) VALUES (47,381,66,83);
INSERT INTO transcriptionHasNote (transcription_id,note_id,ptr_start,ptr_end) VALUES (47,382,245,262);
INSERT INTO transcriptionHasNote (transcription_id,note_id,ptr_start,ptr_end) VALUES (47,383,269,277);
INSERT INTO transcriptionHasNote (transcription_id,note_id,ptr_start,ptr_end) VALUES (47,384,374,388);
------------------------------------------
INSERT INTO translationHasNote (translation_id,note_id,ptr_start,ptr_end) VALUES (47,385,61,84);
INSERT INTO translationHasNote (translation_id,note_id,ptr_start,ptr_end) VALUES (47,386,246,261);
INSERT INTO translationHasNote (translation_id,note_id,ptr_start,ptr_end) VALUES (47,387,403,417);
--========================================
INSERT INTO note (note_id,note_type_id,user_ref,content) VALUES (388,0,'jpilla','discretus vir : Titre de courtoisie, mot à mot " homme qui a du discernement " (donc, par défaut, qui n’est pas noble, nobilis vir).');
INSERT INTO note (note_id,note_type_id,user_ref,content) VALUES (389,0,'jpilla','discretus vir : Titre de courtoisie, mot à mot " homme qui a du discernement " (donc, par défaut, qui n’est pas noble, nobilis vir).');
INSERT INTO note (note_id,note_type_id,user_ref,content) VALUES (390,0,'jpilla','magister : Le titre de " maître " peut renvoyer à plusieurs réalités de qualification professionnelle ; il est ici très vraisemblablement lié à la détention d’un grade obtenu dans une école de droit.');
INSERT INTO note (note_id,note_type_id,user_ref,content) VALUES (391,0,'jpilla','Bartholomei : Patronyme au génitif singulier : Arnaud [fils/descendant] de Barthélemy ; la forme latine donne dans le Midi des patronymes comme Barthomieu ou Bartholomé (on a choisi arbitrairement la première dans la traduction).');
INSERT INTO note (note_id,note_type_id,user_ref,content) VALUES (392,0,'jpilla','jurisperitus : Qualificatif savant, d’empreinte romaine, des praticiens du droit, passés par les écoles, mais en principe sans le doctorat.');
INSERT INTO note (note_id,note_type_id,user_ref,content) VALUES (393,0,'jpilla','exibitorem : Incise signifiant que le procureur aura à exhiber sa procuration. L’expression lator presentium, " porteur des présentes [lettres] ", sera ensuite plus fréquente.');
INSERT INTO note (note_id,note_type_id,user_ref,content) VALUES (394,0,'jpilla','Bitterim : On pourrait aussi développer " Bitterras " : les deux formes Bitteris, -is (sg.) et Biterre, -arum (pl., d’où Bitterris> " [à] Béziers ") sont attestées dans les textes médiévaux.');
INSERT INTO note (note_id,note_type_id,user_ref,content) VALUES (395,0,'jpilla','P. : Pierre de Montbrun, archevêque de Narbonne de 1272 à 1286.');
INSERT INTO note (note_id,note_type_id,user_ref,content) VALUES (396,0,'jpilla','prelati : Le terme de " prélat " (" placé au dessus ") semble désigner ici de façon assez vague le groupe de tous ceux qui ont des responsabilités, un pouvoir de gestion et de juridiction au sein des diocèses : archidiacres, doyens de chrétienté, supérieurs de maisons religieuses. Le terme de " pères " est plus lâche encore, qui désigne tous les participants du concile (" pères conciliaires "). La double expression semble indiquer que ce concile provincial ne réunissait que le haut de la hiérarchie, à la différence des conciles diocésains qui en principe regroupent aussi tous les curés.');
INSERT INTO note (note_id,note_type_id,user_ref,content) VALUES (397,0,'jpilla','nos : Le graveur de la lithographie a dessiné " nus ", mais la forme est si étrange qu’il faut sans doute rétablir " nos ".');
INSERT INTO note (note_id,note_type_id,user_ref,content) VALUES (398,0,'jpilla','date : En 1277, la Pentecôte tombe le dimanche 16 mai ; l’acte est donc du mercredi 19 mai 1277.');
------------------------------------------
INSERT INTO note (note_id,note_type_id,user_ref,content) VALUES (399,0,'jpilla','discretus vir : Titre de courtoisie, mot à mot " homme qui a du discernement " (donc, par défaut, qui n’est pas noble, nobilis vir).');
INSERT INTO note (note_id,note_type_id,user_ref,content) VALUES (400,0,'jpilla','magister : Le titre de " maître " peut renvoyer à plusieurs réalités de qualification professionnelle ; il est ici très vraisemblablement lié à la détention d’un grade obtenu dans une école de droit.');
INSERT INTO note (note_id,note_type_id,user_ref,content) VALUES (401,0,'jpilla','Bartholomei : Patronyme au génitif singulier : Arnaud [fils/descendant] de Barthélemy ; la forme latine donne dans le Midi des patronymes comme Barthomieu ou Bartholomé (on a choisi arbitrairement la première dans la traduction).');
INSERT INTO note (note_id,note_type_id,user_ref,content) VALUES (402,0,'jpilla','jurisperitus : Qualificatif savant, d’empreinte romaine, des praticiens du droit, passés par les écoles, mais en principe sans le doctorat.');
INSERT INTO note (note_id,note_type_id,user_ref,content) VALUES (403,0,'jpilla','exibitorem : Incise signifiant que le procureur aura à exhiber sa procuration. L’expression lator presentium, " porteur des présentes [lettres] ", sera ensuite plus fréquente.');
INSERT INTO note (note_id,note_type_id,user_ref,content) VALUES (404,0,'jpilla','Bitterim : On pourrait aussi développer " Bitterras " : les deux formes Bitteris, -is (sg.) et Biterre, -arum (pl., d’où Bitterris> " [à] Béziers ") sont attestées dans les textes médiévaux.');
INSERT INTO note (note_id,note_type_id,user_ref,content) VALUES (405,0,'jpilla','P. : Pierre de Montbrun, archevêque de Narbonne de 1272 à 1286.');
INSERT INTO note (note_id,note_type_id,user_ref,content) VALUES (406,0,'jpilla','prelati : Le terme de " prélat " (" placé au dessus ") semble désigner ici de façon assez vague le groupe de tous ceux qui ont des responsabilités, un pouvoir de gestion et de juridiction au sein des diocèses : archidiacres, doyens de chrétienté, supérieurs de maisons religieuses. Le terme de " pères " est plus lâche encore, qui désigne tous les participants du concile (" pères conciliaires "). La double expression semble indiquer que ce concile provincial ne réunissait que le haut de la hiérarchie, à la différence des conciles diocésains qui en principe regroupent aussi tous les curés.');
INSERT INTO note (note_id,note_type_id,user_ref,content) VALUES (407,0,'jpilla','date : En 1277, la Pentecôte tombe le dimanche 16 mai ; l’acte est donc du mercredi 19 mai 1277.');
------------------------------------------
INSERT INTO transcriptionHasNote (transcription_id,note_id,ptr_start,ptr_end) VALUES (48,388,471,490);
INSERT INTO transcriptionHasNote (transcription_id,note_id,ptr_start,ptr_end) VALUES (48,389,497,511);
INSERT INTO transcriptionHasNote (transcription_id,note_id,ptr_start,ptr_end) VALUES (48,390,512,539);
INSERT INTO transcriptionHasNote (transcription_id,note_id,ptr_start,ptr_end) VALUES (48,391,549,560);
INSERT INTO transcriptionHasNote (transcription_id,note_id,ptr_start,ptr_end) VALUES (48,392,568,607);
INSERT INTO transcriptionHasNote (transcription_id,note_id,ptr_start,ptr_end) VALUES (48,393,665,675);
INSERT INTO transcriptionHasNote (transcription_id,note_id,ptr_start,ptr_end) VALUES (48,394,878,992);
INSERT INTO transcriptionHasNote (transcription_id,note_id,ptr_start,ptr_end) VALUES (48,395,1113,1115);
INSERT INTO transcriptionHasNote (transcription_id,note_id,ptr_start,ptr_end) VALUES (48,396,1515,1531);
INSERT INTO transcriptionHasNote (transcription_id,note_id,ptr_start,ptr_end) VALUES (48,397,2143,2146);
INSERT INTO transcriptionHasNote (transcription_id,note_id,ptr_start,ptr_end) VALUES (48,398,2454,2465);
------------------------------------------
INSERT INTO translationHasNote (translation_id,note_id,ptr_start,ptr_end) VALUES (48,399,249,266);
INSERT INTO translationHasNote (translation_id,note_id,ptr_start,ptr_end) VALUES (48,400,273,279);
INSERT INTO translationHasNote (translation_id,note_id,ptr_start,ptr_end) VALUES (48,401,287,297);
INSERT INTO translationHasNote (translation_id,note_id,ptr_start,ptr_end) VALUES (48,402,299,306);
INSERT INTO translationHasNote (translation_id,note_id,ptr_start,ptr_end) VALUES (48,403,308,316);
INSERT INTO translationHasNote (translation_id,note_id,ptr_start,ptr_end) VALUES (48,404,446,549);
INSERT INTO translationHasNote (translation_id,note_id,ptr_start,ptr_end) VALUES (48,405,597,599);
INSERT INTO translationHasNote (translation_id,note_id,ptr_start,ptr_end) VALUES (48,406,856,863);
INSERT INTO translationHasNote (translation_id,note_id,ptr_start,ptr_end) VALUES (48,407,1355,1364);
--========================================
INSERT INTO note (note_id,note_type_id,user_ref,content) VALUES (408,0,'jpilla','Pierre de Ferrières fut sénéchal de Saintonge de 1321 à 1324, après avoir été sénéchal de Rouergue.');
INSERT INTO note (note_id,note_type_id,user_ref,content) VALUES (409,0,'jpilla','La titulature du roi dans ses actes et sur ses sceaux est toujours, par tradition, rex Francorum ; les contemporains transposent plus volontiers la formule vernaculaire en rex Francie ; les actes de l’administration royale hésitent entre les deux formes, quand elles ne sont pas abrégées. - Les fils de Philippe le Bel, de 1314 à 1328, ont pris régulièrement le titre complémentaire de roi de Navarre.');
INSERT INTO note (note_id,note_type_id,user_ref,content) VALUES (410,0,'jpilla','L’Angoumois, acquis par le roi en 1303, ne constitua une sénéchaussée indépendante de la Saintonge qu’à compter des années 1330. Plus bas, le roi ne qualifie le sénéchal que de sénéchal de Saintonge parce que l’action visée ne concerne que cette circonscription.');
INSERT INTO note (note_id,note_type_id,user_ref,content) VALUES (411,0,'jpilla','Le qualificatif de discretus vir dit le discernement, la sagesse, donc par défaut la non-noblesse.');
INSERT INTO note (note_id,note_type_id,user_ref,content) VALUES (412,0,'jpilla','Guillaume Amblard fut trésorier royal de Saintonge de 1321 à 1324. Il faisait aussi à l’époque office de receveur de la sénéchaussée. Noter surtout que cet important adjoint du sénéchal est directement rattaché au roi.');
INSERT INTO note (note_id,note_type_id,user_ref,content) VALUES (413,0,'jpilla','On a transcrit " regias " et non " regis ", car dans ce dernier cas, on attendrait plutôt une tournure du type " domini nostri regis " : on parle de " lettres patentes royaux ", comme plus bas de " château royal ". Noter au passage que la formule toute faite " lettres royaux " renvoie d’une part au latin (plur. litterae = une lettre, un acte, a.fr. " unes lettres ") et d’autre part à l’ancien français (royaus vient de regales peut être aussi bien féminin que masculin).');
INSERT INTO note (note_id,note_type_id,user_ref,content) VALUES (414,0,'jpilla','Philippe V le Long, roi de France de 1316 à 1322.');
INSERT INTO note (note_id,note_type_id,user_ref,content) VALUES (415,0,'jpilla','Comprendre, selon l’expression plus courante, " aux gens de nos comptes ", " aux gens qui peuplent présentement notre chambre des comptes ".');
INSERT INTO note (note_id,note_type_id,user_ref,content) VALUES (416,0,'jpilla','" Allouer " signifie " placer " une dépense dans la ligne comptable, autrement dit autoriser sa présence, et par là même la ratifier comme venant en déduction des recettes. L’expression renvoie aux temps où c’étaient les clercs du roi, et non les comptables jugés, qui élaboraient les comptes écrits sur déclaration de ces derniers.');
INSERT INTO note (note_id,note_type_id,user_ref,content) VALUES (417,0,'jpilla','Loches (Indre-et-Loire, ch.-l. arr.).');
INSERT INTO note (note_id,note_type_id,user_ref,content) VALUES (418,0,'jpilla','La Saint-Martin d’hiver, où l’on commémore l’inhumation du saint à Tours, est célébrée le 11 novembre. En 1321, elle tombe un mercredi ; l’acte est donc du dimanche 15 novembre.');
------------------------------------------
INSERT INTO note (note_id,note_type_id,user_ref,content) VALUES (419,0,'jpilla','Pierre de Ferrières fut sénéchal de Saintonge de 1321 à 1324, après avoir été sénéchal de Rouergue.');
INSERT INTO note (note_id,note_type_id,user_ref,content) VALUES (420,0,'jpilla','La titulature du roi dans ses actes et sur ses sceaux est toujours, par tradition, rex Francorum ; les contemporains transposent plus volontiers la formule vernaculaire en rex Francie ; les actes de l’administration royale hésitent entre les deux formes, quand elles ne sont pas abrégées. - Les fils de Philippe le Bel, de 1314 à 1328, ont pris régulièrement le titre complémentaire de roi de Navarre.');
INSERT INTO note (note_id,note_type_id,user_ref,content) VALUES (421,0,'jpilla','L’Angoumois, acquis par le roi en 1303, ne constitua une sénéchaussée indépendante de la Saintonge qu’à compter des années 1330. Plus bas, le roi ne qualifie le sénéchal que de sénéchal de Saintonge parce que l’action visée ne concerne que cette circonscription.');
INSERT INTO note (note_id,note_type_id,user_ref,content) VALUES (422,0,'jpilla','Le qualificatif de discretus vir dit le discernement, la sagesse, donc par défaut la non-noblesse.');
INSERT INTO note (note_id,note_type_id,user_ref,content) VALUES (423,0,'jpilla','Guillaume Amblard fut trésorier royal de Saintonge de 1321 à 1324. Il faisait aussi à l’époque office de receveur de la sénéchaussée. Noter surtout que cet important adjoint du sénéchal est directement rattaché au roi.');
INSERT INTO note (note_id,note_type_id,user_ref,content) VALUES (424,0,'jpilla','On a transcrit " regias " et non " regis ", car dans ce dernier cas, on attendrait plutôt une tournure du type " domini nostri regis " : on parle de " lettres patentes royaux ", comme plus bas de " château royal ". Noter au passage que la formule toute faite " lettres royaux " renvoie d’une part au latin (plur. litterae = une lettre, un acte, a.fr. " unes lettres ") et d’autre part à l’ancien français (royaus vient de regales peut être aussi bien féminin que masculin).');
INSERT INTO note (note_id,note_type_id,user_ref,content) VALUES (425,0,'jpilla','Philippe V le Long, roi de France de 1316 à 1322.');
INSERT INTO note (note_id,note_type_id,user_ref,content) VALUES (426,0,'jpilla','Comprendre, selon l’expression plus courante, " aux gens de nos comptes ", " aux gens qui peuplent présentement notre chambre des comptes ".');
INSERT INTO note (note_id,note_type_id,user_ref,content) VALUES (427,0,'jpilla','Comprendre, selon l’expression plus courante, " aux gens de nos comptes ", " aux gens qui peuplent présentement notre chambre des comptes ".');
INSERT INTO note (note_id,note_type_id,user_ref,content) VALUES (428,0,'jpilla','" Allouer " signifie " placer " une dépense dans la ligne comptable, autrement dit autoriser sa présence, et par là même la ratifier comme venant en déduction des recettes. L’expression renvoie aux temps où c’étaient les clercs du roi, et non les comptables jugés, qui élaboraient les comptes écrits sur déclaration de ces derniers.');
INSERT INTO note (note_id,note_type_id,user_ref,content) VALUES (429,0,'jpilla','Loches (Indre-et-Loire, ch.-l. arr.).');
INSERT INTO note (note_id,note_type_id,user_ref,content) VALUES (430,0,'jpilla','La Saint-Martin d’hiver, où l’on commémore l’inhumation du saint à Tours, est célébrée le 11 novembre. En 1321, elle tombe un mercredi ; l’acte est donc du dimanche 15 novembre.');
------------------------------------------
INSERT INTO transcriptionHasNote (transcription_id,note_id,ptr_start,ptr_end) VALUES (49,408,3,31);
INSERT INTO transcriptionHasNote (transcription_id,note_id,ptr_start,ptr_end) VALUES (49,409,86,112);
INSERT INTO transcriptionHasNote (transcription_id,note_id,ptr_start,ptr_end) VALUES (49,410,206,228);
INSERT INTO transcriptionHasNote (transcription_id,note_id,ptr_start,ptr_end) VALUES (49,411,236,251);
INSERT INTO transcriptionHasNote (transcription_id,note_id,ptr_start,ptr_end) VALUES (49,412,281,292);
INSERT INTO transcriptionHasNote (transcription_id,note_id,ptr_start,ptr_end) VALUES (49,413,464,479);
INSERT INTO transcriptionHasNote (transcription_id,note_id,ptr_start,ptr_end) VALUES (49,414,527,545);
INSERT INTO transcriptionHasNote (transcription_id,note_id,ptr_start,ptr_end) VALUES (49,415,1094,1158);
INSERT INTO transcriptionHasNote (transcription_id,note_id,ptr_start,ptr_end) VALUES (49,416,1374,1382);
INSERT INTO transcriptionHasNote (transcription_id,note_id,ptr_start,ptr_end) VALUES (49,417,1857,1864);
INSERT INTO transcriptionHasNote (transcription_id,note_id,ptr_start,ptr_end) VALUES (49,418,2548,2596);
------------------------------------------
INSERT INTO translationHasNote (translation_id,note_id,ptr_start,ptr_end) VALUES (49,419,3,22);
INSERT INTO translationHasNote (translation_id,note_id,ptr_start,ptr_end) VALUES (49,420,65,88);
INSERT INTO translationHasNote (translation_id,note_id,ptr_start,ptr_end) VALUES (49,421,129,138);
INSERT INTO translationHasNote (translation_id,note_id,ptr_start,ptr_end) VALUES (49,422,142,159);
INSERT INTO translationHasNote (translation_id,note_id,ptr_start,ptr_end) VALUES (49,423,185,195);
INSERT INTO translationHasNote (translation_id,note_id,ptr_start,ptr_end) VALUES (49,424,291,297);
INSERT INTO translationHasNote (translation_id,note_id,ptr_start,ptr_end) VALUES (49,425,327,335);
INSERT INTO translationHasNote (translation_id,note_id,ptr_start,ptr_end) VALUES (49,426,674,682);
INSERT INTO translationHasNote (translation_id,note_id,ptr_start,ptr_end) VALUES (49,427,689,697);
INSERT INTO translationHasNote (translation_id,note_id,ptr_start,ptr_end) VALUES (49,428,700,707);
INSERT INTO translationHasNote (translation_id,note_id,ptr_start,ptr_end) VALUES (49,429,1117,1123);
INSERT INTO translationHasNote (translation_id,note_id,ptr_start,ptr_end) VALUES (49,430,1541,1561);
--========================================
------------------------------------------
------------------------------------------
------------------------------------------
--========================================
INSERT INTO note (note_id,note_type_id,user_ref,content) VALUES (431,0,'jpilla','Issu du grand lignage génois Fieschi, Innocent IV a été élu pape le 25 juin 1243, et consacré le 28 juin 1243.');
INSERT INTO note (note_id,note_type_id,user_ref,content) VALUES (432,0,'jpilla','La chancellerie apostolique réserve le terme de « frères » aux évêques (mais la mention d’une décision prise « de consilio fratrum nostrorum » renvoie aux cardinaux) ; tous les autres destinataires et bénéficiaires sont des « fils », presque toujours « chers » (« très chers » pour les souverains).');
INSERT INTO note (note_id,note_type_id,user_ref,content) VALUES (433,0,'jpilla','La lettre est adressée impersonnellement au roi de France, ce que soulignent les deux points qui précèdent le nom. Il s’agit, daprès la date, de Louis IX.');
INSERT INTO note (note_id,note_type_id,user_ref,content) VALUES (434,0,'jpilla','La lettre est adressée impersonnellement au roi de France, ce que soulignent les deux points qui précèdent le nom. Il sagit, d’après la date, de Louis IX.');
INSERT INTO note (note_id,note_type_id,user_ref,content) VALUES (435,0,'jpilla','Beaucaire (Gard, ch.-l. cant.) : l’une des deux sénéchaussées royales du Midi depuis les acquisitions territoriales de la royauté, sanctionnées en 1229.');
INSERT INTO note (note_id,note_type_id,user_ref,content) VALUES (436,0,'jpilla','L’identification des marchands génois est inégalement assurée. Les Spinola sont célèbres et San Ginesio est une paroisse de la ville. De rapides recherches n’ont fourni aucun résultat pour Johannes Dalmatii et seulement un hypothétique rapprochement du nom mutilé du troisième marchand avec celui de la famille Stancone.');
INSERT INTO note (note_id,note_type_id,user_ref,content) VALUES (437,0,'jpilla','Lagny-sur-Marne (Seine-et-Marne, ch.-l. cant.) était lune des quatre villes accueillant le cycle annuel des six foires de Champagne. La foire y était ouverte le jour des Saints-Innocents puis, à compter du XIIIe siècle, le 2 janvier ; close le lundi avant la mi-carême, elle durait donc, selon les années, de sept à onze semaines. Les marchands italiens y étaient particulièrement nombreux.');
------------------------------------------
INSERT INTO note (note_id,note_type_id,user_ref,content) VALUES (438,0,'jpilla','Issu du grand lignage génois Fieschi, Innocent IV a été élu pape le 25 juin 1243, et consacré le 28 juin 1243.');
INSERT INTO note (note_id,note_type_id,user_ref,content) VALUES (439,0,'jpilla','La chancellerie apostolique réserve le terme de « frères » aux évêques (mais la mention dune décision prise « de consilio fratrum nostrorum » renvoie aux cardinaux) ; tous les autres destinataires et bénéficiaires sont des « fils », presque toujours « chers » (« très chers » pour les souverains).');
INSERT INTO note (note_id,note_type_id,user_ref,content) VALUES (440,0,'jpilla','La lettre est adressée impersonnellement au roi de France, ce que soulignent les deux points qui précèdent le nom. Il sagit, d’après la date, de Louis IX.');
INSERT INTO note (note_id,note_type_id,user_ref,content) VALUES (441,0,'jpilla','Beaucaire (Gard, ch.-l. cant.) : l’une des deux sénéchaussées royales du Midi depuis les acquisitions territoriales de la royauté, sanctionnées en 1229.');
INSERT INTO note (note_id,note_type_id,user_ref,content) VALUES (442,0,'jpilla','L’identification des marchands génois est inégalement assurée. Les Spinola sont célèbres et San Ginesio est une paroisse de la ville. De rapides recherches n’ont fourni aucun résultat pour Johannes Dalmatii et seulement un hypothétique rapprochement du nom mutilé du troisième marchand avec celui de la famille Stancone.');
INSERT INTO note (note_id,note_type_id,user_ref,content) VALUES (443,0,'jpilla','Lagny-sur-Marne (Seine-et-Marne, ch.-l. cant.) était lune des quatre villes accueillant le cycle annuel des six foires de Champagne. La foire y était ouverte le jour des Saints-Innocents puis, à compter du XIIIe siècle, le 2 janvier ; close le lundi avant la mi-carême, elle durait donc, selon les années, de sept à onze semaines. Les marchands italiens y étaient particulièrement nombreux.');
------------------------------------------
INSERT INTO transcriptionHasNote (transcription_id,note_id,ptr_start,ptr_end) VALUES (51,431,3,14);
INSERT INTO transcriptionHasNote (transcription_id,note_id,ptr_start,ptr_end) VALUES (51,432,110,115);
INSERT INTO transcriptionHasNote (transcription_id,note_id,ptr_start,ptr_end) VALUES (51,433,120,124);
INSERT INTO transcriptionHasNote (transcription_id,note_id,ptr_start,ptr_end) VALUES (51,434,131,138);
INSERT INTO transcriptionHasNote (transcription_id,note_id,ptr_start,ptr_end) VALUES (51,435,906,917);
INSERT INTO transcriptionHasNote (transcription_id,note_id,ptr_start,ptr_end) VALUES (51,436,1093,1111);
INSERT INTO transcriptionHasNote (transcription_id,note_id,ptr_start,ptr_end) VALUES (51,437,1116,1138);
------------------------------------------
INSERT INTO translationHasNote (translation_id,note_id,ptr_start,ptr_end) VALUES (51,438,3,11);
INSERT INTO translationHasNote (translation_id,note_id,ptr_start,ptr_end) VALUES (51,439,80,84);
INSERT INTO translationHasNote (translation_id,note_id,ptr_start,ptr_end) VALUES (51,440,113,126);
INSERT INTO translationHasNote (translation_id,note_id,ptr_start,ptr_end) VALUES (51,441,883,892);
INSERT INTO translationHasNote (translation_id,note_id,ptr_start,ptr_end) VALUES (51,442,1068,1085);
INSERT INTO translationHasNote (translation_id,note_id,ptr_start,ptr_end) VALUES (51,443,1166,1171);
--========================================
INSERT INTO note (note_id,note_type_id,user_ref,content) VALUES (444,0,'jpilla','Renneville, siège de la commanderie de Saint-Étienne de Renneville (auj. Ferme de la Commanderie), sur la commune de Sainte-Colombe-la-Campagne, renommée en 1969 Sainte-Colombe-la-Commanderie (Eure, cant. Évreux-nord).');
INSERT INTO note (note_id,note_type_id,user_ref,content) VALUES (445,0,'jpilla','La masura est une tenure ; noter qu’ici sa localisation laisse supposer qu’elle forme un ensemble compact.');
INSERT INTO note (note_id,note_type_id,user_ref,content) VALUES (446,0,'jpilla','com est une forme de cum fréquente dans les textes normands.');
INSERT INTO note (note_id,note_type_id,user_ref,content) VALUES (447,0,'jpilla','Gaunel : nom d’un quartier du finage qui n’a pu être retrouvé sur la carte I.G.N. au 1:50000.');
INSERT INTO note (note_id,note_type_id,user_ref,content) VALUES (448,0,'jpilla','La via domini regis (appellation spécifique d’une route publique) désigne ici la grande voie qui menait de Caen à Paris (et plus localement de Lisieux à Évreux) et dont l’actuelle N. 13 a grossièrement repris le tracé au XVIIIe siècle.');
INSERT INTO note (note_id,note_type_id,user_ref,content) VALUES (449,0,'jpilla','Le cortillagium est un petit courtil, une petite pièce de terre, généralement en jardin.');
INSERT INTO note (note_id,note_type_id,user_ref,content) VALUES (450,0,'jpilla','Combon (Eure, cant. Beaumont-le-Roger), 4 km à l’ouest de Sainte-Colombe-la-Commanderie.');
INSERT INTO note (note_id,note_type_id,user_ref,content) VALUES (451,0,'jpilla','Les tournois, à l’origine deniers de Tours, sont devenus, aux côtés des parisis, l’un des grands monnayages capétien depuis la conquête des dominations plantagenet par Philippe Auguste. Comme seuls les denier sont frappés, on parle, au moins en latin, de " livres de [deniers] tournois ".');
INSERT INTO note (note_id,note_type_id,user_ref,content) VALUES (452,0,'jpilla','indemnis renvoie à l’idée de dommage (damnum), dont on est exempt (" indemne ") ou non responsable. Ici appliqué à la personne du vendeur et de ses héritiers, il peut être mis en rapport avec les formules d’autres actes, qui insistent plus clairement sur le fait qu’avoir transféré la concession, en dédommagement, sur un nouveau bien ne supprime en rien les obligations d’abord faites sur le bien d’origine.');
------------------------------------------
INSERT INTO note (note_id,note_type_id,user_ref,content) VALUES (453,0,'jpilla','Renneville, siège de la commanderie de Saint-Étienne de Renneville (auj. Ferme de la Commanderie), sur la commune de Sainte-Colombe-la-Campagne, renommée en 1969 Sainte-Colombe-la-Commanderie (Eure, cant. Évreux-nord).');
INSERT INTO note (note_id,note_type_id,user_ref,content) VALUES (454,0,'jpilla','La masura est une tenure ; noter qu’ici sa localisation laisse supposer qu’elle forme un ensemble compact.');
INSERT INTO note (note_id,note_type_id,user_ref,content) VALUES (455,0,'jpilla','L’herbergamentum  est la tenure ou partie de tenure comportant l’habitation.');
INSERT INTO note (note_id,note_type_id,user_ref,content) VALUES (456,0,'jpilla','Gaunel : nom d’un quartier du finage qui n’a pu être retrouvé sur la carte I.G.N. au 1:50000.');
INSERT INTO note (note_id,note_type_id,user_ref,content) VALUES (457,0,'jpilla','La via domini regis (appellation spécifique d’une route publique) désigne ici la grande voie qui menait de Caen à Paris (et plus localement de Lisieux à Évreux) et dont l’actuelle N. 13 a grossièrement repris le tracé au XVIIIe siècle.');
INSERT INTO note (note_id,note_type_id,user_ref,content) VALUES (458,0,'jpilla','La via domini regis (appellation spécifique d’une route publique) désigne ici la grande voie qui menait de Caen à Paris (et plus localement de Lisieux à Évreux) et dont l’actuelle N. 13 a grossièrement repris le tracé au XVIIIe siècle.');
INSERT INTO note (note_id,note_type_id,user_ref,content) VALUES (459,0,'jpilla','Le cortillagium est un petit courtil, une petite pièce de terre, généralement en jardin.');
INSERT INTO note (note_id,note_type_id,user_ref,content) VALUES (460,0,'jpilla','Combon (Eure, cant. Beaumont-le-Roger), 4 km à l’ouest de Sainte-Colombe-la-Commanderie.');
INSERT INTO note (note_id,note_type_id,user_ref,content) VALUES (461,0,'jpilla','Les tournois, à l’origine deniers de Tours, sont devenus, aux côtés des parisis, l’un des grands monnayages capétien depuis la conquête des dominations plantagenet par Philippe Auguste. Comme seuls les denier sont frappés, on parle, au moins en latin, de " livres de [deniers] tournois ".');
INSERT INTO note (note_id,note_type_id,user_ref,content) VALUES (462,0,'jpilla','indemnis renvoie à l’idée de dommage (damnum), dont on est exempt (" indemne ") ou non responsable. Ici appliqué à la personne du vendeur et de ses héritiers, il peut être mis en rapport avec les formules d’autres actes, qui insistent plus clairement sur le fait qu’avoir transféré la concession, en dédommagement, sur un nouveau bien ne supprime en rien les obligations d’abord faites sur le bien d’origine.');
------------------------------------------
INSERT INTO transcriptionHasNote (transcription_id,note_id,ptr_start,ptr_end) VALUES (52,444,466,475);
INSERT INTO transcriptionHasNote (transcription_id,note_id,ptr_start,ptr_end) VALUES (52,445,528,544);
INSERT INTO transcriptionHasNote (transcription_id,note_id,ptr_start,ptr_end) VALUES (52,446,545,557);
INSERT INTO transcriptionHasNote (transcription_id,note_id,ptr_start,ptr_end) VALUES (52,447,631,637);
INSERT INTO transcriptionHasNote (transcription_id,note_id,ptr_start,ptr_end) VALUES (52,448,746,772);
INSERT INTO transcriptionHasNote (transcription_id,note_id,ptr_start,ptr_end) VALUES (52,449,813,834);
INSERT INTO transcriptionHasNote (transcription_id,note_id,ptr_start,ptr_end) VALUES (52,450,970,994);
INSERT INTO transcriptionHasNote (transcription_id,note_id,ptr_start,ptr_end) VALUES (52,451,1121,1141);
INSERT INTO transcriptionHasNote (transcription_id,note_id,ptr_start,ptr_end) VALUES (52,452,2419,2429);
------------------------------------------
INSERT INTO translationHasNote (translation_id,note_id,ptr_start,ptr_end) VALUES (52,453,301,311);
INSERT INTO translationHasNote (translation_id,note_id,ptr_start,ptr_end) VALUES (52,454,338,344);
INSERT INTO translationHasNote (translation_id,note_id,ptr_start,ptr_end) VALUES (52,455,357,368);
INSERT INTO translationHasNote (translation_id,note_id,ptr_start,ptr_end) VALUES (52,456,383,389);
INSERT INTO translationHasNote (translation_id,note_id,ptr_start,ptr_end) VALUES (52,457,448,475);
INSERT INTO translationHasNote (translation_id,note_id,ptr_start,ptr_end) VALUES (52,458,482,485);
INSERT INTO translationHasNote (translation_id,note_id,ptr_start,ptr_end) VALUES (52,459,551,564);
INSERT INTO translationHasNote (translation_id,note_id,ptr_start,ptr_end) VALUES (52,460,605,611);
INSERT INTO translationHasNote (translation_id,note_id,ptr_start,ptr_end) VALUES (52,461,674,682);
INSERT INTO translationHasNote (translation_id,note_id,ptr_start,ptr_end) VALUES (52,462,1445,1465);
--========================================
INSERT INTO note (note_id,note_type_id,user_ref,content) VALUES (463,0,'jpilla','Robert II dit le Sage, petit-fils de Charles Ier d’Anjou (+ 1285), roi de 1309 à 1343.');
INSERT INTO note (note_id,note_type_id,user_ref,content) VALUES (464,0,'jpilla','Le titre de roi de Jérusalem est pris par les membres de la dynastie angevine depuis que Charles Ier a acheté les prétentions de Marie d’Antioche en 1277. Depuis la chute d’Acre en 1291, le royaume n’avait plus de base territoriale.');
INSERT INTO note (note_id,note_type_id,user_ref,content) VALUES (465,0,'jpilla','Le « royaume de Sicile » couvrait la Sicile insulaire et le sud de l’Italie continentale, unies sous la domination des Normands puis des Staufen. Charles Ier en avait été investi par la papauté en 1265. En 1282, les Vêpres et l’invasion aragonaise avaient très vite chassé les Angevins de la Sicile insulaire ; les historiens ont pris l’habitude de les appeler « rois de Naples ».');
INSERT INTO note (note_id,note_type_id,user_ref,content) VALUES (466,0,'jpilla','Le duché de Pouille avait été uni au royaume de Sicile par le roi Roger (+ 1154) ; le souvenir de cette union subsistait depuis lors dans la titulature royale.');
INSERT INTO note (note_id,note_type_id,user_ref,content) VALUES (467,0,'jpilla','La principauté de Capoue avait été unie au royaume de Sicile en 1156 ; même remarque que pour la Pouille.');
INSERT INTO note (note_id,note_type_id,user_ref,content) VALUES (468,0,'jpilla','Charles Ier était devenu comte de Provence du chef de son épouse Béatrice, héritière du comté, en 1245/1246.');
INSERT INTO note (note_id,note_type_id,user_ref,content) VALUES (469,0,'jpilla','La pénétration des Angevins en Piémont avait commencé dès 1258 ; elle fut relancée par Charles II (+ 1309), qui prit le titre de « comte de Piémont », même s’il était loin de contrôler toute la région.');
INSERT INTO note (note_id,note_type_id,user_ref,content) VALUES (470,0,'jpilla','Viguier, juge et clavaire sont les trois principaux officiers locaux du comté de Provence. Le viguier assurait l’administration de base (Tarascon était chef-lieu de viguerie depuis 1256) ; il était assisté par un juge, compétent au civil et au criminel en première instance, et par un clavaire, qui s’occupait des affaires financières et percevait les droits comtaux.');
INSERT INTO note (note_id,note_type_id,user_ref,content) VALUES (471,0,'jpilla','Viguier, juge et clavaire sont les trois principaux officiers locaux du comté de Provence. Le viguier assurait l’administration de base (Tarascon était chef-lieu de viguerie depuis 1256) ; il était assisté par un juge, compétent au civil et au criminel en première instance, et par un clavaire, qui s’occupait des affaires financières et percevait les droits comtaux.');
INSERT INTO note (note_id,note_type_id,user_ref,content) VALUES (472,0,'jpilla','Tarascon, Bouches-du-Rhône, ch.-l. cant.');
INSERT INTO note (note_id,note_type_id,user_ref,content) VALUES (473,0,'jpilla','L’adverbe est à prendre au sens figuré ; le décret comtal, explicitement cité plus bas et conservé par ailleurs, était vieux d’un mois environ (25 juillet 1320). Sa teneur est ici résumée : il accordait aux habitants de Tarascon le libre transport des blés, légumes et victuailles en tout genre, réserve faite du cas où le prix du setier de blé viendrait à dépasser 5 sous.');
INSERT INTO note (note_id,note_type_id,user_ref,content) VALUES (474,0,'jpilla','L’acception de castrum est complexe et riche : elle désigne, indépendamment de la taille, une agglomération fortifiée n’ayant pas le statut de civitas épiscopale.');
INSERT INTO note (note_id,note_type_id,user_ref,content) VALUES (475,0,'jpilla','Les deux droits sont le droit civil (ou « romain ») et le droit canon.');
INSERT INTO note (note_id,note_type_id,user_ref,content) VALUES (476,0,'jpilla','Le protonotaire, depuis l’époque des rois normands, était au sens strict le premier des notaires (le terme et l’institution sont d’empreinte byzantine) ; sous l’autorité du chancelier, il avait la haute main sur la rédaction et l’établissement des actes.');
INSERT INTO note (note_id,note_type_id,user_ref,content) VALUES (477,0,'jpilla','L’indiction indique le rang d’une année dans un cycle de quinze ans ; le premier cycle est parti du 1er septembre 312, mais les styles de changement de l’indiction ont varié (1er ou 24 septembre, 25 décembre), le royaume de Sicile restant fidèle au 1er septembre observé aussi à Byzance. Elle concorde avec les autres données chronologiques ici exprimées.');
INSERT INTO note (note_id,note_type_id,user_ref,content) VALUES (478,0,'jpilla','Portée au verso de la queue, le mot semble avoir été écrit avant scellement, comme une sorte de visa : « [Le] sceau [peut être apposé] ».');
------------------------------------------
INSERT INTO note (note_id,note_type_id,user_ref,content) VALUES (479,0,'jpilla','Robert II dit le Sage, petit-fils de Charles Ier d’Anjou (+ 1285), roi de 1309 à 1343.');
INSERT INTO note (note_id,note_type_id,user_ref,content) VALUES (480,0,'jpilla','Le titre de roi de Jérusalem est pris par les membres de la dynastie angevine depuis que Charles Ier a acheté les prétentions de Marie d’Antioche en 1277. Depuis la chute d’Acre en 1291, le royaume n’avait plus de base territoriale.');
INSERT INTO note (note_id,note_type_id,user_ref,content) VALUES (481,0,'jpilla','Le « royaume de Sicile » couvrait la Sicile insulaire et le sud de l’Italie continentale, unies sous la domination des Normands puis des Staufen. Charles Ier en avait été investi par la papauté en 1265. En 1282, les Vêpres et l’invasion aragonaise avaient très vite chassé les Angevins de la Sicile insulaire ; les historiens ont pris l’habitude de les appeler « rois de Naples ».');
INSERT INTO note (note_id,note_type_id,user_ref,content) VALUES (482,0,'jpilla','Le duché de Pouille avait été uni au royaume de Sicile par le roi Roger (+ 1154) ; le souvenir de cette union subsistait depuis lors dans la titulature royale.');
INSERT INTO note (note_id,note_type_id,user_ref,content) VALUES (483,0,'jpilla','La principauté de Capoue avait été unie au royaume de Sicile en 1156 ; même remarque que pour la Pouille.');
INSERT INTO note (note_id,note_type_id,user_ref,content) VALUES (484,0,'jpilla','Charles Ier était devenu comte de Provence du chef de son épouse Béatrice, héritière du comté, en 1245/1246.');
INSERT INTO note (note_id,note_type_id,user_ref,content) VALUES (485,0,'jpilla','Le comte de Provence Raimond-Bérenger V (1217-1245) avait hérité de sa mère le comté de Forcalquier ; le souvenir de cette union demeura ensuite dans la titulature comtale.');
INSERT INTO note (note_id,note_type_id,user_ref,content) VALUES (486,0,'jpilla','La pénétration des Angevins en Piémont avait commencé dès 1258 ; elle fut relancée par Charles II (+ 1309), qui prit le titre de « comte de Piémont », même s’il était loin de contrôler toute la région.');
INSERT INTO note (note_id,note_type_id,user_ref,content) VALUES (487,0,'jpilla','Viguier, juge et clavaire sont les trois principaux officiers locaux du comté de Provence. Le viguier assurait l’administration de base (Tarascon était chef-lieu de viguerie depuis 1256) ; il était assisté par un juge, compétent au civil et au criminel en première instance, et par un clavaire, qui s’occupait des affaires financières et percevait les droits comtaux.');
INSERT INTO note (note_id,note_type_id,user_ref,content) VALUES (488,0,'jpilla','Tarascon, Bouches-du-Rhône, ch.-l. cant.');
INSERT INTO note (note_id,note_type_id,user_ref,content) VALUES (489,0,'jpilla','L’adverbe est à prendre au sens figuré ; le décret comtal, explicitement cité plus bas et conservé par ailleurs, était vieux d’un mois environ (25 juillet 1320). Sa teneur est ici résumée : il accordait aux habitants de Tarascon le libre transport des blés, légumes et victuailles en tout genre, réserve faite du cas où le prix du setier de blé viendrait à dépasser 5 sous.');
INSERT INTO note (note_id,note_type_id,user_ref,content) VALUES (490,0,'jpilla','L’acception de castrum est complexe et riche : elle désigne, indépendamment de la taille, une agglomération fortifiée n’ayant pas le statut de civitas épiscopale.');
INSERT INTO note (note_id,note_type_id,user_ref,content) VALUES (491,0,'jpilla','Les deux droits sont le droit civil (ou « romain ») et le droit canon.');
INSERT INTO note (note_id,note_type_id,user_ref,content) VALUES (492,0,'jpilla','Le protonotaire, depuis l’époque des rois normands, était au sens strict le premier des notaires (le terme et l’institution sont d’empreinte byzantine) ; sous l’autorité du chancelier, il avait la haute main sur la rédaction et l’établissement des actes.');
INSERT INTO note (note_id,note_type_id,user_ref,content) VALUES (493,0,'jpilla','L’indiction indique le rang d’une année dans un cycle de quinze ans ; le premier cycle est parti du 1er septembre 312, mais les styles de changement de l’indiction ont varié (1er ou 24 septembre, 25 décembre), le royaume de Sicile restant fidèle au 1er septembre observé aussi à Byzance. Elle concorde avec les autres données chronologiques ici exprimées.');
INSERT INTO note (note_id,note_type_id,user_ref,content) VALUES (494,0,'jpilla','Portée au verso de la queue, le mot semble avoir été écrit avant scellement, comme une sorte de visa : « [Le] sceau [peut être apposé] ».');
------------------------------------------
INSERT INTO transcriptionHasNote (transcription_id,note_id,ptr_start,ptr_end) VALUES (53,463,3,11);
INSERT INTO transcriptionHasNote (transcription_id,note_id,ptr_start,ptr_end) VALUES (53,464,37,64);
INSERT INTO transcriptionHasNote (transcription_id,note_id,ptr_start,ptr_end) VALUES (53,465,83,90);
INSERT INTO transcriptionHasNote (transcription_id,note_id,ptr_start,ptr_end) VALUES (53,466,100,106);
INSERT INTO transcriptionHasNote (transcription_id,note_id,ptr_start,ptr_end) VALUES (53,467,137,142);
INSERT INTO transcriptionHasNote (transcription_id,note_id,ptr_start,ptr_end) VALUES (53,468,150,168);
INSERT INTO transcriptionHasNote (transcription_id,note_id,ptr_start,ptr_end) VALUES (53,469,212,231);
INSERT INTO transcriptionHasNote (transcription_id,note_id,ptr_start,ptr_end) VALUES (53,470,243,270);
INSERT INTO transcriptionHasNote (transcription_id,note_id,ptr_start,ptr_end) VALUES (53,471,277,285);
INSERT INTO transcriptionHasNote (transcription_id,note_id,ptr_start,ptr_end) VALUES (53,472,286,296);
INSERT INTO transcriptionHasNote (transcription_id,note_id,ptr_start,ptr_end) VALUES (53,473,414,420);
INSERT INTO transcriptionHasNote (transcription_id,note_id,ptr_start,ptr_end) VALUES (53,474,507,513);
INSERT INTO transcriptionHasNote (transcription_id,note_id,ptr_start,ptr_end) VALUES (53,475,2444,2477);
INSERT INTO transcriptionHasNote (transcription_id,note_id,ptr_start,ptr_end) VALUES (53,476,2539,2552);
INSERT INTO transcriptionHasNote (transcription_id,note_id,ptr_start,ptr_end) VALUES (53,477,2758,2778);
INSERT INTO transcriptionHasNote (transcription_id,note_id,ptr_start,ptr_end) VALUES (53,478,2876,2882);
------------------------------------------
INSERT INTO translationHasNote (translation_id,note_id,ptr_start,ptr_end) VALUES (53,479,3,9);
INSERT INTO translationHasNote (translation_id,note_id,ptr_start,ptr_end) VALUES (53,480,45,54);
INSERT INTO translationHasNote (translation_id,note_id,ptr_start,ptr_end) VALUES (53,481,61,67);
INSERT INTO translationHasNote (translation_id,note_id,ptr_start,ptr_end) VALUES (53,482,81,88);
INSERT INTO translationHasNote (translation_id,note_id,ptr_start,ptr_end) VALUES (53,483,114,120);
INSERT INTO translationHasNote (translation_id,note_id,ptr_start,ptr_end) VALUES (53,484,137,145);
INSERT INTO translationHasNote (translation_id,note_id,ptr_start,ptr_end) VALUES (53,485,149,160);
INSERT INTO translationHasNote (translation_id,note_id,ptr_start,ptr_end) VALUES (53,486,167,174);
INSERT INTO translationHasNote (translation_id,note_id,ptr_start,ptr_end) VALUES (53,487,186,211);
INSERT INTO translationHasNote (translation_id,note_id,ptr_start,ptr_end) VALUES (53,488,215,223);
INSERT INTO translationHasNote (translation_id,note_id,ptr_start,ptr_end) VALUES (53,489,285,289);
INSERT INTO translationHasNote (translation_id,note_id,ptr_start,ptr_end) VALUES (53,490,344,351);
INSERT INTO translationHasNote (translation_id,note_id,ptr_start,ptr_end) VALUES (53,491,1731,1742);
INSERT INTO translationHasNote (translation_id,note_id,ptr_start,ptr_end) VALUES (53,492,1764,1776);
INSERT INTO translationHasNote (translation_id,note_id,ptr_start,ptr_end) VALUES (53,493,1881,1890);
INSERT INTO translationHasNote (translation_id,note_id,ptr_start,ptr_end) VALUES (53,494,1998,2003);
--========================================
INSERT INTO note (note_id,note_type_id,user_ref,content) VALUES (495,0,'jpilla','L’Estellou, Hautes-Pyrénées, cant. Tarbes, comm. Vielle-Adour.');
INSERT INTO note (note_id,note_type_id,user_ref,content) VALUES (496,0,'jpilla','Le titre de " maître " renvoie sans doute ici à la détention d’un grade universitaire.');
INSERT INTO note (note_id,note_type_id,user_ref,content) VALUES (497,0,'jpilla','Pontiacq, Pyrénées-Atlantiques, cant. Montaner.');
INSERT INTO note (note_id,note_type_id,user_ref,content) VALUES (498,0,'jpilla','Comme les autres monnayages, le tournois n’est d’abord frappé que sous la forme de denier ; unités de mesure, les livres et les sous sont donc " de deniers tournois ", d’où l’emploi du génitif.');
INSERT INTO note (note_id,note_type_id,user_ref,content) VALUES (499,0,'jpilla','Le titre de " discrète personne " (= qui a du discernement) était de courtoisie ; par défaut il désignait une personne qui n’était ni noble ni graduée d’université.');
INSERT INTO note (note_id,note_type_id,user_ref,content) VALUES (500,0,'jpilla','La Bigorre (pays de Tarbes) fut saisie par le roi de France en 1292 au titre de la succession de la comtesse Pétronille, morte en 1251 et auteur de testaments  contradictoires. Réunie au domaine royal en 1322, la Bigorre dépendait auparavant du roi de Navarre.');
INSERT INTO note (note_id,note_type_id,user_ref,content) VALUES (501,0,'jpilla','En latin, le roi de France est qualifié de rex Francorum dans la suscription de ses propres actes et de rex Francie par ses contemporains ; les actes produits par l’administration royale et autour d’elle varient dans leur usage. Les trois fils de Philippe le Bel y ont joint le titre de " roi de Navarre " (1314-1328).');
INSERT INTO note (note_id,note_type_id,user_ref,content) VALUES (502,0,'jpilla','En latin, le roi de France est qualifié de rex Francorum dans la suscription de ses propres actes et de rex Francie par ses contemporains ; les actes produits par l’administration royale et autour d’elle varient dans leur usage. Les trois fils de Philippe le Bel y ont joint le titre de " roi de Navarre " (1314-1328).');
INSERT INTO note (note_id,note_type_id,user_ref,content) VALUES (503,0,'jpilla','Les " enchères " (incherie) sont l’une des rubriques courantes du chapitre des dépenses dans les comptabilités de sénéchaussées méridionales de l’époque. Elles renvoient au fait que, lors de l’affermage de diverses sources de revenus ordinaires du domaine royal, on procédait d’abord à une mise aux enchères, puis à une surenchère, laissée ouverte durant quelques semaines. Une partie du surplus dégagé par la surenchère (recette royale, enregistrée à la section des " fermes ") était versée, à titre de dédommagement, à l’enchérisseur primitif ainsi débouté (dépense royale).');
INSERT INTO note (note_id,note_type_id,user_ref,content) VALUES (504,0,'jpilla','Annonciation : 25 mars.');
INSERT INTO note (note_id,note_type_id,user_ref,content) VALUES (505,0,'jpilla','Comprendre 1322 (nouv. st.), puisque la Bigorre suivait le style de l’Annonciation florentine.');
------------------------------------------
INSERT INTO note (note_id,note_type_id,user_ref,content) VALUES (506,0,'jpilla','L’Estellou, Hautes-Pyrénées, cant. Tarbes, comm. Vielle-Adour.');
INSERT INTO note (note_id,note_type_id,user_ref,content) VALUES (507,0,'jpilla','Le titre de " maître " renvoie sans doute ici à la détention d’un grade universitaire.');
INSERT INTO note (note_id,note_type_id,user_ref,content) VALUES (508,0,'jpilla','Pontiacq, Pyrénées-Atlantiques, cant. Montaner.');
INSERT INTO note (note_id,note_type_id,user_ref,content) VALUES (509,0,'jpilla','Comme les autres monnayages, le tournois n’est d’abord frappé que sous la forme de denier ; unités de mesure, les livres et les sous sont donc " de deniers tournois ", d’où l’emploi du génitif.');
INSERT INTO note (note_id,note_type_id,user_ref,content) VALUES (510,0,'jpilla','Le titre de " discrète personne " (= qui a du discernement) était de courtoisie ; par défaut il désignait une personne qui n’était ni noble ni graduée d’université.');
INSERT INTO note (note_id,note_type_id,user_ref,content) VALUES (511,0,'jpilla','La Bigorre (pays de Tarbes) fut saisie par le roi de France en 1292 au titre de la succession de la comtesse Pétronille, morte en 1251 et auteur de testaments  contradictoires. Réunie au domaine royal en 1322, la Bigorre dépendait auparavant du roi de Navarre.');
INSERT INTO note (note_id,note_type_id,user_ref,content) VALUES (512,0,'jpilla','En latin, le roi de France est qualifié de rex Francorum dans la suscription de ses propres actes et de rex Francie par ses contemporains ; les actes produits par l’administration royale et autour d’elle varient dans leur usage. Les trois fils de Philippe le Bel y ont joint le titre de " roi de Navarre " (1314-1328).');
INSERT INTO note (note_id,note_type_id,user_ref,content) VALUES (513,0,'jpilla','Les " enchères " (incherie) sont l’une des rubriques courantes du chapitre des dépenses dans les comptabilités de sénéchaussées méridionales de l’époque. Elles renvoient au fait que, lors de l’affermage de diverses sources de revenus ordinaires du domaine royal, on procédait d’abord à une mise aux enchères, puis à une surenchère, laissée ouverte durant quelques semaines. Une partie du surplus dégagé par la surenchère (recette royale, enregistrée à la section des " fermes ") était versée, à titre de dédommagement, à l’enchérisseur primitif ainsi débouté (dépense royale).');
INSERT INTO note (note_id,note_type_id,user_ref,content) VALUES (514,0,'jpilla','Annonciation : 25 mars.');
INSERT INTO note (note_id,note_type_id,user_ref,content) VALUES (515,0,'jpilla','Comprendre 1322 (nouv. st.), puisque la Bigorre suivait le style de l’Annonciation florentine.');
------------------------------------------
INSERT INTO transcriptionHasNote (transcription_id,note_id,ptr_start,ptr_end) VALUES (54,495,68,74);
INSERT INTO transcriptionHasNote (transcription_id,note_id,ptr_start,ptr_end) VALUES (54,496,169,186);
INSERT INTO transcriptionHasNote (transcription_id,note_id,ptr_start,ptr_end) VALUES (54,497,214,222);
INSERT INTO transcriptionHasNote (transcription_id,note_id,ptr_start,ptr_end) VALUES (54,498,448,468);
INSERT INTO transcriptionHasNote (transcription_id,note_id,ptr_start,ptr_end) VALUES (54,499,503,516);
INSERT INTO transcriptionHasNote (transcription_id,note_id,ptr_start,ptr_end) VALUES (54,500,562,569);
INSERT INTO transcriptionHasNote (transcription_id,note_id,ptr_start,ptr_end) VALUES (54,501,608,626);
INSERT INTO transcriptionHasNote (transcription_id,note_id,ptr_start,ptr_end) VALUES (54,502,633,640);
INSERT INTO transcriptionHasNote (transcription_id,note_id,ptr_start,ptr_end) VALUES (54,503,677,686);
INSERT INTO transcriptionHasNote (transcription_id,note_id,ptr_start,ptr_end) VALUES (54,504,1876,1917);
INSERT INTO transcriptionHasNote (transcription_id,note_id,ptr_start,ptr_end) VALUES (54,505,1967,1979);
------------------------------------------
INSERT INTO translationHasNote (translation_id,note_id,ptr_start,ptr_end) VALUES (54,506,44,54);
INSERT INTO translationHasNote (translation_id,note_id,ptr_start,ptr_end) VALUES (54,507,124,130);
INSERT INTO translationHasNote (translation_id,note_id,ptr_start,ptr_end) VALUES (54,508,150,158);
INSERT INTO translationHasNote (translation_id,note_id,ptr_start,ptr_end) VALUES (54,509,305,313);
INSERT INTO translationHasNote (translation_id,note_id,ptr_start,ptr_end) VALUES (54,510,332,349);
INSERT INTO translationHasNote (translation_id,note_id,ptr_start,ptr_end) VALUES (54,511,384,391);
INSERT INTO translationHasNote (translation_id,note_id,ptr_start,ptr_end) VALUES (54,512,428,448);
INSERT INTO translationHasNote (translation_id,note_id,ptr_start,ptr_end) VALUES (54,513,464,472);
INSERT INTO translationHasNote (translation_id,note_id,ptr_start,ptr_end) VALUES (54,514,1214,1226);
INSERT INTO translationHasNote (translation_id,note_id,ptr_start,ptr_end) VALUES (54,515,1267,1271);
--========================================
INSERT INTO note (note_id,note_type_id,user_ref,content) VALUES (516,0,'jpilla','L’ordinal n’est donné que par la bulle de plomb. En l’absence de celle-ci, il faudrait croiser itinéraire pontifical, traits paléographiques et diplomatiques, données historiques enfin pour attribuer la lettre à Clément VI.');
INSERT INTO note (note_id,note_type_id,user_ref,content) VALUES (517,0,'jpilla','Les Trinitaires ont été introduits à Paris en 1229, date à laquelle l’évêque Guillaume d’Auvergne leur confia un hôpital en ruine, près des Thermes ; la chapelle en était dédiée à saint Mathurin, dont le nom fut pris par le couvent, puis attribué par l’usage aux frères, dits « Mathurins ».');
INSERT INTO note (note_id,note_type_id,user_ref,content) VALUES (518,0,'jpilla','L’ordre des Trinitaires (ordo sancte Trinitatis et captivorum/pro redemptione captivorum) a vu ses bases jetées par Jean de Matha vers 1195. Il était voué à la charité et tout spécialement au rachat des captifs chrétiens en terre d’Islam.');
INSERT INTO note (note_id,note_type_id,user_ref,content) VALUES (519,0,'jpilla','L’ordre des Trinitaires (ordo sancte Trinitatis et captivorum/pro redemptione captivorum) a vu ses bases jetées par Jean de Matha vers 1195. Il était voué à la charité et tout spécialement au rachat des captifs chrétiens en terre d’Islam.');
INSERT INTO note (note_id,note_type_id,user_ref,content) VALUES (520,0,'jpilla','Clément VI a été consacré le 19 mai 1342. La deuxième année de son pontificat courant du 19 mai 1343 au 18 mai 1344, l’acte est du 23 mars 1344.');
INSERT INTO note (note_id,note_type_id,user_ref,content) VALUES (521,0,'jpilla','Mention hors-teneur indiquant le responsable du grossoiement de la lettre ; les deux personnages apparaissent régulièrement sur les lettres de l’époque ; la mention signale que le second a dû se substituer, pour une raison inconnue, au premier, qui avait été chargé du travail par la chancellerie.');
------------------------------------------
INSERT INTO note (note_id,note_type_id,user_ref,content) VALUES (522,0,'jpilla','L’ordinal n’est donné que par la bulle de plomb. En l’absence de celle-ci, il faudrait croiser itinéraire pontifical, traits paléographiques et diplomatiques, données historiques enfin pour attribuer la lettre à Clément VI.');
INSERT INTO note (note_id,note_type_id,user_ref,content) VALUES (523,0,'jpilla','Les Trinitaires ont été introduits à Paris en 1229, date à laquelle l’évêque Guillaume d’Auvergne leur confia un hôpital en ruine, près des Thermes ; la chapelle en était dédiée à saint Mathurin, dont le nom fut pris par le couvent, puis attribué par l’usage aux frères, dits « Mathurins ».');
INSERT INTO note (note_id,note_type_id,user_ref,content) VALUES (524,0,'jpilla','L’ordre des Trinitaires (ordo sancte Trinitatis et captivorum/pro redemptione captivorum) a vu ses bases jetées par Jean de Matha vers 1195. Il était voué à la charité et tout spécialement au rachat des captifs chrétiens en terre d’Islam.');
INSERT INTO note (note_id,note_type_id,user_ref,content) VALUES (525,0,'jpilla','Clément VI a été consacré le 19 mai 1342. La deuxième année de son pontificat courant du 19 mai 1343 au 18 mai 1344, l’acte est du 23 mars 1344.');
INSERT INTO note (note_id,note_type_id,user_ref,content) VALUES (526,0,'jpilla','Mention hors-teneur indiquant le responsable du grossoiement de la lettre ; les deux personnages apparaissent régulièrement sur les lettres de l’époque ; la mention signale que le second a dû se substituer, pour une raison inconnue, au premier, qui avait été chargé du travail par la chancellerie.');
------------------------------------------
INSERT INTO transcriptionHasNote (transcription_id,note_id,ptr_start,ptr_end) VALUES (55,516,3,10);
INSERT INTO transcriptionHasNote (transcription_id,note_id,ptr_start,ptr_end) VALUES (55,517,121,136);
INSERT INTO transcriptionHasNote (transcription_id,note_id,ptr_start,ptr_end) VALUES (55,518,159,173);
INSERT INTO transcriptionHasNote (transcription_id,note_id,ptr_start,ptr_end) VALUES (55,519,180,190);
INSERT INTO transcriptionHasNote (transcription_id,note_id,ptr_start,ptr_end) VALUES (55,520,1603,1615);
INSERT INTO transcriptionHasNote (transcription_id,note_id,ptr_start,ptr_end) VALUES (55,521,1747,1750);
------------------------------------------
INSERT INTO translationHasNote (translation_id,note_id,ptr_start,ptr_end) VALUES (55,522,3,10);
INSERT INTO translationHasNote (translation_id,note_id,ptr_start,ptr_end) VALUES (55,523,126,140);
INSERT INTO translationHasNote (translation_id,note_id,ptr_start,ptr_end) VALUES (55,524,162,188);
INSERT INTO translationHasNote (translation_id,note_id,ptr_start,ptr_end) VALUES (55,525,1513,1524);
INSERT INTO translationHasNote (translation_id,note_id,ptr_start,ptr_end) VALUES (55,526,1662,1666);
--========================================
------------------------------------------
------------------------------------------
------------------------------------------
--========================================
INSERT INTO note (note_id,note_type_id,user_ref,content) VALUES (527,0,'jpilla','Jean de Dainville sera sous le règne de Charles V un conseiller influent, maître d’hôtel du roi. Il appartient à un lignage chevaleresque picard bien représenté dans l’Université et au Parlement.');
INSERT INTO note (note_id,note_type_id,user_ref,content) VALUES (528,0,'jpilla','Longchamps (Eure, cant. Étrépagny).');
INSERT INTO note (note_id,note_type_id,user_ref,content) VALUES (529,0,'jpilla','Lyons-la-Forêt (Eure, ch.-l. cant.).');
INSERT INTO note (note_id,note_type_id,user_ref,content) VALUES (530,0,'jpilla','" Mettre au delivre " : remettre, accorder la libre jouissance, alors qu’un obtacle a surgi ou pourrait surgir.');
INSERT INTO note (note_id,note_type_id,user_ref,content) VALUES (531,0,'jpilla','Cette lettre ne peut avoir été écrite par Jean II le Bon que durant sa  première captivité à Londres (mai 1357-juin 1360), à la suite de la défaite de l’armée française à Poitiers en 1356, puisque son second séjour à Londres n’a duré que du 3 janvier au 8 avril 1364, date de sa mort. On peut donc proposer la date du 19 juillet 1357, 1358 ou 1359.');
------------------------------------------
------------------------------------------
INSERT INTO transcriptionHasNote (transcription_id,note_id,ptr_start,ptr_end) VALUES (57,527,117,135);
INSERT INTO transcriptionHasNote (transcription_id,note_id,ptr_start,ptr_end) VALUES (57,528,212,220);
INSERT INTO transcriptionHasNote (transcription_id,note_id,ptr_start,ptr_end) VALUES (57,529,237,242);
INSERT INTO transcriptionHasNote (transcription_id,note_id,ptr_start,ptr_end) VALUES (57,530,687,704);
INSERT INTO transcriptionHasNote (transcription_id,note_id,ptr_start,ptr_end) VALUES (57,531,1296,1303);
------------------------------------------
--========================================
INSERT INTO note (note_id,note_type_id,user_ref,content) VALUES (532,0,'jpilla','Guillaume de Passavant, évêque du Mans (1143-1187).');
INSERT INTO note (note_id,note_type_id,user_ref,content) VALUES (533,0,'jpilla','Gorron, Mayenne, ch.-l. cant.');
INSERT INTO note (note_id,note_type_id,user_ref,content) VALUES (534,0,'jpilla','La Méhélée (Mayenne, cant. Ernée, comm. Montenay).');
INSERT INTO note (note_id,note_type_id,user_ref,content) VALUES (535,0,'jpilla','L’Ernée, affluent de la Mayenne, a aussi donné son nom à la ville d’Ernée (Mayenne, ch.-l. cant.).');
INSERT INTO note (note_id,note_type_id,user_ref,content) VALUES (536,0,'jpilla','Savigny (Manche, cant. Le Teilleul). À l’origine, ermitage (diocèse d’Avranches) fondé par Vital, régularisé en une abbaye intégrée à l’ordre cistercien en 1147.');
INSERT INTO note (note_id,note_type_id,user_ref,content) VALUES (537,0,'jpilla','La pitance est une distribution alimentaire faite aux membres d’une communauté. Le contexte renvoie ici à la fondation d’un service anniversaire, auquel les revenus de la terre donnée sont en tout ou en partie affectés.');
INSERT INTO note (note_id,note_type_id,user_ref,content) VALUES (538,0,'jpilla','La charité, souvent citée dans un tel contexte, et surtout chez les cisterciens et prémontrés, renvoie au versement d’une somme en échange d’un don, dont ni le montant ni le processus, manifestation d’amour mutuel, n’ont à voir avec une "vente".');
INSERT INTO note (note_id,note_type_id,user_ref,content) VALUES (539,0,'jpilla','Nicolas, doyen du chapitre cathédral Saint-Julien du Mans de 1180 à 1214, date à laquelle il devient évêque du Mans.');
------------------------------------------
INSERT INTO note (note_id,note_type_id,user_ref,content) VALUES (540,0,'jpilla','Guillaume de Passavant, évêque du Mans (1143-1187).');
INSERT INTO note (note_id,note_type_id,user_ref,content) VALUES (541,0,'jpilla','Gorron, Mayenne, ch.-l. cant.');
INSERT INTO note (note_id,note_type_id,user_ref,content) VALUES (542,0,'jpilla','La Méhélée (Mayenne, cant. Ernée, comm. Montenay).');
INSERT INTO note (note_id,note_type_id,user_ref,content) VALUES (543,0,'jpilla','L’Ernée, affluent de la Mayenne, a aussi donné son nom à la ville d’Ernée (Mayenne, ch.-l. cant.).');
INSERT INTO note (note_id,note_type_id,user_ref,content) VALUES (544,0,'jpilla','Savigny (Manche, cant. Le Teilleul). À l’origine, ermitage (diocèse d’Avranches) fondé par Vital, régularisé en une abbaye intégrée à l’ordre cistercien en 1147.');
INSERT INTO note (note_id,note_type_id,user_ref,content) VALUES (545,0,'jpilla','La pitance est une distribution alimentaire faite aux membres d’une communauté. Le contexte renvoie ici à la fondation d’un service anniversaire, auquel les revenus de la terre donnée sont en tout ou en partie affectés.');
INSERT INTO note (note_id,note_type_id,user_ref,content) VALUES (546,0,'jpilla','La charité, souvent citée dans un tel contexte, et surtout chez les cisterciens et prémontrés, renvoie au versement d’une somme en échange d’un don, dont ni le montant ni le processus, manifestation d’amour mutuel, n’ont à voir avec une "vente".');
INSERT INTO note (note_id,note_type_id,user_ref,content) VALUES (547,0,'jpilla','Nicolas, doyen du chapitre cathédral Saint-Julien du Mans de 1180 à 1214, date à laquelle il devient évêque du Mans.');
------------------------------------------
INSERT INTO transcriptionHasNote (transcription_id,note_id,ptr_start,ptr_end) VALUES (58,532,3,22);
INSERT INTO transcriptionHasNote (transcription_id,note_id,ptr_start,ptr_end) VALUES (58,533,317,323);
INSERT INTO transcriptionHasNote (transcription_id,note_id,ptr_start,ptr_end) VALUES (58,534,478,489);
INSERT INTO transcriptionHasNote (transcription_id,note_id,ptr_start,ptr_end) VALUES (58,535,505,512);
INSERT INTO transcriptionHasNote (transcription_id,note_id,ptr_start,ptr_end) VALUES (58,536,529,538);
INSERT INTO transcriptionHasNote (transcription_id,note_id,ptr_start,ptr_end) VALUES (58,537,542,551);
INSERT INTO transcriptionHasNote (transcription_id,note_id,ptr_start,ptr_end) VALUES (58,538,1161,1169);
INSERT INTO transcriptionHasNote (transcription_id,note_id,ptr_start,ptr_end) VALUES (58,539,2155,2164);
------------------------------------------
INSERT INTO translationHasNote (translation_id,note_id,ptr_start,ptr_end) VALUES (58,540,3,12);
INSERT INTO translationHasNote (translation_id,note_id,ptr_start,ptr_end) VALUES (58,541,251,257);
INSERT INTO translationHasNote (translation_id,note_id,ptr_start,ptr_end) VALUES (58,542,410,420);
INSERT INTO translationHasNote (translation_id,note_id,ptr_start,ptr_end) VALUES (58,543,435,440);
INSERT INTO translationHasNote (translation_id,note_id,ptr_start,ptr_end) VALUES (58,544,456,463);
INSERT INTO translationHasNote (translation_id,note_id,ptr_start,ptr_end) VALUES (58,545,591,598);
INSERT INTO translationHasNote (translation_id,note_id,ptr_start,ptr_end) VALUES (58,546,862,869);
INSERT INTO translationHasNote (translation_id,note_id,ptr_start,ptr_end) VALUES (58,547,1500,1507);
--========================================
INSERT INTO note (note_id,note_type_id,user_ref,content) VALUES (548,0,'jpilla','Henri II Plantagenet arrache de haute lutte la succession de la dynastie normande d’Angleterre fondée par Guillaume le Conquérant, dont il descend par sa mère. Comte d’Anjou, il est reconnu comme duc de Normandie en 1151, duc d’Aquitaine en 1152, roi d’Angleterre en 1154. Il meurt en 1189.');
INSERT INTO note (note_id,note_type_id,user_ref,content) VALUES (549,0,'jpilla','Ce n’est que sous Jean sans Terre que les ethniques seront remplacés dans la titulature des rois anglais par les noms de pays (Anglie, Normannie, etc.).');
INSERT INTO note (note_id,note_type_id,user_ref,content) VALUES (550,0,'jpilla','Saint-Père-en-Vallée à Chartres, abbaye bénédictine.');
INSERT INTO note (note_id,note_type_id,user_ref,content) VALUES (551,0,'jpilla','Henri Ier Beauclerc, l’un des fils de Guillaume le Conquérant, roi d’Angleterre (1100-1135) et duc de Normandie depuis 1106, dont la succession a été revendiquée par Geoffroy Plantagenet, qui avait épousé sa fille Mathilde, puis par leur fils Henri II.');
INSERT INTO note (note_id,note_type_id,user_ref,content) VALUES (552,0,'jpilla','Moulins-la-Marche (Orne, ch.-l. cant.).');
INSERT INTO note (note_id,note_type_id,user_ref,content) VALUES (553,0,'jpilla','Bonsmoulins (Orne, cant. Moulins-la-Marche).');
INSERT INTO note (note_id,note_type_id,user_ref,content) VALUES (554,0,'jpilla','Les Planches (Orne, cant. Le Merlerault) était le siège du prieuré de Notre-Dame des Planches, dépendance de Saint-Père de Chartres.');
INSERT INTO note (note_id,note_type_id,user_ref,content) VALUES (555,0,'jpilla','Rotrou de Warwick, évêque d’Évreux (1139-1164), puis archevêque de Rouen jusqu’à sa mort en 1183, fut un proche du roi, pour qui il remplit de nombreuses missions et dont il fut en 1182 exécuteur testamentaire.');
INSERT INTO note (note_id,note_type_id,user_ref,content) VALUES (556,0,'jpilla','Hamelin, frère naturel d’Henri II, avait épousé en 1164 Isabelle, fille de Guillaume III comte de Waren et de Surrey. Il resta fidèle au roi lors du grand soulèvement de 1173.');
INSERT INTO note (note_id,note_type_id,user_ref,content) VALUES (557,0,'jpilla','Robert de Leicester peut être Robert II de Beaumont, comte de Leicester et justicier d’Angleterre, ou bien Robert III, qui succéda à son père en 1168 ; il devint en 1173 chef de file des barons révoltés et vit ses biens confisqués ; il revint en grâce en 1177.');
INSERT INTO note (note_id,note_type_id,user_ref,content) VALUES (558,0,'jpilla','Richard de Hommet, issu d’un lignage de fidèles des ducs de Normandie, fut connétable de Normandie jusqu’en 1178.');
INSERT INTO note (note_id,note_type_id,user_ref,content) VALUES (559,0,'jpilla','Guillaume de Caineto, proche d’Henri II, cité dans les rouleaux des comptes royaux jusqu’en 1175.');
INSERT INTO note (note_id,note_type_id,user_ref,content) VALUES (560,0,'jpilla','Guillaume fils d’Hamon, cité dans les rouleaux de comptes royaux jusqu’en 1176, prit part en 1166 à la campagne de Bretagne et fut probablement gouverneur de la partie annexée de cette province.');
INSERT INTO note (note_id,note_type_id,user_ref,content) VALUES (561,0,'jpilla','Guillaume de Courcy (Calvados, cant. Morteaux-Couliboeuf), sénéchal de Normandie, assista en 1164 au concile de Clarendon.');
INSERT INTO note (note_id,note_type_id,user_ref,content) VALUES (562,0,'jpilla','Renaud de Courtenay, peut-être descendant du roi capétien Philippe Ier.');
INSERT INTO note (note_id,note_type_id,user_ref,content) VALUES (563,0,'jpilla','Verneuil-sur-Avre, Eure, ch.-l. cant.');
------------------------------------------
INSERT INTO note (note_id,note_type_id,user_ref,content) VALUES (564,0,'jpilla','Henri II Plantagenet arrache de haute lutte la succession de la dynastie normande d’Angleterre fondée par Guillaume le Conquérant, dont il descend par sa mère. Comte d’Anjou, il est reconnu comme duc de Normandie en 1151, duc d’Aquitaine en 1152, roi d’Angleterre en 1154. Il meurt en 1189.');
INSERT INTO note (note_id,note_type_id,user_ref,content) VALUES (565,0,'jpilla','Ce n’est que sous Jean sans Terre que les ethniques seront remplacés dans la titulature des rois anglais par les noms de pays (Anglie, Normannie, etc.).');
INSERT INTO note (note_id,note_type_id,user_ref,content) VALUES (566,0,'jpilla','Saint-Père-en-Vallée à Chartres, abbaye bénédictine.');
INSERT INTO note (note_id,note_type_id,user_ref,content) VALUES (567,0,'jpilla','Saint-Père-en-Vallée à Chartres, abbaye bénédictine.');
INSERT INTO note (note_id,note_type_id,user_ref,content) VALUES (568,0,'jpilla','Henri Ier Beauclerc, l’un des fils de Guillaume le Conquérant, roi d’Angleterre (1100-1135) et duc de Normandie depuis 1106, dont la succession a été revendiquée par Geoffroy Plantagenet, qui avait épousé sa fille Mathilde, puis par leur fils Henri II.');
INSERT INTO note (note_id,note_type_id,user_ref,content) VALUES (569,0,'jpilla','Moulins-la-Marche (Orne, ch.-l. cant.).');
INSERT INTO note (note_id,note_type_id,user_ref,content) VALUES (570,0,'jpilla','Bonsmoulins (Orne, cant. Moulins-la-Marche).');
INSERT INTO note (note_id,note_type_id,user_ref,content) VALUES (571,0,'jpilla','Les Planches (Orne, cant. Le Merlerault) était le siège du prieuré de Notre-Dame des Planches, dépendance de Saint-Père de Chartres.');
INSERT INTO note (note_id,note_type_id,user_ref,content) VALUES (572,0,'jpilla','Rotrou de Warwick, évêque d’Évreux (1139-1164), puis archevêque de Rouen jusqu’à sa mort en 1183, fut un proche du roi, pour qui il remplit de nombreuses missions et dont il fut en 1182 exécuteur testamentaire.');
INSERT INTO note (note_id,note_type_id,user_ref,content) VALUES (573,0,'jpilla','Hamelin, frère naturel d’Henri II, avait épousé en 1164 Isabelle, fille de Guillaume III comte de Waren et de Surrey. Il resta fidèle au roi lors du grand soulèvement de 1173.');
INSERT INTO note (note_id,note_type_id,user_ref,content) VALUES (574,0,'jpilla','Robert de Leicester peut être Robert II de Beaumont, comte de Leicester et justicier d’Angleterre, ou bien Robert III, qui succéda à son père en 1168 ; il devint en 1173 chef de file des barons révoltés et vit ses biens confisqués ; il revint en grâce en 1177.');
INSERT INTO note (note_id,note_type_id,user_ref,content) VALUES (575,0,'jpilla','Richard de Hommet, issu d’un lignage de fidèles des ducs de Normandie, fut connétable de Normandie jusqu’en 1178.');
INSERT INTO note (note_id,note_type_id,user_ref,content) VALUES (576,0,'jpilla','Guillaume de Caineto, proche d’Henri II, cité dans les rouleaux des comptes royaux jusqu’en 1175.');
INSERT INTO note (note_id,note_type_id,user_ref,content) VALUES (577,0,'jpilla','Guillaume fils d’Hamon, cité dans les rouleaux de comptes royaux jusqu’en 1176, prit part en 1166 à la campagne de Bretagne et fut probablement gouverneur de la partie annexée de cette province.');
INSERT INTO note (note_id,note_type_id,user_ref,content) VALUES (578,0,'jpilla','Guillaume de Courcy (Calvados, cant. Morteaux-Couliboeuf), sénéchal de Normandie, assista en 1164 au concile de Clarendon.');
INSERT INTO note (note_id,note_type_id,user_ref,content) VALUES (579,0,'jpilla','Renaud de Courtenay, peut-être descendant du roi capétien Philippe Ier.');
INSERT INTO note (note_id,note_type_id,user_ref,content) VALUES (580,0,'jpilla','Verneuil-sur-Avre, Eure, ch.-l. cant.');
------------------------------------------
INSERT INTO transcriptionHasNote (transcription_id,note_id,ptr_start,ptr_end) VALUES (59,548,3,20);
INSERT INTO transcriptionHasNote (transcription_id,note_id,ptr_start,ptr_end) VALUES (59,549,25,42);
INSERT INTO transcriptionHasNote (transcription_id,note_id,ptr_start,ptr_end) VALUES (59,550,379,430);
INSERT INTO transcriptionHasNote (transcription_id,note_id,ptr_start,ptr_end) VALUES (59,551,853,869);
INSERT INTO transcriptionHasNote (transcription_id,note_id,ptr_start,ptr_end) VALUES (59,552,1273,1283);
INSERT INTO transcriptionHasNote (transcription_id,note_id,ptr_start,ptr_end) VALUES (59,553,1296,1306);
INSERT INTO transcriptionHasNote (transcription_id,note_id,ptr_start,ptr_end) VALUES (59,554,1358,1366);
INSERT INTO transcriptionHasNote (transcription_id,note_id,ptr_start,ptr_end) VALUES (59,555,1392,1408);
INSERT INTO transcriptionHasNote (transcription_id,note_id,ptr_start,ptr_end) VALUES (59,556,1461,1478);
INSERT INTO transcriptionHasNote (transcription_id,note_id,ptr_start,ptr_end) VALUES (59,557,1519,1535);
INSERT INTO transcriptionHasNote (transcription_id,note_id,ptr_start,ptr_end) VALUES (59,558,1590,1606);
INSERT INTO transcriptionHasNote (transcription_id,note_id,ptr_start,ptr_end) VALUES (59,559,1658,1675);
INSERT INTO transcriptionHasNote (transcription_id,note_id,ptr_start,ptr_end) VALUES (59,560,1694,1711);
INSERT INTO transcriptionHasNote (transcription_id,note_id,ptr_start,ptr_end) VALUES (59,561,1751,1768);
INSERT INTO transcriptionHasNote (transcription_id,note_id,ptr_start,ptr_end) VALUES (59,562,1785,1803);
INSERT INTO transcriptionHasNote (transcription_id,note_id,ptr_start,ptr_end) VALUES (59,563,1886,1904);
------------------------------------------
INSERT INTO translationHasNote (translation_id,note_id,ptr_start,ptr_end) VALUES (59,564,3,8);
INSERT INTO translationHasNote (translation_id,note_id,ptr_start,ptr_end) VALUES (59,565,16,26);
INSERT INTO translationHasNote (translation_id,note_id,ptr_start,ptr_end) VALUES (59,566,212,225);
INSERT INTO translationHasNote (translation_id,note_id,ptr_start,ptr_end) VALUES (59,567,232,240);
INSERT INTO translationHasNote (translation_id,note_id,ptr_start,ptr_end) VALUES (59,568,508,513);
INSERT INTO translationHasNote (translation_id,note_id,ptr_start,ptr_end) VALUES (59,569,847,854);
INSERT INTO translationHasNote (translation_id,note_id,ptr_start,ptr_end) VALUES (59,570,867,878);
INSERT INTO translationHasNote (translation_id,note_id,ptr_start,ptr_end) VALUES (59,571,911,919);
INSERT INTO translationHasNote (translation_id,note_id,ptr_start,ptr_end) VALUES (59,572,935,941);
INSERT INTO translationHasNote (translation_id,note_id,ptr_start,ptr_end) VALUES (59,573,969,976);
INSERT INTO translationHasNote (translation_id,note_id,ptr_start,ptr_end) VALUES (59,574,999,1005);
INSERT INTO translationHasNote (translation_id,note_id,ptr_start,ptr_end) VALUES (59,575,1032,1039);
INSERT INTO translationHasNote (translation_id,note_id,ptr_start,ptr_end) VALUES (59,576,1074,1083);
INSERT INTO translationHasNote (translation_id,note_id,ptr_start,ptr_end) VALUES (59,577,1102,1111);
INSERT INTO translationHasNote (translation_id,note_id,ptr_start,ptr_end) VALUES (59,578,1132,1141);
INSERT INTO translationHasNote (translation_id,note_id,ptr_start,ptr_end) VALUES (59,579,1159,1165);
INSERT INTO translationHasNote (translation_id,note_id,ptr_start,ptr_end) VALUES (59,580,1226,1234);
--========================================
INSERT INTO note (note_id,note_type_id,user_ref,content) VALUES (581,0,'jpilla','Louis VII, roi de France de 1137 à 1180, duc d’Aquitaine du chef de son épouse Aliénor de 1137 à 1152.');
INSERT INTO note (note_id,note_type_id,user_ref,content) VALUES (582,0,'jpilla','Adélaïde de Maurienne, épouse du roi Louis VI depuis 1115, mère de Louis VII, morte en 1154.');
INSERT INTO note (note_id,note_type_id,user_ref,content) VALUES (583,0,'jpilla','Adelende la Gente, l’une des quelques laïques non nobles parmi les mieux connus de l’entourage royal. Épouse d’Obizon, médecin de Louis VI, dont elle est séparée par jugement royal quand celui-ci entre dans les ordres (il sera chanoine de Notre-Dame et de Saint-Victor), elle appartient sans doute à l’entourage de la reine Adélaïde. Sa fille homonyme est aussi connue par quelques actes.');
INSERT INTO note (note_id,note_type_id,user_ref,content) VALUES (584,0,'jpilla','Les Champeaux, dont le nom indique l’origine rustique, sont le lieu des futures Halles, dont les bâtiments fixes ne sont pas encore construits, et qui seront intégrés au territoire urbain lors de l’édification de l’enceinte de Philippe Auguste.');
INSERT INTO note (note_id,note_type_id,user_ref,content) VALUES (585,0,'jpilla','Hôte : nom générique ici donné au tenancier, occupant de la maison.');
INSERT INTO note (note_id,note_type_id,user_ref,content) VALUES (586,0,'jpilla','Formule stéréotypée d’annonce des souscriptions (factices) des grands officiers. L’ordre de souscription ici suivi s’est imposé dans les années 1120.');
INSERT INTO note (note_id,note_type_id,user_ref,content) VALUES (587,0,'jpilla','Raoul de Vermandois, cousin germain de Louis VI, sénéchal de France de 1131 à sa mort en 1152, avec diverses vacances entre ces deux dates. Le sénéchal n’était pas responsable que de l’armée royale, mais encore de la justice et de la gestion domaniale.');
INSERT INTO note (note_id,note_type_id,user_ref,content) VALUES (588,0,'jpilla','Guillaume « le Bouteiller » de Senlis, déjà en fonction sous Louis VI, reste en fonction jusqu’au départ en croisade le 9 juin 1147. Sa famille, formée de riches chevaliers urbains, occupe la fonction de bouteiller depuis 1112 au moins et finit par en tirer son patronyme. Comme son nom l’indique, le bouteiller est spécialement chargé de l’approvisionnement de la cour en vin.');
INSERT INTO note (note_id,note_type_id,user_ref,content) VALUES (589,0,'jpilla','Hugues le Borgne, connétable de 1118 à 1138. Le connétable, aux fonctions assez modestes jusqu’à la vacance du dapiférat, dirige les écuries royales, les maréchaux et les palefreniers, s’occupant donc des aspects matériels de l’organisation militaire.');
INSERT INTO note (note_id,note_type_id,user_ref,content) VALUES (590,0,'jpilla','Le chambrier Hugues, déjà en fonction sous Louis VI, disparaît des actes avant le 2 avril 1138. Il dirige la «chambre», ce qui l’amène à garder le trésor comme la personne du roi.');
INSERT INTO note (note_id,note_type_id,user_ref,content) VALUES (591,0,'jpilla','La formule de «délivrance par la main» du chancelier apparaît dans les diplômes royaux à compter de 1108 et s’impose à compter des années 1112/1113 ; elle n’est guère plus qu’un décalque de la formule de «grande date» des actes pontificaux.');
INSERT INTO note (note_id,note_type_id,user_ref,content) VALUES (592,0,'jpilla','Algrin a déjà été chancelier sous Louis VI, en 1127-1128 sans le titre, en 1132, puis à la fin du règne, et le demeure jusqu’en 1140. Il a été, avec plus de suite, chancelier de l’église cathédrale de Paris de 1124 à sa mort en 1156/1157.');
------------------------------------------
INSERT INTO note (note_id,note_type_id,user_ref,content) VALUES (593,0,'jpilla','Louis VII, roi de France de 1137 à 1180, duc d’Aquitaine du chef de son épouse Aliénor de 1137 à 1152.');
INSERT INTO note (note_id,note_type_id,user_ref,content) VALUES (594,0,'jpilla','Adélaïde de Maurienne, épouse du roi Louis VI depuis 1115, mère de Louis VII, morte en 1154.');
INSERT INTO note (note_id,note_type_id,user_ref,content) VALUES (595,0,'jpilla','Adelende la Gente, l’une des quelques laïques non nobles parmi les mieux connus de l’entourage royal. Épouse d’Obizon, médecin de Louis VI, dont elle est séparée par jugement royal quand celui-ci entre dans les ordres (il sera chanoine de Notre-Dame et de Saint-Victor), elle appartient sans doute à l’entourage de la reine Adélaïde. Sa fille homonyme est aussi connue par quelques actes.');
INSERT INTO note (note_id,note_type_id,user_ref,content) VALUES (596,0,'jpilla','Les Champeaux, dont le nom indique l’origine rustique, sont le lieu des futures Halles, dont les bâtiments fixes ne sont pas encore construits, et qui seront intégrés au territoire urbain lors de l’édification de l’enceinte de Philippe Auguste.');
INSERT INTO note (note_id,note_type_id,user_ref,content) VALUES (597,0,'jpilla','Hôte : nom générique ici donné au tenancier, occupant de la maison.');
INSERT INTO note (note_id,note_type_id,user_ref,content) VALUES (598,0,'jpilla','Formule stéréotypée d’annonce des souscriptions (factices) des grands officiers. L’ordre de souscription ici suivi s’est imposé dans les années 1120.');
INSERT INTO note (note_id,note_type_id,user_ref,content) VALUES (599,0,'jpilla','Formule stéréotypée d’annonce des souscriptions (factices) des grands officiers. L’ordre de souscription ici suivi s’est imposé dans les années 1120.');
INSERT INTO note (note_id,note_type_id,user_ref,content) VALUES (600,0,'jpilla','Raoul de Vermandois, cousin germain de Louis VI, sénéchal de France de 1131 à sa mort en 1152, avec diverses vacances entre ces deux dates. Le sénéchal n’était pas responsable que de l’armée royale, mais encore de la justice et de la gestion domaniale.');
INSERT INTO note (note_id,note_type_id,user_ref,content) VALUES (601,0,'jpilla','Guillaume «le Bouteiller» de Senlis, déjà en fonction sous Louis VI, reste en fonction jusqu’au départ en croisade le 9 juin 1147. Sa famille, formée de riches chevaliers urbains, occupe la fonction de bouteiller depuis 1112 au moins et finit par en tirer son patronyme. Comme son nom l’indique, le bouteiller est spécialement chargé de l’approvisionnement de la cour en vin.');
INSERT INTO note (note_id,note_type_id,user_ref,content) VALUES (602,0,'jpilla','Hugues le Borgne, connétable de 1118 à 1138. Le connétable, aux fonctions assez modestes jusqu’à la vacance du dapiférat, dirige les écuries royales, les maréchaux et les palefreniers, s’occupant donc des aspects matériels de l’organisation militaire.');
INSERT INTO note (note_id,note_type_id,user_ref,content) VALUES (603,0,'jpilla','Le chambrier Hugues, déjà en fonction sous Louis VI, disparaît des actes avant le 2 avril 1138. Il dirige la «chambre», ce qui l’amène à garder le trésor comme la personne du roi.');
INSERT INTO note (note_id,note_type_id,user_ref,content) VALUES (604,0,'jpilla','La formule de «délivrance par la main» du chancelier apparaît dans les diplômes royaux à compter de 1108 et s’impose à compter des années 1112/1113 ; elle n’est guère plus qu’un décalque de la formule de «grande date» des actes pontificaux.');
INSERT INTO note (note_id,note_type_id,user_ref,content) VALUES (605,0,'jpilla','Algrin a déjà été chancelier sous Louis VI, en 1127-1128 sans le titre, en 1132, puis à la fin du règne, et le demeure jusqu’en 1140. Il a été, avec plus de suite, chancelier de l’église cathédrale de Paris de 1124 à sa mort en 1156/1157.');
------------------------------------------
INSERT INTO transcriptionHasNote (transcription_id,note_id,ptr_start,ptr_end) VALUES (60,581,48,58);
INSERT INTO transcriptionHasNote (transcription_id,note_id,ptr_start,ptr_end) VALUES (60,582,402,411);
INSERT INTO transcriptionHasNote (transcription_id,note_id,ptr_start,ptr_end) VALUES (60,583,606,615);
INSERT INTO transcriptionHasNote (transcription_id,note_id,ptr_start,ptr_end) VALUES (60,584,771,780);
INSERT INTO transcriptionHasNote (transcription_id,note_id,ptr_start,ptr_end) VALUES (60,585,1331,1350);
INSERT INTO transcriptionHasNote (transcription_id,note_id,ptr_start,ptr_end) VALUES (60,586,2565,2611);
INSERT INTO transcriptionHasNote (transcription_id,note_id,ptr_start,ptr_end) VALUES (60,587,2724,2731);
INSERT INTO transcriptionHasNote (transcription_id,note_id,ptr_start,ptr_end) VALUES (60,588,2831,2839);
INSERT INTO transcriptionHasNote (transcription_id,note_id,ptr_start,ptr_end) VALUES (60,589,2884,2891);
INSERT INTO transcriptionHasNote (transcription_id,note_id,ptr_start,ptr_end) VALUES (60,590,2929,2936);
INSERT INTO transcriptionHasNote (transcription_id,note_id,ptr_start,ptr_end) VALUES (60,591,2965,2983);
INSERT INTO transcriptionHasNote (transcription_id,note_id,ptr_start,ptr_end) VALUES (60,592,2984,2991);
------------------------------------------
INSERT INTO translationHasNote (translation_id,note_id,ptr_start,ptr_end) VALUES (60,593,48,53);
INSERT INTO translationHasNote (translation_id,note_id,ptr_start,ptr_end) VALUES (60,594,271,279);
INSERT INTO translationHasNote (translation_id,note_id,ptr_start,ptr_end) VALUES (60,595,390,398);
INSERT INTO translationHasNote (translation_id,note_id,ptr_start,ptr_end) VALUES (60,596,530,539);
INSERT INTO translationHasNote (translation_id,note_id,ptr_start,ptr_end) VALUES (60,597,577,583);
INSERT INTO translationHasNote (translation_id,note_id,ptr_start,ptr_end) VALUES (60,598,1737,1746);
INSERT INTO translationHasNote (translation_id,note_id,ptr_start,ptr_end) VALUES (60,599,1753,1768);
INSERT INTO translationHasNote (translation_id,note_id,ptr_start,ptr_end) VALUES (60,600,1848,1853);
INSERT INTO translationHasNote (translation_id,note_id,ptr_start,ptr_end) VALUES (60,601,1909,1918);
INSERT INTO translationHasNote (translation_id,note_id,ptr_start,ptr_end) VALUES (60,602,1947,1953);
INSERT INTO translationHasNote (translation_id,note_id,ptr_start,ptr_end) VALUES (60,603,1982,1988);
INSERT INTO translationHasNote (translation_id,note_id,ptr_start,ptr_end) VALUES (60,604,2011,2028);
INSERT INTO translationHasNote (translation_id,note_id,ptr_start,ptr_end) VALUES (60,605,2031,2037);
--========================================
INSERT INTO note (note_id,note_type_id,user_ref,content) VALUES (606,0,'jpilla','Le "fief presbytéral" désigne ce dont le prêtre de paroisse est investi pour vivre, le "manse presbytéral" des temps carolingiens, soit la dotation de l’église (ici à la disposition d’un patron laïque, qui finit par s’en défaire) ; dans certains textes, l’expression englobe les revenus perçus par le prêtre dans l’exercice des ses fonctions (part des offrandes, etc.).');
INSERT INTO note (note_id,note_type_id,user_ref,content) VALUES (607,0,'jpilla','Le "fief presbytéral" désigne ce dont le prêtre de paroisse est investi pour vivre, le "manse presbytéral" des temps carolingiens, soit la dotation de l’église (ici à la disposition d’un patron laïque, qui finit par s’en défaire) ; dans certains textes, l’expression englobe les revenus perçus par le prêtre dans l’exercice des ses fonctions (part des offrandes, etc.).');
INSERT INTO note (note_id,note_type_id,user_ref,content) VALUES (608,0,'jpilla','Adémar, évêque d’Angoulême (1076-1101).');
INSERT INTO note (note_id,note_type_id,user_ref,content) VALUES (609,0,'jpilla','Saint-Maixent :  abbaye bénédictine, anc. dioc. de Poitiers (auj. Saint-Maixent-l’École, Deux-Sèvres, ch.-l. cant.). On transcrit le nom avec une minuscule à l’initiale de "saint", car c’est la personne même de celui-ci qui est invoquée comme patron.');
INSERT INTO note (note_id,note_type_id,user_ref,content) VALUES (610,0,'jpilla','Archambaud : prieur de Saint-Maixent de 1096 à 1104 environ.');
INSERT INTO note (note_id,note_type_id,user_ref,content) VALUES (611,0,'jpilla','Romans (Deux-Sèvres, cant. Saint-Maixent-l’École).');
INSERT INTO note (note_id,note_type_id,user_ref,content) VALUES (612,0,'jpilla','La restitution "David", usuelle, est confirmée par un autre acte du chartrier de Saint-Maixent, où le personnage apparaît sous le nom de "Guido Davit".');
INSERT INTO note (note_id,note_type_id,user_ref,content) VALUES (613,0,'jpilla','La Garnache (Vendée, cant. Challans).');
INSERT INTO note (note_id,note_type_id,user_ref,content) VALUES (614,0,'jpilla','Dans un large sud-ouest, des courroies (nouées par les parties et/ou des témoins privilégiés) servaient traditionnellement d’objet symbolique de passation des contrats.');
INSERT INTO note (note_id,note_type_id,user_ref,content) VALUES (615,0,'jpilla','Garnier, abbé de Saint-Maixent de 1093 à 1106.');
INSERT INTO note (note_id,note_type_id,user_ref,content) VALUES (616,0,'jpilla','La " société " permet d’associer un fidèle aux bienfaits spirituels de la communauté de prière.');
INSERT INTO note (note_id,note_type_id,user_ref,content) VALUES (617,0,'jpilla','Adam, abbé de Saint-Maixent de 1087 à 1091.');
INSERT INTO note (note_id,note_type_id,user_ref,content) VALUES (618,0,'jpilla','Urbain II, pape de 1088 à 1099.');
INSERT INTO note (note_id,note_type_id,user_ref,content) VALUES (619,0,'jpilla','Philippe Ier, roi de France de 1060 à 1108.');
INSERT INTO note (note_id,note_type_id,user_ref,content) VALUES (620,0,'jpilla','Guillaume le Jeune, VIIe comte de Poitou et IXe duc d’Aquitaine de 1086/1087 à 1127.');
INSERT INTO note (note_id,note_type_id,user_ref,content) VALUES (621,0,'jpilla','Pierre II, évêque de Poitiers de 1087 à 1115.');
------------------------------------------
INSERT INTO note (note_id,note_type_id,user_ref,content) VALUES (622,0,'jpilla','Le "fief presbytéral" désigne ce dont le prêtre de paroisse est investi pour vivre, le "manse presbytéral" des temps carolingiens, soit la dotation de l’église (ici à la disposition d’un patron laïque, qui finit par s’en défaire) ; dans certains textes, l’expression englobe les revenus perçus par le prêtre dans l’exercice des ses fonctions (part des offrandes, etc.).');
INSERT INTO note (note_id,note_type_id,user_ref,content) VALUES (623,0,'jpilla','Adémar, évêque d’Angoulême (1076-1101).');
INSERT INTO note (note_id,note_type_id,user_ref,content) VALUES (624,0,'jpilla','Saint-Maixent :  abbaye bénédictine, anc. dioc. de Poitiers (auj. Saint-Maixent-l’École, Deux-Sèvres, ch.-l. cant.). On transcrit le nom avec une minuscule à l’initiale de "saint", car c’est la personne même de celui-ci qui est invoquée comme patron.');
INSERT INTO note (note_id,note_type_id,user_ref,content) VALUES (625,0,'jpilla','Archambaud : prieur de Saint-Maixent de 1096 à 1104 environ.');
INSERT INTO note (note_id,note_type_id,user_ref,content) VALUES (626,0,'jpilla','Romans (Deux-Sèvres, cant. Saint-Maixent-l’École).');
INSERT INTO note (note_id,note_type_id,user_ref,content) VALUES (627,0,'jpilla','La restitution "David", usuelle, est confirmée par un autre acte du chartrier de Saint-Maixent, où le personnage apparaît sous le nom de "Guido Davit".');
INSERT INTO note (note_id,note_type_id,user_ref,content) VALUES (628,0,'jpilla','La Garnache (Vendée, cant. Challans).');
INSERT INTO note (note_id,note_type_id,user_ref,content) VALUES (629,0,'jpilla','Dans un large sud-ouest, des courroies (nouées par les parties et/ou des témoins privilégiés) servaient traditionnellement d’objet symbolique de passation des contrats.');
INSERT INTO note (note_id,note_type_id,user_ref,content) VALUES (630,0,'jpilla','Garnier, abbé de Saint-Maixent de 1093 à 1106.');
INSERT INTO note (note_id,note_type_id,user_ref,content) VALUES (631,0,'jpilla','La " société " permet d’associer un fidèle aux bienfaits spirituels de la communauté de prière.');
INSERT INTO note (note_id,note_type_id,user_ref,content) VALUES (632,0,'jpilla','Adam, abbé de Saint-Maixent de 1087 à 1091.');
INSERT INTO note (note_id,note_type_id,user_ref,content) VALUES (633,0,'jpilla','Urbain II, pape de 1088 à 1099.');
INSERT INTO note (note_id,note_type_id,user_ref,content) VALUES (634,0,'jpilla','Philippe Ier, roi de France de 1060 à 1108.');
INSERT INTO note (note_id,note_type_id,user_ref,content) VALUES (635,0,'jpilla','Guillaume le Jeune, VIIe comte de Poitou et IXe duc d’Aquitaine de 1086/1087 à 1127.');
INSERT INTO note (note_id,note_type_id,user_ref,content) VALUES (636,0,'jpilla','Pierre II, évêque de Poitiers de 1087 à 1115.');
------------------------------------------
INSERT INTO transcriptionHasNote (transcription_id,note_id,ptr_start,ptr_end) VALUES (61,606,205,210);
INSERT INTO transcriptionHasNote (transcription_id,note_id,ptr_start,ptr_end) VALUES (61,607,217,266);
INSERT INTO transcriptionHasNote (transcription_id,note_id,ptr_start,ptr_end) VALUES (61,608,335,342);
INSERT INTO transcriptionHasNote (transcription_id,note_id,ptr_start,ptr_end) VALUES (61,609,547,564);
INSERT INTO transcriptionHasNote (transcription_id,note_id,ptr_start,ptr_end) VALUES (61,610,787,798);
INSERT INTO transcriptionHasNote (transcription_id,note_id,ptr_start,ptr_end) VALUES (61,611,846,866);
INSERT INTO transcriptionHasNote (transcription_id,note_id,ptr_start,ptr_end) VALUES (61,612,1007,1021);
INSERT INTO transcriptionHasNote (transcription_id,note_id,ptr_start,ptr_end) VALUES (61,613,1309,1318);
INSERT INTO transcriptionHasNote (transcription_id,note_id,ptr_start,ptr_end) VALUES (61,614,1531,1546);
INSERT INTO transcriptionHasNote (transcription_id,note_id,ptr_start,ptr_end) VALUES (61,615,1763,1771);
INSERT INTO transcriptionHasNote (transcription_id,note_id,ptr_start,ptr_end) VALUES (61,616,1945,1987);
INSERT INTO transcriptionHasNote (transcription_id,note_id,ptr_start,ptr_end) VALUES (61,617,2737,2740);
INSERT INTO transcriptionHasNote (transcription_id,note_id,ptr_start,ptr_end) VALUES (61,618,2950,2957);
INSERT INTO transcriptionHasNote (transcription_id,note_id,ptr_start,ptr_end) VALUES (61,619,3062,3072);
INSERT INTO transcriptionHasNote (transcription_id,note_id,ptr_start,ptr_end) VALUES (61,620,3098,3116);
INSERT INTO transcriptionHasNote (transcription_id,note_id,ptr_start,ptr_end) VALUES (61,621,3144,3149);
------------------------------------------
INSERT INTO translationHasNote (translation_id,note_id,ptr_start,ptr_end) VALUES (61,622,185,203);
INSERT INTO translationHasNote (translation_id,note_id,ptr_start,ptr_end) VALUES (61,623,288,294);
INSERT INTO translationHasNote (translation_id,note_id,ptr_start,ptr_end) VALUES (61,624,437,444);
INSERT INTO translationHasNote (translation_id,note_id,ptr_start,ptr_end) VALUES (61,625,594,604);
INSERT INTO translationHasNote (translation_id,note_id,ptr_start,ptr_end) VALUES (61,626,635,641);
INSERT INTO translationHasNote (translation_id,note_id,ptr_start,ptr_end) VALUES (61,627,732,737);
INSERT INTO translationHasNote (translation_id,note_id,ptr_start,ptr_end) VALUES (61,628,970,981);
INSERT INTO translationHasNote (translation_id,note_id,ptr_start,ptr_end) VALUES (61,629,1131,1150);
INSERT INTO translationHasNote (translation_id,note_id,ptr_start,ptr_end) VALUES (61,630,1404,1411);
INSERT INTO translationHasNote (translation_id,note_id,ptr_start,ptr_end) VALUES (61,631,1473,1496);
INSERT INTO translationHasNote (translation_id,note_id,ptr_start,ptr_end) VALUES (61,632,2027,2031);
INSERT INTO translationHasNote (translation_id,note_id,ptr_start,ptr_end) VALUES (61,633,2167,2173);
INSERT INTO translationHasNote (translation_id,note_id,ptr_start,ptr_end) VALUES (61,634,2271,2279);
INSERT INTO translationHasNote (translation_id,note_id,ptr_start,ptr_end) VALUES (61,635,2304,2313);
INSERT INTO translationHasNote (translation_id,note_id,ptr_start,ptr_end) VALUES (61,636,2345,2351);
--========================================
INSERT INTO note (note_id,note_type_id,user_ref,content) VALUES (637,0,'jpilla','Aix-en-Diois (Drôme, cant. Die).');
INSERT INTO note (note_id,note_type_id,user_ref,content) VALUES (638,0,'jpilla','Châtillon-en-Diois (Drôme, ch.-l. cant.).');
INSERT INTO note (note_id,note_type_id,user_ref,content) VALUES (639,0,'jpilla','Berthaud ou Bertaud, chartreuse (Hautes-Alpes, cant. Gap-Campagne, comm. Rabou).');
INSERT INTO note (note_id,note_type_id,user_ref,content) VALUES (640,0,'jpilla','Le terme de "fief franc" (ou "fief honoré") désigne un fief échappant aux redevances caractéristiques de tenures qui prirent vite le nom de fiefs sans avoir grand chose à voir avec la féodalité au sens usuel (et honorable) du terme.');
INSERT INTO note (note_id,note_type_id,user_ref,content) VALUES (641,0,'jpilla','Montmaur (Hautes-Alpes, cant. Veynes).');
INSERT INTO note (note_id,note_type_id,user_ref,content) VALUES (642,0,'jpilla','La Cluse (Hautes-Alpes, cant. Saint-Étienne).');
INSERT INTO note (note_id,note_type_id,user_ref,content) VALUES (643,0,'jpilla','La condamine est l’équivalent de la couture des régions septentrionales, et désigne une grande pièce de terre cultivée en faire-valoir direct.');
INSERT INTO note (note_id,note_type_id,user_ref,content) VALUES (644,0,'jpilla','Le Labéoux, devenu auj. « la Béoux », torrent, affluent du Petit Buëch, traversant les communes de La Cluse, Montmaur et Veynes (Hautes-Alpes).');
INSERT INTO note (note_id,note_type_id,user_ref,content) VALUES (645,0,'jpilla','Mons Albanus : Les Pennes (Hautes-Alpes, cant. Veynes, comm. Montmaur), autrefois Mons al ben.');
INSERT INTO note (note_id,note_type_id,user_ref,content) VALUES (646,0,'jpilla','Rocha : La Roche-des-Arnauds (Hautes-Alpes, cant. Gap-Campagne), siège d’une commanderie templière.');
INSERT INTO note (note_id,note_type_id,user_ref,content) VALUES (647,0,'jpilla','Jarjayes (Hautes-Alpes, cant. Tallard).');
INSERT INTO note (note_id,note_type_id,user_ref,content) VALUES (648,0,'jpilla','La Piarre (Hautes-Alpes, cant. Serres).');
------------------------------------------
INSERT INTO note (note_id,note_type_id,user_ref,content) VALUES (649,0,'jpilla','Aix-en-Diois (Drôme, cant. Die).');
INSERT INTO note (note_id,note_type_id,user_ref,content) VALUES (650,0,'jpilla','Châtillon-en-Diois (Drôme, ch.-l. cant.).');
INSERT INTO note (note_id,note_type_id,user_ref,content) VALUES (651,0,'jpilla','Berthaud ou Bertaud, chartreuse (Hautes-Alpes, cant. Gap-Campagne, comm. Rabou).');
INSERT INTO note (note_id,note_type_id,user_ref,content) VALUES (652,0,'jpilla','Le terme de "fief franc" (ou "fief honoré") désigne un fief échappant aux redevances caractéristiques de tenures qui prirent vite le nom de fiefs sans avoir grand chose à voir avec la féodalité au sens usuel (et honorable) du terme.');
INSERT INTO note (note_id,note_type_id,user_ref,content) VALUES (653,0,'jpilla','Montmaur (Hautes-Alpes, cant. Veynes).');
INSERT INTO note (note_id,note_type_id,user_ref,content) VALUES (654,0,'jpilla','La Cluse (Hautes-Alpes, cant. Saint-Étienne).');
INSERT INTO note (note_id,note_type_id,user_ref,content) VALUES (655,0,'jpilla','La condamine est l’équivalent de la couture des régions septentrionales, et désigne une grande pièce de terre cultivée en faire-valoir direct.');
INSERT INTO note (note_id,note_type_id,user_ref,content) VALUES (656,0,'jpilla','Le Labéoux, devenu auj. « la Béoux », torrent, affluent du Petit Buëch, traversant les communes de La Cluse, Montmaur et Veynes (Hautes-Alpes).');
INSERT INTO note (note_id,note_type_id,user_ref,content) VALUES (657,0,'jpilla','Mons Albanus : Les Pennes (Hautes-Alpes, cant. Veynes, comm. Montmaur), autrefois Mons al ben.');
INSERT INTO note (note_id,note_type_id,user_ref,content) VALUES (658,0,'jpilla','Rocha : La Roche-des-Arnauds (Hautes-Alpes, cant. Gap-Campagne), siège d’une commanderie templière.');
INSERT INTO note (note_id,note_type_id,user_ref,content) VALUES (659,0,'jpilla','Jarjayes (Hautes-Alpes, cant. Tallard).');
INSERT INTO note (note_id,note_type_id,user_ref,content) VALUES (660,0,'jpilla','La Piarre (Hautes-Alpes, cant. Serres).');
------------------------------------------
INSERT INTO transcriptionHasNote (transcription_id,note_id,ptr_start,ptr_end) VALUES (62,637,200,205);
INSERT INTO transcriptionHasNote (transcription_id,note_id,ptr_start,ptr_end) VALUES (62,638,235,247);
INSERT INTO transcriptionHasNote (transcription_id,note_id,ptr_start,ptr_end) VALUES (62,639,480,497);
INSERT INTO transcriptionHasNote (transcription_id,note_id,ptr_start,ptr_end) VALUES (62,640,798,830);
INSERT INTO transcriptionHasNote (transcription_id,note_id,ptr_start,ptr_end) VALUES (62,641,1284,1295);
INSERT INTO transcriptionHasNote (transcription_id,note_id,ptr_start,ptr_end) VALUES (62,642,1343,1348);
INSERT INTO transcriptionHasNote (transcription_id,note_id,ptr_start,ptr_end) VALUES (62,643,1444,1453);
INSERT INTO transcriptionHasNote (transcription_id,note_id,ptr_start,ptr_end) VALUES (62,644,1581,1587);
INSERT INTO transcriptionHasNote (transcription_id,note_id,ptr_start,ptr_end) VALUES (62,645,2119,2131);
INSERT INTO transcriptionHasNote (transcription_id,note_id,ptr_start,ptr_end) VALUES (62,646,2521,2526);
INSERT INTO transcriptionHasNote (transcription_id,note_id,ptr_start,ptr_end) VALUES (62,647,2651,2658);
INSERT INTO transcriptionHasNote (transcription_id,note_id,ptr_start,ptr_end) VALUES (62,648,2767,2781);
------------------------------------------
INSERT INTO translationHasNote (translation_id,note_id,ptr_start,ptr_end) VALUES (62,649,134,139);
INSERT INTO translationHasNote (translation_id,note_id,ptr_start,ptr_end) VALUES (62,650,153,162);
INSERT INTO translationHasNote (translation_id,note_id,ptr_start,ptr_end) VALUES (62,651,314,322);
INSERT INTO translationHasNote (translation_id,note_id,ptr_start,ptr_end) VALUES (62,652,503,513);
INSERT INTO translationHasNote (translation_id,note_id,ptr_start,ptr_end) VALUES (62,653,782,790);
INSERT INTO translationHasNote (translation_id,note_id,ptr_start,ptr_end) VALUES (62,654,813,821);
INSERT INTO translationHasNote (translation_id,note_id,ptr_start,ptr_end) VALUES (62,655,893,902);
INSERT INTO translationHasNote (translation_id,note_id,ptr_start,ptr_end) VALUES (62,656,946,951);
INSERT INTO translationHasNote (translation_id,note_id,ptr_start,ptr_end) VALUES (62,657,1295,1301);
INSERT INTO translationHasNote (translation_id,note_id,ptr_start,ptr_end) VALUES (62,658,1579,1587);
INSERT INTO translationHasNote (translation_id,note_id,ptr_start,ptr_end) VALUES (62,659,1672,1680);
INSERT INTO translationHasNote (translation_id,note_id,ptr_start,ptr_end) VALUES (62,660,1752,1761);
--========================================
INSERT INTO note (note_id,note_type_id,user_ref,content) VALUES (661,0,'jpilla','Le texte offre des formes d’article féminin "li" qui alternent avec des formes "la".');
INSERT INTO note (note_id,note_type_id,user_ref,content) VALUES (662,0,'jpilla','Les formes de pronom personnel sujet de personne 3  féminin relevées dans ce texte sont majoritairement "illi" (l. 22) mais on trouve aussi "illh" (voir aussi l. 6).');
INSERT INTO note (note_id,note_type_id,user_ref,content) VALUES (663,0,'jpilla','Après "son",  une lettre "i" de remplissage de fin de ligne a été exponctuée par le scribe puis barrée d’un trait de plume.');
INSERT INTO note (note_id,note_type_id,user_ref,content) VALUES (664,0,'jpilla','Le scribe, sur cette page, utilise "e" coordonnant devant un mot commençant par une consonne et l’abréviation "7" devant un mot commençant par une voyelle. Ailleurs dans le manuscrit il lui arrive d’utiliser "e" devant un mot commençant par une voyelle (f. 25 "e en caritat") et "7" devant un mot commençant par une consonne (f. 27v "7 par aisso"). Nous résolvons donc l’abréviation "7" par "e".');
------------------------------------------
------------------------------------------
INSERT INTO transcriptionHasNote (transcription_id,note_id,ptr_start,ptr_end) VALUES (63,661,26,28);
INSERT INTO transcriptionHasNote (transcription_id,note_id,ptr_start,ptr_end) VALUES (63,662,148,152);
INSERT INTO transcriptionHasNote (transcription_id,note_id,ptr_start,ptr_end) VALUES (63,663,349,352);
INSERT INTO transcriptionHasNote (transcription_id,note_id,ptr_start,ptr_end) VALUES (63,664,364,375);
------------------------------------------
--========================================
INSERT INTO note (note_id,note_type_id,user_ref,content) VALUES (665,0,'jpilla','"no.l" = enclise de "lo" (pronom personnel régime direct faible, masculin singulier de personne 3) sur "non".');
INSERT INTO note (note_id,note_type_id,user_ref,content) VALUES (666,0,'jpilla','"no.s" = enclise de "se" (pronom réfléchi singulier de personne 3) sur "non".');
INSERT INTO note (note_id,note_type_id,user_ref,content) VALUES (667,0,'jpilla','"esperonan" = le manuscrit porte "esponan" qui ne peut correspondre à aucune forme attestée ; le sens ainsi que le compte des syllabes du vers autorisent à corriger "esperonan", en se fondant sur la leçon du manuscrit B. La « faute » "esponan" pour "esperonan" s’explique facilement en postulant à un stade antérieur de la tradition l’omission du signe abréviatif sous le « p » qui permet de noter "per".');
INSERT INTO note (note_id,note_type_id,user_ref,content) VALUES (668,0,'jpilla','"s’el" = "se en" + "lo" : enclise de "lo" (article défini régime masculin) sur la préposition "en" et élision par proclise du « e » de "se" (pronom réflèchi singulier de personne 3).');
INSERT INTO note (note_id,note_type_id,user_ref,content) VALUES (669,0,'jpilla','"levat" = Si on attend bien le participe passé "anat" dans la subordonnée temporelle (« et quand il a avancé un peu »), on attendrait dans la principale un infinitif "levar" dépendant de "ausi" (« il entend s’élever un cri ») et non un participe passé "levat" (« il entend un cri qui a été élevé »). Voir la même situation syntaxique aux vers 804-805 : « Es en aitant el a ausit / luin de se levar un tabust. » C. Brunel a résolu le problème en proposant à la place de ces deux vers la leçon du manuscrit B : « A cant ac anat un petit / denant ausi levar un crit ». Nous conservons la leçon du manuscrit A qui n’est cependant guère satisfaisante.');
INSERT INTO note (note_id,note_type_id,user_ref,content) VALUES (670,0,'jpilla','fuecs = fuec qui est la forme réguliérement employée par le copiste pour « feu », ne convient pas pour le sens. C. Brunel propose fustz « bois » qui provient du manuscrit B, leçon qui est confirmée quelques vers plus loin par A, aux vers 806-807 : « Qe ferre e asier e fust / meno tal bruit e tal torment ». Nous adoptons la correction de Brunel.');
INSERT INTO note (note_id,note_type_id,user_ref,content) VALUES (671,0,'jpilla','"Jairfres" = malgré la graphie "Jairfres" (comparer avec la forme "Jaufre" au 9e vers de la colonne de droite), il faut comprendre "Jaufres" et corriger le texte.');
INSERT INTO note (note_id,note_type_id,user_ref,content) VALUES (672,0,'jpilla','"qui es" = la réduction "es" = "etz" (ind. présent 5 de "esser") est attestée par la pratique de l’auteur (C. Brunel, op. cit., t. I, p. LXIII).');
INSERT INTO note (note_id,note_type_id,user_ref,content) VALUES (673,0,'jpilla','"ora.us" = enclise de "vos" (pronom personnel régime de personne 5) sur "ora".');
INSERT INTO note (note_id,note_type_id,user_ref,content) VALUES (674,0,'jpilla','"no.us" = enclise de "vos" (pronom personnel régime de personne 5) sur "non".');
INSERT INTO note (note_id,note_type_id,user_ref,content) VALUES (675,0,'jpilla','"es" = haplologie de "e" coordonnant et de "es" (C. Brunel, op. cit., t. I, p. LVIII, § 10).');
INSERT INTO note (note_id,note_type_id,user_ref,content) VALUES (676,0,'jpilla','"si combatio" = C. Brunel (op. cit., t. I, p. LXX, § 35) signale, parmi les caractéristiques de la langue du scribe, l’alternance de formes de personnel réfléchi en « -e » et en « -i ».');
INSERT INTO note (note_id,note_type_id,user_ref,content) VALUES (677,0,'jpilla','Le sens du vers pose problème : une traduction mot à mot donnerait : « car personne n’entend ni ne voit. » C. Brunel a remplacé "negus" du manuscrit A par "negun" du manuscrit B , ce qui fournit un sens correct « car il n’entend ni ne voit personne », correction que nous adoptons. C. Brunel signale d’autre part, parmi les caractéristiques de la langue du scribe (op. cit., t. I, p. LXIX, § 31) des finales en « -m » pour « -n », ce qui justifie la forme "num" pour "nun".');
INSERT INTO note (note_id,note_type_id,user_ref,content) VALUES (678,0,'jpilla','"troba.l" = enclise de "lo" (pronom personnel régime de personne 3) sur "troba".');
INSERT INTO note (note_id,note_type_id,user_ref,content) VALUES (679,0,'jpilla','Le vers est omis dans le manuscrit A ; il est indispensable au sens et à la construction de la phrase. Il est donc rétabli d’après la leçon du manuscrit B.');
INSERT INTO note (note_id,note_type_id,user_ref,content) VALUES (680,0,'jpilla','"es" = "es" (pour la coordination "e" ou "et") est attesté par la pratique du scribe de A même devant consonne.');
INSERT INTO note (note_id,note_type_id,user_ref,content) VALUES (681,0,'jpilla','La rime "mot" /"sanglotz" ne convient pas. C. Brunel  a résolu le problème en corrigeant "mot" en "motz" en s’appuyant sur la leçon du manuscrit B. Nous proposons de corriger "II sanglotz" en "un sanglot", le passage de un ("I") à deux ("II") pouvant avoir eu lieu lors d’une étape de la tradition manuscrite. On obtient alors une rime correcte "mot" / "sanglot" et pour la locution "sonar mot", une construction avec un singulier plus conforme aux habitudes syntaxiques de l’auteur : voir par exemple au v. 2673 : « Obri ! e om nul sona mot », ou au v. 3427 : « E Jaufre no a mot sonat ».');
------------------------------------------
------------------------------------------
INSERT INTO transcriptionHasNote (transcription_id,note_id,ptr_start,ptr_end) VALUES (64,665,25,49);
INSERT INTO transcriptionHasNote (transcription_id,note_id,ptr_start,ptr_end) VALUES (64,666,97,121);
INSERT INTO transcriptionHasNote (transcription_id,note_id,ptr_start,ptr_end) VALUES (64,667,352,363);
INSERT INTO transcriptionHasNote (transcription_id,note_id,ptr_start,ptr_end) VALUES (64,668,583,587);
INSERT INTO transcriptionHasNote (transcription_id,note_id,ptr_start,ptr_end) VALUES (64,669,854,859);
INSERT INTO transcriptionHasNote (transcription_id,note_id,ptr_start,ptr_end) VALUES (64,670,923,927);
INSERT INTO transcriptionHasNote (transcription_id,note_id,ptr_start,ptr_end) VALUES (64,671,974,981);
INSERT INTO transcriptionHasNote (transcription_id,note_id,ptr_start,ptr_end) VALUES (64,672,1066,1068);
INSERT INTO transcriptionHasNote (transcription_id,note_id,ptr_start,ptr_end) VALUES (64,673,1094,1120);
INSERT INTO transcriptionHasNote (transcription_id,note_id,ptr_start,ptr_end) VALUES (64,674,1148,1173);
INSERT INTO transcriptionHasNote (transcription_id,note_id,ptr_start,ptr_end) VALUES (64,675,1393,1395);
INSERT INTO transcriptionHasNote (transcription_id,note_id,ptr_start,ptr_end) VALUES (64,676,1499,1501);
INSERT INTO transcriptionHasNote (transcription_id,note_id,ptr_start,ptr_end) VALUES (64,677,1521,1526);
INSERT INTO transcriptionHasNote (transcription_id,note_id,ptr_start,ptr_end) VALUES (64,678,1709,1736);
INSERT INTO transcriptionHasNote (transcription_id,note_id,ptr_start,ptr_end) VALUES (64,679,1900,1925);
INSERT INTO transcriptionHasNote (transcription_id,note_id,ptr_start,ptr_end) VALUES (64,680,1948,1950);
INSERT INTO transcriptionHasNote (transcription_id,note_id,ptr_start,ptr_end) VALUES (64,681,1989,1996);
------------------------------------------
--========================================
------------------------------------------
------------------------------------------
------------------------------------------
--========================================
------------------------------------------
------------------------------------------
------------------------------------------
--========================================
------------------------------------------
------------------------------------------
------------------------------------------
--========================================
INSERT INTO note (note_id,note_type_id,user_ref,content) VALUES (682,0,'jpilla','Châtillon-Guyotte (Doubs, cant. Roulans).');
INSERT INTO note (note_id,note_type_id,user_ref,content) VALUES (683,0,'jpilla','Saint-Paul de Besançon, abbaye de bénédictins, fondée vers 624, chanoines réguliers depuis 1044.');
INSERT INTO note (note_id,note_type_id,user_ref,content) VALUES (684,0,'jpilla','Saint-Paul de Besançon, abbaye de bénédictins, fondée vers 624, chanoines réguliers depuis 1044.');
INSERT INTO note (note_id,note_type_id,user_ref,content) VALUES (685,0,'jpilla','Les deniers viennois (de Vienne sur le Rhône) irriguent un large sud-est de la France actuelle, au point ici de concurrencer toute allusion à la monnaie archiépiscopale de Besançon (deniers estévenants).');
INSERT INTO note (note_id,note_type_id,user_ref,content) VALUES (686,0,'jpilla','Burgille (Doubs, cant. Audeux).');
INSERT INTO note (note_id,note_type_id,user_ref,content) VALUES (687,0,'jpilla','Le Valdahon (Doubs, cant. Vercel-Villedieu-le-Camp).');
INSERT INTO note (note_id,note_type_id,user_ref,content) VALUES (688,0,'jpilla','Bellevaux (Haute-Saône, cant. Rioz, comm. Cirey), abbaye de cisterciens, fille de Morimond, fondée en 1120, anc. dioc. de Besançon.');
INSERT INTO note (note_id,note_type_id,user_ref,content) VALUES (689,0,'jpilla','En droit féodal, l’homme lige est un vassal attaché par un lien, sinon exclusif, du moins l’emportant sur les liens contractés envers d’autres seigneurs.');
INSERT INTO note (note_id,note_type_id,user_ref,content) VALUES (690,0,'jpilla','Liébaud II de Beaufremont (Vosges, cant. Neufchâteau), maréchal de Bourgogne, fils de Pierre de Beaufremont et d’Agnès de Vergy, mort en 1303.');
INSERT INTO note (note_id,note_type_id,user_ref,content) VALUES (691,0,'jpilla','Liébaud II de Beaufremont (Vosges, cant. Neufchâteau), maréchal de Bourgogne, fils de Pierre de Beaufremont et d’Agnès de Vergy, mort en 1303.');
INSERT INTO note (note_id,note_type_id,user_ref,content) VALUES (692,0,'jpilla','Peut-être Marchaux (Doubs, ch.-l. cant.).');
INSERT INTO note (note_id,note_type_id,user_ref,content) VALUES (693,0,'jpilla','Peut-être Rigney (Doubs, cant. Marchaux).');
INSERT INTO note (note_id,note_type_id,user_ref,content) VALUES (694,0,'jpilla','Nancray (Doubs, cant. Roulans).');
INSERT INTO note (note_id,note_type_id,user_ref,content) VALUES (695,0,'jpilla','Jean Ier de Sauvigney (v. 1263-1304), abbé de Saint-Paul.');
INSERT INTO note (note_id,note_type_id,user_ref,content) VALUES (696,0,'jpilla','Hugues de Montferrand-le-Château (Doubs, cant. Boussières), chevalier, seigneur de Thoraise (Doubs, cant. Boussières), fils d’Eudes de Montferrand et Thoraise, et de Marguerite de Vare.');
INSERT INTO note (note_id,note_type_id,user_ref,content) VALUES (697,0,'jpilla','Hugues de Montferrand-le-Château (Doubs, cant. Boussières), chevalier, seigneur de Thoraise (Doubs, cant. Boussières), fils d’Eudes de Montferrand et Thoraise, et de Marguerite de Vare.');
INSERT INTO note (note_id,note_type_id,user_ref,content) VALUES (698,0,'jpilla','Rougemont (Doubs, ch.-l. cant.), doyenné de l’anc. dioc. de Besançon.');
INSERT INTO note (note_id,note_type_id,user_ref,content) VALUES (699,0,'jpilla','Rougemont (Doubs, ch.-l. cant.), doyenné de l’anc. dioc. de Besançon.');
INSERT INTO note (note_id,note_type_id,user_ref,content) VALUES (700,0,'jpilla','Eudes de Rougemont, archevêque de Besançon de 1269 à 1301.');
INSERT INTO note (note_id,note_type_id,user_ref,content) VALUES (701,0,'jpilla','Dole (Jura, ch.-l. arr.), siège d’un prieuré clunisien, anc. dioc. de Besançon.');
INSERT INTO note (note_id,note_type_id,user_ref,content) VALUES (702,0,'jpilla','Il existe plusieurs saints Jacques et plusieurs Christophe, parfois fêtés plusieurs fois dans l’année. La double mention, complétée de l’indication du mois, prouve que le scribe a voulu éviter toute ambiguïté : le jour visé est le 25 juillet, fête principale de saint Jacques le Majeur. L’acte est donc du 24 juillet.');
INSERT INTO note (note_id,note_type_id,user_ref,content) VALUES (703,0,'jpilla','Il existe plusieurs saints Jacques et plusieurs Christophe, parfois fêtés plusieurs fois dans l’année. La double mention, complétée de l’indication du mois, prouve que le scribe a voulu éviter toute ambiguïté : le jour visé est le 25 juillet, fête principale de saint Jacques le Majeur. L’acte est donc du 24 juillet.');
------------------------------------------
INSERT INTO note (note_id,note_type_id,user_ref,content) VALUES (704,0,'jpilla','Châtillon-Guyotte (Doubs, cant. Roulans).');
INSERT INTO note (note_id,note_type_id,user_ref,content) VALUES (705,0,'jpilla','Saint-Paul de Besançon, abbaye de bénédictins, fondée vers 624, chanoines réguliers depuis 1044.');
INSERT INTO note (note_id,note_type_id,user_ref,content) VALUES (706,0,'jpilla','Saint-Paul de Besançon, abbaye de bénédictins, fondée vers 624, chanoines réguliers depuis 1044.');
INSERT INTO note (note_id,note_type_id,user_ref,content) VALUES (707,0,'jpilla','Les deniers viennois (de Vienne sur le Rhône) irriguent un large sud-est de la France actuelle, au point ici de concurrencer toute allusion à la monnaie archiépiscopale de Besançon (deniers estévenants).');
INSERT INTO note (note_id,note_type_id,user_ref,content) VALUES (708,0,'jpilla','Burgille (Doubs, cant. Audeux).');
INSERT INTO note (note_id,note_type_id,user_ref,content) VALUES (709,0,'jpilla','Le Valdahon (Doubs, cant. Vercel-Villedieu-le-Camp).');
INSERT INTO note (note_id,note_type_id,user_ref,content) VALUES (710,0,'jpilla','Bellevaux (Haute-Saône, cant. Rioz, comm. Cirey), abbaye de cisterciens, fille de Morimond, fondée en 1120, anc. dioc. de Besançon.');
INSERT INTO note (note_id,note_type_id,user_ref,content) VALUES (711,0,'jpilla','En droit féodal, l’homme lige est un vassal attaché par un lien, sinon exclusif, du moins l’emportant sur les liens contractés envers d’autres seigneurs.');
INSERT INTO note (note_id,note_type_id,user_ref,content) VALUES (712,0,'jpilla','Liébaud II de Beaufremont (Vosges, cant. Neufchâteau), maréchal de Bourgogne, fils de Pierre de Beaufremont et d’Agnès de Vergy, mort en 1303.');
INSERT INTO note (note_id,note_type_id,user_ref,content) VALUES (713,0,'jpilla','Peut-être Marchaux (Doubs, ch.-l. cant.).');
INSERT INTO note (note_id,note_type_id,user_ref,content) VALUES (714,0,'jpilla','Peut-être Rigney (Doubs, cant. Marchaux).');
INSERT INTO note (note_id,note_type_id,user_ref,content) VALUES (715,0,'jpilla','Nancray (Doubs, cant. Roulans).');
INSERT INTO note (note_id,note_type_id,user_ref,content) VALUES (716,0,'jpilla','Jean Ier de Sauvigney (v. 1263-1304), abbé de Saint-Paul.');
INSERT INTO note (note_id,note_type_id,user_ref,content) VALUES (717,0,'jpilla','Hugues de Montferrand-le-Château (Doubs, cant. Boussières), chevalier, seigneur de Thoraise (Doubs, cant. Boussières), fils d’Eudes de Montferrand et Thoraise, et de Marguerite de Vare.');
INSERT INTO note (note_id,note_type_id,user_ref,content) VALUES (718,0,'jpilla','Hugues de Montferrand-le-Château (Doubs, cant. Boussières), chevalier, seigneur de Thoraise (Doubs, cant. Boussières), fils d’Eudes de Montferrand et Thoraise, et de Marguerite de Vare.');
INSERT INTO note (note_id,note_type_id,user_ref,content) VALUES (719,0,'jpilla','Rougemont (Doubs, ch.-l. cant.), doyenné de l’anc. dioc. de Besançon.');
INSERT INTO note (note_id,note_type_id,user_ref,content) VALUES (720,0,'jpilla','Eudes de Rougemont, archevêque de Besançon de 1269 à 1301.');
INSERT INTO note (note_id,note_type_id,user_ref,content) VALUES (721,0,'jpilla','Dole (Jura, ch.-l. arr.), siège d’un prieuré clunisien, anc. dioc. de Besançon.');
INSERT INTO note (note_id,note_type_id,user_ref,content) VALUES (722,0,'jpilla','Il existe plusieurs saints Jacques et plusieurs Christophe, parfois fêtés plusieurs fois dans l’année. La double mention, complétée de l’indication du mois, prouve que le scribe a voulu éviter toute ambiguïté : le jour visé est le 25 juillet, fête principale de saint Jacques le Majeur. L’acte est donc du 24 juillet.');
INSERT INTO note (note_id,note_type_id,user_ref,content) VALUES (723,0,'jpilla','Il existe plusieurs saints Jacques et plusieurs Christophe, parfois fêtés plusieurs fois dans l’année. La double mention, complétée de l’indication du mois, prouve que le scribe a voulu éviter toute ambiguïté : le jour visé est le 25 juillet, fête principale de saint Jacques le Majeur. L’acte est donc du 24 juillet.');
------------------------------------------
INSERT INTO transcriptionHasNote (transcription_id,note_id,ptr_start,ptr_end) VALUES (68,682,129,140);
INSERT INTO transcriptionHasNote (transcription_id,note_id,ptr_start,ptr_end) VALUES (68,683,520,545);
INSERT INTO transcriptionHasNote (transcription_id,note_id,ptr_start,ptr_end) VALUES (68,684,552,557);
INSERT INTO transcriptionHasNote (transcription_id,note_id,ptr_start,ptr_end) VALUES (68,685,673,711);
INSERT INTO transcriptionHasNote (transcription_id,note_id,ptr_start,ptr_end) VALUES (68,686,1118,1135);
INSERT INTO transcriptionHasNote (transcription_id,note_id,ptr_start,ptr_end) VALUES (68,687,1268,1279);
INSERT INTO transcriptionHasNote (transcription_id,note_id,ptr_start,ptr_end) VALUES (68,688,1773,1784);
INSERT INTO transcriptionHasNote (transcription_id,note_id,ptr_start,ptr_end) VALUES (68,689,2533,2538);
INSERT INTO transcriptionHasNote (transcription_id,note_id,ptr_start,ptr_end) VALUES (68,690,2882,2894);
INSERT INTO transcriptionHasNote (transcription_id,note_id,ptr_start,ptr_end) VALUES (68,691,2901,2922);
INSERT INTO transcriptionHasNote (transcription_id,note_id,ptr_start,ptr_end) VALUES (68,692,3494,3510);
INSERT INTO transcriptionHasNote (transcription_id,note_id,ptr_start,ptr_end) VALUES (68,693,3563,3568);
INSERT INTO transcriptionHasNote (transcription_id,note_id,ptr_start,ptr_end) VALUES (68,694,3598,3614);
INSERT INTO transcriptionHasNote (transcription_id,note_id,ptr_start,ptr_end) VALUES (68,695,4976,5002);
INSERT INTO transcriptionHasNote (transcription_id,note_id,ptr_start,ptr_end) VALUES (68,696,5251,5271);
INSERT INTO transcriptionHasNote (transcription_id,note_id,ptr_start,ptr_end) VALUES (68,697,5278,5309);
INSERT INTO transcriptionHasNote (transcription_id,note_id,ptr_start,ptr_end) VALUES (68,698,5411,5417);
INSERT INTO transcriptionHasNote (transcription_id,note_id,ptr_start,ptr_end) VALUES (68,699,5424,5438);
INSERT INTO transcriptionHasNote (transcription_id,note_id,ptr_start,ptr_end) VALUES (68,700,5843,5857);
INSERT INTO transcriptionHasNote (transcription_id,note_id,ptr_start,ptr_end) VALUES (68,701,6489,6493);
INSERT INTO transcriptionHasNote (transcription_id,note_id,ptr_start,ptr_end) VALUES (68,702,6705,7092);
INSERT INTO transcriptionHasNote (transcription_id,note_id,ptr_start,ptr_end) VALUES (68,703,6734,6793);
------------------------------------------
INSERT INTO translationHasNote (translation_id,note_id,ptr_start,ptr_end) VALUES (68,704,61,70);
INSERT INTO translationHasNote (translation_id,note_id,ptr_start,ptr_end) VALUES (68,705,274,280);
INSERT INTO translationHasNote (translation_id,note_id,ptr_start,ptr_end) VALUES (68,706,287,291);
INSERT INTO translationHasNote (translation_id,note_id,ptr_start,ptr_end) VALUES (68,707,365,373);
INSERT INTO translationHasNote (translation_id,note_id,ptr_start,ptr_end) VALUES (68,708,566,574);
INSERT INTO translationHasNote (translation_id,note_id,ptr_start,ptr_end) VALUES (68,709,646,654);
INSERT INTO translationHasNote (translation_id,note_id,ptr_start,ptr_end) VALUES (68,710,884,893);
INSERT INTO translationHasNote (translation_id,note_id,ptr_start,ptr_end) VALUES (68,711,1299,1303);
INSERT INTO translationHasNote (translation_id,note_id,ptr_start,ptr_end) VALUES (68,712,1529,1551);
INSERT INTO translationHasNote (translation_id,note_id,ptr_start,ptr_end) VALUES (68,713,1910,1918);
INSERT INTO translationHasNote (translation_id,note_id,ptr_start,ptr_end) VALUES (68,714,1961,1967);
INSERT INTO translationHasNote (translation_id,note_id,ptr_start,ptr_end) VALUES (68,715,1997,2004);
INSERT INTO translationHasNote (translation_id,note_id,ptr_start,ptr_end) VALUES (68,716,2805,2809);
INSERT INTO translationHasNote (translation_id,note_id,ptr_start,ptr_end) VALUES (68,717,2924,2934);
INSERT INTO translationHasNote (translation_id,note_id,ptr_start,ptr_end) VALUES (68,718,2941,2952);
INSERT INTO translationHasNote (translation_id,note_id,ptr_start,ptr_end) VALUES (68,719,2992,3001);
INSERT INTO translationHasNote (translation_id,note_id,ptr_start,ptr_end) VALUES (68,720,3266,3271);
INSERT INTO translationHasNote (translation_id,note_id,ptr_start,ptr_end) VALUES (68,721,3613,3617);
INSERT INTO translationHasNote (translation_id,note_id,ptr_start,ptr_end) VALUES (68,722,3730,3736);
INSERT INTO translationHasNote (translation_id,note_id,ptr_start,ptr_end) VALUES (68,723,3743,3775);
--========================================
INSERT INTO note (note_id,note_type_id,user_ref,content) VALUES (724,0,'jpilla','Pierre de Monbrun, archevêque de Narbonne de 1272 à 1286.');
INSERT INTO note (note_id,note_type_id,user_ref,content) VALUES (725,0,'jpilla','Saint-Pons-de-Thomières (Hérault, ch.-l. cant. ; abbaye de bénédictins, anc. dioc. de Narbonne ) ; son abbé est alors Raimond (1276 à 1309/1311).');
INSERT INTO note (note_id,note_type_id,user_ref,content) VALUES (726,0,'jpilla','Quarante (Hérault, cant. Capestang ; abbaye de chanoines réguliers, anc. dioc. de Narbonne) ; son abbé est alors Bernard (1272-av. 1283).');
INSERT INTO note (note_id,note_type_id,user_ref,content) VALUES (727,0,'jpilla','Caunes (Caunes-Minervois, cant. Peyriac-Minervois ; abbaye de bénédictins, anc. dioc. de Narbonne) ; son abbé est alors Pierre (...1239-1285).');
INSERT INTO note (note_id,note_type_id,user_ref,content) VALUES (728,0,'jpilla','Saint-Polycarpe (Aude, cant. Saint-Hilaire ; abbaye de bénédictins, anc. dioc. de Narbonne) ; son abbé est alors Bernard (1252/1255-1282).');
INSERT INTO note (note_id,note_type_id,user_ref,content) VALUES (729,0,'jpilla','Sanctus Anianus : ancien nom de Saint-Chinian (Hérault, ch.-l. cant. ; abbaye de bénédictins, anc. dioc. de Narbonne) ; son abbé est alors Raimond (1251-1289...).');
INSERT INTO note (note_id,note_type_id,user_ref,content) VALUES (730,0,'jpilla','Joucou (Aude, cant. Belcaire ; abbaye de bénédictins, anc. dioc. de Narbonne) ; son abbé est alors Arnaud (apr. 1263-av. 1310 ).');
INSERT INTO note (note_id,note_type_id,user_ref,content) VALUES (731,0,'jpilla','Un concile s’est tenu à Bourges en septembre 1276 sous la présidence du légat pontifical Simon, cardinal-prêtre du titre de Sainte-Cécile, qui réunit seize articles protestant contre les empiètements commis dans le royaume de France contre les libertés de l’Église.');
INSERT INTO note (note_id,note_type_id,user_ref,content) VALUES (732,0,'jpilla','L’expression «  ex abundanti  » se trouve dans la Vulgate, où elle renvoie à l’idée de superflu (Luc 21,4), ou d’inutile (2 Cor. 9,1, «  Ex abundanti est mihi scribere vobis  »). Il s’agit ici d’une coquetterie littéraire.');
INSERT INTO note (note_id,note_type_id,user_ref,content) VALUES (733,0,'jpilla','Soit avant le 24 juin prochain (Nativité de saint Jean, fête principale), ce qui laisse douze jours aller-retour.');
INSERT INTO note (note_id,note_type_id,user_ref,content) VALUES (734,0,'jpilla','Capestang (Hérault, ch.-l. cant.).');
INSERT INTO note (note_id,note_type_id,user_ref,content) VALUES (735,0,'jpilla','En 1277, la Saint-Barnabé (11 juin) tombe un vendredi ; la lettre est donc du 12 juin 1277.');
INSERT INTO note (note_id,note_type_id,user_ref,content) VALUES (736,0,'jpilla','Mention typique, à compter du XIIIe siècle, à la fin de lettres circulant par porteur entre plusieurs destinataires. On pouvait aussi demander à ceux-ci d’apposer leur sceau en guise d’accusé de réception («  Reddite litteras sigillatas  »).');
------------------------------------------
INSERT INTO note (note_id,note_type_id,user_ref,content) VALUES (737,0,'jpilla','Pierre de Monbrun, archevêque de Narbonne de 1272 à 1286.');
INSERT INTO note (note_id,note_type_id,user_ref,content) VALUES (738,0,'jpilla','Saint-Pons-de-Thomières (Hérault, ch.-l. cant. ; abbaye de bénédictins, anc. dioc. de Narbonne ) ; son abbé est alors Raimond (1276 à 1309/1311).');
INSERT INTO note (note_id,note_type_id,user_ref,content) VALUES (739,0,'jpilla','Quarante (Hérault, cant. Capestang ; abbaye de chanoines réguliers, anc. dioc. de Narbonne) ; son abbé est alors Bernard (1272-av. 1283).');
INSERT INTO note (note_id,note_type_id,user_ref,content) VALUES (740,0,'jpilla','Caunes (Caunes-Minervois, cant. Peyriac-Minervois ; abbaye de bénédictins, anc. dioc. de Narbonne) ; son abbé est alors Pierre (...1239-1285).');
INSERT INTO note (note_id,note_type_id,user_ref,content) VALUES (741,0,'jpilla','Saint-Polycarpe (Aude, cant. Saint-Hilaire ; abbaye de bénédictins, anc. dioc. de Narbonne) ; son abbé est alors Bernard (1252/1255-1282).');
INSERT INTO note (note_id,note_type_id,user_ref,content) VALUES (742,0,'jpilla','Sanctus Anianus : ancien nom de Saint-Chinian (Hérault, ch.-l. cant. ; abbaye de bénédictins, anc. dioc. de Narbonne) ; son abbé est alors Raimond (1251-1289...).');
INSERT INTO note (note_id,note_type_id,user_ref,content) VALUES (743,0,'jpilla','Joucou (Aude, cant. Belcaire ; abbaye de bénédictins, anc. dioc. de Narbonne) ; son abbé est alors Arnaud (apr. 1263-av. 1310 ).');
INSERT INTO note (note_id,note_type_id,user_ref,content) VALUES (744,0,'jpilla','Un concile s’est tenu à Bourges en septembre 1276 sous la présidence du légat pontifical Simon, cardinal-prêtre du titre de Sainte-Cécile, qui réunit seize articles protestant contre les empiètements commis dans le royaume de France contre les libertés de l’Église.');
INSERT INTO note (note_id,note_type_id,user_ref,content) VALUES (745,0,'jpilla','L’expression «  ex abundanti  » se trouve dans la Vulgate, où elle renvoie à l’idée de superflu (Luc 21,4), ou d’inutile (2 Cor. 9,1, «  Ex abundanti est mihi scribere vobis  »). Il s’agit ici d’une coquetterie littéraire.');
INSERT INTO note (note_id,note_type_id,user_ref,content) VALUES (746,0,'jpilla','Soit avant le 24 juin prochain (Nativité de saint Jean, fête principale), ce qui laisse douze jours aller-retour.');
INSERT INTO note (note_id,note_type_id,user_ref,content) VALUES (747,0,'jpilla','Capestang (Hérault, ch.-l. cant.).');
INSERT INTO note (note_id,note_type_id,user_ref,content) VALUES (748,0,'jpilla','En 1277, la Saint-Barnabé (11 juin) tombe un vendredi ; la lettre est donc du 12 juin 1277.');
INSERT INTO note (note_id,note_type_id,user_ref,content) VALUES (749,0,'jpilla','Mention typique, à compter du XIIIe siècle, à la fin de lettres circulant par porteur entre plusieurs destinataires. On pouvait aussi demander à ceux-ci d’apposer leur sceau en guise d’accusé de réception («  Reddite litteras sigillatas  »).');
------------------------------------------
INSERT INTO transcriptionHasNote (transcription_id,note_id,ptr_start,ptr_end) VALUES (69,724,3,9);
INSERT INTO transcriptionHasNote (transcription_id,note_id,ptr_start,ptr_end) VALUES (69,725,121,173);
INSERT INTO transcriptionHasNote (transcription_id,note_id,ptr_start,ptr_end) VALUES (69,726,181,192);
INSERT INTO transcriptionHasNote (transcription_id,note_id,ptr_start,ptr_end) VALUES (69,727,200,206);
INSERT INTO transcriptionHasNote (transcription_id,note_id,ptr_start,ptr_end) VALUES (69,728,212,228);
INSERT INTO transcriptionHasNote (transcription_id,note_id,ptr_start,ptr_end) VALUES (69,729,234,247);
INSERT INTO transcriptionHasNote (transcription_id,note_id,ptr_start,ptr_end) VALUES (69,730,251,271);
INSERT INTO transcriptionHasNote (transcription_id,note_id,ptr_start,ptr_end) VALUES (69,731,493,522);
INSERT INTO transcriptionHasNote (transcription_id,note_id,ptr_start,ptr_end) VALUES (69,732,1280,1293);
INSERT INTO transcriptionHasNote (transcription_id,note_id,ptr_start,ptr_end) VALUES (69,733,1797,1853);
INSERT INTO transcriptionHasNote (transcription_id,note_id,ptr_start,ptr_end) VALUES (69,734,1936,1948);
INSERT INTO transcriptionHasNote (transcription_id,note_id,ptr_start,ptr_end) VALUES (69,735,1954,1997);
INSERT INTO transcriptionHasNote (transcription_id,note_id,ptr_start,ptr_end) VALUES (69,736,2114,2139);
------------------------------------------
INSERT INTO translationHasNote (translation_id,note_id,ptr_start,ptr_end) VALUES (69,737,3,9);
INSERT INTO translationHasNote (translation_id,note_id,ptr_start,ptr_end) VALUES (69,738,142,165);
INSERT INTO translationHasNote (translation_id,note_id,ptr_start,ptr_end) VALUES (69,739,173,181);
INSERT INTO translationHasNote (translation_id,note_id,ptr_start,ptr_end) VALUES (69,740,189,195);
INSERT INTO translationHasNote (translation_id,note_id,ptr_start,ptr_end) VALUES (69,741,204,219);
INSERT INTO translationHasNote (translation_id,note_id,ptr_start,ptr_end) VALUES (69,742,228,241);
INSERT INTO translationHasNote (translation_id,note_id,ptr_start,ptr_end) VALUES (69,743,248,254);
INSERT INTO translationHasNote (translation_id,note_id,ptr_start,ptr_end) VALUES (69,744,485,503);
INSERT INTO translationHasNote (translation_id,note_id,ptr_start,ptr_end) VALUES (69,745,1042,1052);
INSERT INTO translationHasNote (translation_id,note_id,ptr_start,ptr_end) VALUES (69,746,1350,1379);
INSERT INTO translationHasNote (translation_id,note_id,ptr_start,ptr_end) VALUES (69,747,1389,1398);
INSERT INTO translationHasNote (translation_id,note_id,ptr_start,ptr_end) VALUES (69,748,1403,1439);
INSERT INTO translationHasNote (translation_id,note_id,ptr_start,ptr_end) VALUES (69,749,1507,1525);
--========================================
INSERT INTO note (note_id,note_type_id,user_ref,content) VALUES (750,0,'jpilla','Goailles (Jura, comm. Salins), abbaye d’augustins dédiée à Notre-Dame (dioc. Besançon).');
INSERT INTO note (note_id,note_type_id,user_ref,content) VALUES (751,0,'jpilla','Le terme de "cens" s’applique ici à une redevance annuelle payée à partir de ce moment, assise sur un bien immeuble, et en échange d’un versement ponctuel (ici au taux très normal de 12 pour 1). Il s’agit à l’évidence de ce que la langue d’aujourd’hui nomme une "rente".');
INSERT INTO note (note_id,note_type_id,user_ref,content) VALUES (752,0,'jpilla','Comprendre «  (em)portant (incluant) loux (droit de lods), loy (pouvoir légal) et seigneurie  ».');
INSERT INTO note (note_id,note_type_id,user_ref,content) VALUES (753,0,'jpilla','Salins-les-Bains (Jura, ch.-l. cant.).');
INSERT INTO note (note_id,note_type_id,user_ref,content) VALUES (754,0,'jpilla','Avesches (Jura, comm. Salins).');
INSERT INTO note (note_id,note_type_id,user_ref,content) VALUES (755,0,'jpilla','La fête de la Naissance de la Vierge est célébrée le 8 septembre («  Notre Dame septembresche  »).');
INSERT INTO note (note_id,note_type_id,user_ref,content) VALUES (756,0,'jpilla','La fête de la Naissance de la Vierge est célébrée le 8 septembre («  Notre Dame septembresche  »).');
INSERT INTO note (note_id,note_type_id,user_ref,content) VALUES (757,0,'jpilla','Les estévenants, monnaie de l’archevêque de Besançon, tirent leur nom du bras reliquaire de saint Étienne qui y était représenté.');
INSERT INTO note (note_id,note_type_id,user_ref,content) VALUES (758,0,'jpilla','Le roi de France Philippe le Bel exerçait alors, de façon assez énergique, le bail de la Comté. Les institutions comtoises fonctionnent donc en son nom.');
INSERT INTO note (note_id,note_type_id,user_ref,content) VALUES (759,0,'jpilla','Le nom est graphié «  Walguet  » dans l’autre acte de 1296 présenté sur le site ; on pourrait aussi transcrire «  Walgnet  » ou, plus vraisemblablement, «  Wargnet  ».');
------------------------------------------
------------------------------------------
INSERT INTO transcriptionHasNote (transcription_id,note_id,ptr_start,ptr_end) VALUES (70,750,216,221);
INSERT INTO transcriptionHasNote (transcription_id,note_id,ptr_start,ptr_end) VALUES (70,751,429,433);
INSERT INTO transcriptionHasNote (transcription_id,note_id,ptr_start,ptr_end) VALUES (70,752,435,473);
INSERT INTO transcriptionHasNote (transcription_id,note_id,ptr_start,ptr_end) VALUES (70,753,509,515);
INSERT INTO transcriptionHasNote (transcription_id,note_id,ptr_start,ptr_end) VALUES (70,754,752,759);
INSERT INTO transcriptionHasNote (transcription_id,note_id,ptr_start,ptr_end) VALUES (70,755,1241,1269);
INSERT INTO transcriptionHasNote (transcription_id,note_id,ptr_start,ptr_end) VALUES (70,756,1276,1278);
INSERT INTO transcriptionHasNote (transcription_id,note_id,ptr_start,ptr_end) VALUES (70,757,1366,1385);
INSERT INTO transcriptionHasNote (transcription_id,note_id,ptr_start,ptr_end) VALUES (70,758,2650,2672);
INSERT INTO transcriptionHasNote (transcription_id,note_id,ptr_start,ptr_end) VALUES (70,759,3364,3371);
------------------------------------------
--========================================
INSERT INTO note (note_id,note_type_id,user_ref,content) VALUES (760,0,'jpilla','L’indiction 2e correspond bien à la plus grande partie de l’année 1304.');
INSERT INTO note (note_id,note_type_id,user_ref,content) VALUES (761,0,'jpilla','Geoffroy de Lincel, évêque de Gap de 1289 à 1314.');
INSERT INTO note (note_id,note_type_id,user_ref,content) VALUES (762,0,'jpilla','Gap (Hautes-Alpes, ch.-l. dép.).');
INSERT INTO note (note_id,note_type_id,user_ref,content) VALUES (763,0,'jpilla','Saint-Julien-en-Beauchêne (Hautes-Alpes, cant. Aspres-sur-Buëch).');
INSERT INTO note (note_id,note_type_id,user_ref,content) VALUES (764,0,'jpilla','Saint-Julien-en-Beauchêne (Hautes-Alpes, cant. Aspres-sur-Buëch).');
INSERT INTO note (note_id,note_type_id,user_ref,content) VALUES (765,0,'jpilla','La procuration est un droit de gîte, acquitté en nature et/ou en espèces, dû à l’évêque ou à son représentant lorsqu’il parcourt le diocèse dans l’exercice de ses fonctions (ici pour une visite pastorale).');
INSERT INTO note (note_id,note_type_id,user_ref,content) VALUES (766,0,'jpilla','Martin Lunel, prieur de Durbon en 1296-1299 et à nouveau quelques mois en 1304.');
INSERT INTO note (note_id,note_type_id,user_ref,content) VALUES (767,0,'jpilla','Durbon : chartreuse au diocèse de Gap (comm. Saint-Julien-en-Beauchêne).');
INSERT INTO note (note_id,note_type_id,user_ref,content) VALUES (768,0,'jpilla','Le signe d’insertion # a été placé après coup par le scribe, qui a inscrit en fin d’acte, sur la dernière ligne, un passage omis, à insérer ici.');
INSERT INTO note (note_id,note_type_id,user_ref,content) VALUES (769,0,'jpilla','Le terme de "préjudice" n’est pas choisi au hasard ; il renvoie aux "lettres de non-préjudice", courantes depuis la fin du XIIIe siècle et qui précisent qu’une mesure ponctuelle ayant pu empiéter sur les droits du destinataire ne saurait créer un précédent qui lui ferait tort.');
INSERT INTO note (note_id,note_type_id,user_ref,content) VALUES (770,0,'jpilla','Le Labéoux, devenu auj. «  la Béoux  », torrent, affluent du Petit Buëch, traversant les communes de La Cluse, Montmaur et Veynes (Hautes-Alpes).');
INSERT INTO note (note_id,note_type_id,user_ref,content) VALUES (771,0,'jpilla','Brunsel (comm. Montmaur).');
INSERT INTO note (note_id,note_type_id,user_ref,content) VALUES (772,0,'jpilla','Qualificatif savant, d’empreinte romaine, des praticiens du droit, passés par les écoles, mais en principe sans le doctorat.');
------------------------------------------
INSERT INTO note (note_id,note_type_id,user_ref,content) VALUES (773,0,'jpilla','L’indiction 2e correspond bien à la plus grande partie de l’année 1304.');
INSERT INTO note (note_id,note_type_id,user_ref,content) VALUES (774,0,'jpilla','Geoffroy de Lincel, évêque de Gap de 1289 à 1314.');
INSERT INTO note (note_id,note_type_id,user_ref,content) VALUES (775,0,'jpilla','Gap (Hautes-Alpes, ch.-l. dép.).');
INSERT INTO note (note_id,note_type_id,user_ref,content) VALUES (776,0,'jpilla','Saint-Julien-en-Beauchêne (Hautes-Alpes, cant. Aspres-sur-Buëch).');
INSERT INTO note (note_id,note_type_id,user_ref,content) VALUES (777,0,'jpilla','Saint-Julien-en-Beauchêne (Hautes-Alpes, cant. Aspres-sur-Buëch).');
INSERT INTO note (note_id,note_type_id,user_ref,content) VALUES (778,0,'jpilla','La procuration est un droit de gîte, acquitté en nature et/ou en espèces, dû à l’évêque ou à son représentant lorsqu’il parcourt le diocèse dans l’exercice de ses fonctions (ici pour une visite pastorale).');
INSERT INTO note (note_id,note_type_id,user_ref,content) VALUES (779,0,'jpilla','Martin Lunel, prieur de Durbon en 1296-1299 et à nouveau quelques mois en 1304.');
INSERT INTO note (note_id,note_type_id,user_ref,content) VALUES (780,0,'jpilla','Durbon : chartreuse au diocèse de Gap (comm. Saint-Julien-en-Beauchêne).');
INSERT INTO note (note_id,note_type_id,user_ref,content) VALUES (781,0,'jpilla','Le terme de "préjudice" n’est pas choisi au hasard ; il renvoie aux "lettres de non-préjudice", courantes depuis la fin du XIIIe siècle et qui précisent qu’une mesure ponctuelle ayant pu empiéter sur les droits du destinataire ne saurait créer un précédent qui lui ferait tort.');
INSERT INTO note (note_id,note_type_id,user_ref,content) VALUES (782,0,'jpilla','Le Labéoux, devenu auj. «  la Béoux  », torrent, affluent du Petit Buëch, traversant les communes de La Cluse, Montmaur et Veynes (Hautes-Alpes).');
INSERT INTO note (note_id,note_type_id,user_ref,content) VALUES (783,0,'jpilla','Brunsel (comm. Montmaur).');
INSERT INTO note (note_id,note_type_id,user_ref,content) VALUES (784,0,'jpilla','Qualificatif savant, d’empreinte romaine, des praticiens du droit, passés par les écoles, mais en principe sans le doctorat.');
------------------------------------------
INSERT INTO transcriptionHasNote (transcription_id,note_id,ptr_start,ptr_end) VALUES (71,760,109,154);
INSERT INTO transcriptionHasNote (transcription_id,note_id,ptr_start,ptr_end) VALUES (71,761,294,303);
INSERT INTO transcriptionHasNote (transcription_id,note_id,ptr_start,ptr_end) VALUES (71,762,350,370);
INSERT INTO transcriptionHasNote (transcription_id,note_id,ptr_start,ptr_end) VALUES (71,763,472,497);
INSERT INTO transcriptionHasNote (transcription_id,note_id,ptr_start,ptr_end) VALUES (71,764,504,524);
INSERT INTO transcriptionHasNote (transcription_id,note_id,ptr_start,ptr_end) VALUES (71,765,693,715);
INSERT INTO transcriptionHasNote (transcription_id,note_id,ptr_start,ptr_end) VALUES (71,766,761,769);
INSERT INTO transcriptionHasNote (transcription_id,note_id,ptr_start,ptr_end) VALUES (71,767,797,804);
INSERT INTO transcriptionHasNote (transcription_id,note_id,ptr_start,ptr_end) VALUES (71,768,3930,3931);
INSERT INTO transcriptionHasNote (transcription_id,note_id,ptr_start,ptr_end) VALUES (71,769,3938,3949);
INSERT INTO transcriptionHasNote (transcription_id,note_id,ptr_start,ptr_end) VALUES (71,770,4184,4190);
INSERT INTO transcriptionHasNote (transcription_id,note_id,ptr_start,ptr_end) VALUES (71,771,4215,4225);
INSERT INTO transcriptionHasNote (transcription_id,note_id,ptr_start,ptr_end) VALUES (71,772,4342,4372);
------------------------------------------
INSERT INTO translationHasNote (translation_id,note_id,ptr_start,ptr_end) VALUES (71,773,100,118);
INSERT INTO translationHasNote (translation_id,note_id,ptr_start,ptr_end) VALUES (71,774,226,234);
INSERT INTO translationHasNote (translation_id,note_id,ptr_start,ptr_end) VALUES (71,775,273,276);
INSERT INTO translationHasNote (translation_id,note_id,ptr_start,ptr_end) VALUES (71,776,355,371);
INSERT INTO translationHasNote (translation_id,note_id,ptr_start,ptr_end) VALUES (71,777,378,387);
INSERT INTO translationHasNote (translation_id,note_id,ptr_start,ptr_end) VALUES (71,778,488,499);
INSERT INTO translationHasNote (translation_id,note_id,ptr_start,ptr_end) VALUES (71,779,561,567);
INSERT INTO translationHasNote (translation_id,note_id,ptr_start,ptr_end) VALUES (71,780,598,604);
INSERT INTO translationHasNote (translation_id,note_id,ptr_start,ptr_end) VALUES (71,781,2851,2860);
INSERT INTO translationHasNote (translation_id,note_id,ptr_start,ptr_end) VALUES (71,782,3135,3140);
INSERT INTO translationHasNote (translation_id,note_id,ptr_start,ptr_end) VALUES (71,783,3170,3177);
INSERT INTO translationHasNote (translation_id,note_id,ptr_start,ptr_end) VALUES (71,784,3275,3282);
--========================================
INSERT INTO note (note_id,note_type_id,user_ref,content) VALUES (785,0,'jpilla','Les "tournois petits" sont des deniers tournois "tout court", deniers d’origine, ainsi dénommés lorsque l’on veut ôter tout rique de confusion avec les doubles tournois et les gros tournois.');
INSERT INTO note (note_id,note_type_id,user_ref,content) VALUES (786,0,'jpilla','Villefranche-de-Rouergue, Aveyron, ch.-l. arr.');
INSERT INTO note (note_id,note_type_id,user_ref,content) VALUES (787,0,'jpilla','Villeneuve, Aveyron, ch.-l. cant.');
INSERT INTO note (note_id,note_type_id,user_ref,content) VALUES (788,0,'jpilla','Cette double expression, non encore figée, désigne les taxes perçues par le roi au titre des "francs-fiefs et nouveaux acquêts", soit (a) des fiefs nobles acquis par des non-nobles, et (b) des biens tombés en mainmorte ecclésiastique. Ces impositions royales étaient présentées comme compensatoires des pertes de (a) service armé, (b) droits de mutation, que (a) le non-noble n’allait pas rendre, (b) le propriétaire ecclésiastique institutionnel n’aurait plus jamais à verser. Elles étaient levées après de minutieuses enquêtes faites sur les mouvements de patrimoine.');
INSERT INTO note (note_id,note_type_id,user_ref,content) VALUES (789,0,'jpilla','Pierre de La Palud, seigneur de Varambon (Ain, cant. Pont-d’Ain), attesté comme sénéchal de Toulouse et d’Albigeois de 1338 à 1342, fut nommé en août 1339 aux fonctions de lieutenant du roi en Languedoc, avec le titre de " capitaine et gouverneur général " ; à compter d’août 1340, il exerça cette charge conjointement à d’autres délégués du roi (Gallia regia, t. III, n° 13660-13661, et t. V, n° 21389).');
INSERT INTO note (note_id,note_type_id,user_ref,content) VALUES (790,0,'jpilla','Le mot "taxatas" signifie qu’un montant, un taux a été fixé, et en même temps attribué par un supérieur (la famille étymologique a donné en français ausssi bien "taxe" que "taux").');
INSERT INTO note (note_id,note_type_id,user_ref,content) VALUES (791,0,'jpilla','D’après le contexte, la "taxatio"semble désigner ici l’acte par lequel les commissaires délégués en Rouergue ont fixé le montant dû au notaire, en se référant au taux d’indemnité journalière fixé dans un acte du capitaine-gouverneur.');
------------------------------------------
INSERT INTO note (note_id,note_type_id,user_ref,content) VALUES (792,0,'jpilla','Les "tournois petits" sont des deniers tournois "tout court", deniers d’origine, ainsi dénommés lorsque l’on veut ôter tout rique de confusion avec les doubles tournois et les gros tournois.');
INSERT INTO note (note_id,note_type_id,user_ref,content) VALUES (793,0,'jpilla','Villefranche-de-Rouergue, Aveyron, ch.-l. arr.');
INSERT INTO note (note_id,note_type_id,user_ref,content) VALUES (794,0,'jpilla','Villeneuve, Aveyron, ch.-l. cant.');
INSERT INTO note (note_id,note_type_id,user_ref,content) VALUES (795,0,'jpilla','Cette double expression, non encore figée, désigne les taxes perçues par le roi au titre des "francs-fiefs et nouveaux acquêts", soit (a) des fiefs nobles acquis par des non-nobles, et (b) des biens tombés en mainmorte ecclésiastique. Ces impositions royales étaient présentées comme compensatoires des pertes de (a) service armé, (b) droits de mutation, que (a) le non-noble n’allait pas rendre, (b) le propriétaire ecclésiastique institutionnel n’aurait plus jamais à verser. Elles étaient levées après de minutieuses enquêtes faites sur les mouvements de patrimoine.');
INSERT INTO note (note_id,note_type_id,user_ref,content) VALUES (796,0,'jpilla','Pierre de La Palud, seigneur de Varambon (Ain, cant. Pont-d’Ain), attesté comme sénéchal de Toulouse et d’Albigeois de 1338 à 1342, fut nommé en août 1339 aux fonctions de lieutenant du roi en Languedoc, avec le titre de " capitaine et gouverneur général " ; à compter d’août 1340, il exerça cette charge conjointement à d’autres délégués du roi (Gallia regia, t. III, n° 13660-13661, et t. V, n° 21389).');
INSERT INTO note (note_id,note_type_id,user_ref,content) VALUES (797,0,'jpilla','Le mot "taxatas" signifie qu’un montant, un taux a été fixé, et en même temps attribué par un supérieur (la famille étymologique a donné en français ausssi bien "taxe" que "taux").');
INSERT INTO note (note_id,note_type_id,user_ref,content) VALUES (798,0,'jpilla','D’après le contexte, la "taxatio"semble désigner ici l’acte par lequel les commissaires délégués en Rouergue ont fixé le montant dû au notaire, en se référant au taux d’indemnité journalière fixé dans un acte du capitaine-gouverneur.');
------------------------------------------
INSERT INTO transcriptionHasNote (transcription_id,note_id,ptr_start,ptr_end) VALUES (72,785,349,396);
INSERT INTO transcriptionHasNote (transcription_id,note_id,ptr_start,ptr_end) VALUES (72,786,655,668);
INSERT INTO transcriptionHasNote (transcription_id,note_id,ptr_start,ptr_end) VALUES (72,787,695,705);
INSERT INTO transcriptionHasNote (transcription_id,note_id,ptr_start,ptr_end) VALUES (72,788,718,735);
INSERT INTO transcriptionHasNote (transcription_id,note_id,ptr_start,ptr_end) VALUES (72,789,1438,1463);
INSERT INTO transcriptionHasNote (transcription_id,note_id,ptr_start,ptr_end) VALUES (72,790,2025,2041);
INSERT INTO transcriptionHasNote (transcription_id,note_id,ptr_start,ptr_end) VALUES (72,791,2175,2202);
------------------------------------------
INSERT INTO translationHasNote (translation_id,note_id,ptr_start,ptr_end) VALUES (72,792,238,253);
INSERT INTO translationHasNote (translation_id,note_id,ptr_start,ptr_end) VALUES (72,793,411,423);
INSERT INTO translationHasNote (translation_id,note_id,ptr_start,ptr_end) VALUES (72,794,446,456);
INSERT INTO translationHasNote (translation_id,note_id,ptr_start,ptr_end) VALUES (72,795,472,479);
INSERT INTO translationHasNote (translation_id,note_id,ptr_start,ptr_end) VALUES (72,796,879,897);
INSERT INTO translationHasNote (translation_id,note_id,ptr_start,ptr_end) VALUES (72,797,1073,1079);
INSERT INTO translationHasNote (translation_id,note_id,ptr_start,ptr_end) VALUES (72,798,1244,1252);
--========================================
INSERT INTO note (note_id,note_type_id,user_ref,content) VALUES (799,0,'jpilla','Nunyo Sanche (Nunó Sanç en catalan), seigneur de Roussillon (1213 ?-1241/1242), cousin germain de Blanche de Castille, était issu d’une branche cadette des comtes de Barcelone. Il était vassal du roi d’Aragon pour le Roussillon, le Conflent, la Cerdagne et le Vallespir.');
INSERT INTO note (note_id,note_type_id,user_ref,content) VALUES (800,0,'jpilla','Jacques (Jaume) Ier le Conquérant, roi d’Aragon (1213-1276), reprit les Baléares (1229-1235) et Valence (1238) sur les Sarrazins.');
INSERT INTO note (note_id,note_type_id,user_ref,content) VALUES (801,0,'jpilla','Lorsque Jacques Ier, en 1228, proposa à ses vassaux d’aller reconquérir les Baléares, il fut décidé que les conquêtes seraient partagées entre les vainqueurs, qui les tiendraient en fief du roi, par l’entremise d’une commission où siégeait Nunyo Sanche. Lui-même obtint entre autres une partie de la ville de Majorque, tombée le 31 décembre 1229. C’est apparemment sur ces possessions urbaines (si importantes qu’il laissa un bailli pour les administrer) que porte l’acte, qui permet au roi d’Aragon d’affermir son contrôle sur les possessions de son cousin.');
INSERT INTO note (note_id,note_type_id,user_ref,content) VALUES (802,0,'jpilla','Castello d’Empuries ou plutôt Castello de la Plana, si l’on admet que le roi Jacques Ier, qui séjournait alors dans la région de Valence, n’aurait pas manqué d’assister à un acte aussi important, argument qui se heurte au fait que le roi n’est pas cité parmi les témoins, alors que certains de ses proches y sont.');
INSERT INTO note (note_id,note_type_id,user_ref,content) VALUES (803,0,'jpilla','G. et Bernardus de Pavo rappellent le nom de Bernat de Pau (localité catalane, Alt Empordà), vassal de Nunyo, qui obtint un fief à Majorque en 1229, et de Guillem de Pau, mentionné à deux reprises en 1243 et 1265.');
INSERT INTO note (note_id,note_type_id,user_ref,content) VALUES (804,0,'jpilla','Le nom est peut-être à rapprocher de celui de la famille d’Olcet (un certain Bernard Olcet est mentionné en 1243), ou plutôt d’un F. Salzet/Solzet qui souscrit d’autres actes de Nunyo.');
INSERT INTO note (note_id,note_type_id,user_ref,content) VALUES (805,0,'jpilla','Rotllan Lain ou Lainez est fréquemment attesté comme témoin à la cour de Jacques Ier. Peut-être avec Arnaud de Verneto constituait-il l’« ambassade » envoyée par ce dernier à son cousin pour lui demander l’acte.');
INSERT INTO note (note_id,note_type_id,user_ref,content) VALUES (806,0,'jpilla','Garsia Reboster (sobriquet signifiant à l’origine « intendant pour les vivres et provisions ») apparaît ailleurs dans l’entourage de Nunyo.');
INSERT INTO note (note_id,note_type_id,user_ref,content) VALUES (807,0,'jpilla','Il existe plusieurs famille de Verneto (et au moins deux localités du nom de Vernet, en Conflent et près de Perpignan). Arnau de Vernet, d’après la fréquence des mentions dans les actes du roi, semble faire partie de l’entourage de Jacques Ier.');
INSERT INTO note (note_id,note_type_id,user_ref,content) VALUES (808,0,'jpilla','Joan Royz est peut-être apparenté à Cascalla Royz, « noble baron de Castille » d’après B. Alart, et qui est mentionné avec Arnau de Vernet à Majorque.');
INSERT INTO note (note_id,note_type_id,user_ref,content) VALUES (809,0,'jpilla','Ramon Carles est un scribe souvent cité de Nunyo Sanche : il apparaît dès 1237 et c’est lui qui écrit le  testament de Nunyo en 1241. Il était aussi notaire public de Perpignan.');
INSERT INTO note (note_id,note_type_id,user_ref,content) VALUES (810,0,'jpilla','Maître Joan, notaire, est responsable de la mise en forme des actes de Nunyo Sanche dès 1233 ; il semble toutefois avoir connu un moment sans activité entre 1237 et 1240.');
------------------------------------------
INSERT INTO note (note_id,note_type_id,user_ref,content) VALUES (811,0,'jpilla','Nunyo Sanche (Nunó Sanç en catalan), seigneur de Roussillon (1213 ?-1241/1242), cousin germain de Blanche de Castille, était issu d’une branche cadette des comtes de Barcelone. Il était vassal du roi d’Aragon pour le Roussillon, le Conflent, la Cerdagne et le Vallespir.');
INSERT INTO note (note_id,note_type_id,user_ref,content) VALUES (812,0,'jpilla','Jacques (Jaume) Ier le Conquérant, roi d’Aragon (1213-1276), reprit les Baléares (1229-1235) et  Valence (1238) sur les Sarrazins.');
INSERT INTO note (note_id,note_type_id,user_ref,content) VALUES (813,0,'jpilla','Lorsque Jacques Ier, en 1228, proposa à ses vassaux d’aller reconquérir les Baléares, il fut décidé que les conquêtes seraient partagées entre les vainqueurs, qui les tiendraient en fief du roi, par l’entremise d’une commission où siégeait Nunyo Sanche. Lui-même obtint entre autres une partie de la ville de Majorque, tombée le 31 décembre 1229. C’est apparemment sur ces possessions urbaines (si importantes qu’il laissa un bailli pour les administrer) que porte l’acte, qui permet au roi d’Aragon d’affermir son contrôle sur les possessions de son cousin.');
INSERT INTO note (note_id,note_type_id,user_ref,content) VALUES (814,0,'jpilla','Castello d’Empuries ou plutôt Castello de la Plana, si l’on admet que le roi Jacques Ier, qui séjournait alors dans la région de Valence, n’aurait pas manqué d’assister à un acte aussi important, argument qui se heurte au fait que le roi n’est pas cité parmi les témoins, alors que certains de ses proches y sont.');
INSERT INTO note (note_id,note_type_id,user_ref,content) VALUES (815,0,'jpilla','G. et Bernardus de Pavo rappellent le nom de Bernat de Pau (localité catalane, Alt Empordà), vassal de Nunyo, qui obtint un fief à Majorque en 1229, et de Guillem de Pau, mentionné à deux reprises en 1243 et 1265.');
INSERT INTO note (note_id,note_type_id,user_ref,content) VALUES (816,0,'jpilla','Le nom est peut-être à rapprocher de celui de la famille d’Olcet (un certain Bernard Olcet est mentionné en 1243), ou plutôt d’un F. Salzet/Solzet qui souscrit d’autres actes de Nunyo.');
INSERT INTO note (note_id,note_type_id,user_ref,content) VALUES (817,0,'jpilla','Rotllan Lain ou Lainez est fréquemment attesté comme témoin à la cour de Jacques Ier. Peut-être avec Arnaud de Verneto constituait-il l’« ambassade » envoyée par ce dernier à son cousin pour lui demander l’acte.');
INSERT INTO note (note_id,note_type_id,user_ref,content) VALUES (818,0,'jpilla','Garsia Reboster (sobriquet signifiant à l’origine « intendant pour les vivres et provisions ») apparaît ailleurs dans l’entourage de Nunyo.');
INSERT INTO note (note_id,note_type_id,user_ref,content) VALUES (819,0,'jpilla','Il existe plusieurs famille de Verneto (et au moins deux localités du nom de Vernet, en Conflent et près de Perpignan). Arnau de Vernet, d’après la fréquence des mentions dans les actes du roi, semble faire partie de l’entourage de Jacques Ier.');
INSERT INTO note (note_id,note_type_id,user_ref,content) VALUES (820,0,'jpilla','Joan Royz est peut-être apparenté à Cascalla Royz, « noble baron de Castille » d’après B. Alart, et qui est mentionné avec Arnau de Vernet à Majorque.');
INSERT INTO note (note_id,note_type_id,user_ref,content) VALUES (821,0,'jpilla','Ramon Carles est un scribe souvent cité de Nunyo Sanche : il apparaît dès 1237 et c’est lui qui écrit le  testament de Nunyo en 1241. Il était aussi notaire public de Perpignan.');
INSERT INTO note (note_id,note_type_id,user_ref,content) VALUES (822,0,'jpilla','Maître Joan, notaire, est responsable de la mise en forme des actes de Nunyo Sanche dès 1233 ; il semble toutefois avoir connu un moment sans activité entre 1237 et 1240.');
------------------------------------------
INSERT INTO transcriptionHasNote (transcription_id,note_id,ptr_start,ptr_end) VALUES (73,799,35,48);
INSERT INTO transcriptionHasNote (transcription_id,note_id,ptr_start,ptr_end) VALUES (73,800,205,211);
INSERT INTO transcriptionHasNote (transcription_id,note_id,ptr_start,ptr_end) VALUES (73,801,430,441);
INSERT INTO transcriptionHasNote (transcription_id,note_id,ptr_start,ptr_end) VALUES (73,802,732,743);
INSERT INTO transcriptionHasNote (transcription_id,note_id,ptr_start,ptr_end) VALUES (73,803,870,874);
INSERT INTO transcriptionHasNote (transcription_id,note_id,ptr_start,ptr_end) VALUES (73,804,891,897);
INSERT INTO transcriptionHasNote (transcription_id,note_id,ptr_start,ptr_end) VALUES (73,805,899,913);
INSERT INTO transcriptionHasNote (transcription_id,note_id,ptr_start,ptr_end) VALUES (73,806,939,954);
INSERT INTO transcriptionHasNote (transcription_id,note_id,ptr_start,ptr_end) VALUES (73,807,956,977);
INSERT INTO transcriptionHasNote (transcription_id,note_id,ptr_start,ptr_end) VALUES (73,808,985,998);
INSERT INTO transcriptionHasNote (transcription_id,note_id,ptr_start,ptr_end) VALUES (73,809,1026,1042);
INSERT INTO transcriptionHasNote (transcription_id,note_id,ptr_start,ptr_end) VALUES (73,810,1083,1100);
------------------------------------------
INSERT INTO translationHasNote (translation_id,note_id,ptr_start,ptr_end) VALUES (73,811,38,50);
INSERT INTO translationHasNote (translation_id,note_id,ptr_start,ptr_end) VALUES (73,812,239,246);
INSERT INTO translationHasNote (translation_id,note_id,ptr_start,ptr_end) VALUES (73,813,504,512);
INSERT INTO translationHasNote (translation_id,note_id,ptr_start,ptr_end) VALUES (73,814,891,899);
INSERT INTO translationHasNote (translation_id,note_id,ptr_start,ptr_end) VALUES (73,815,1049,1052);
INSERT INTO translationHasNote (translation_id,note_id,ptr_start,ptr_end) VALUES (73,816,1065,1070);
INSERT INTO translationHasNote (translation_id,note_id,ptr_start,ptr_end) VALUES (73,817,1072,1084);
INSERT INTO translationHasNote (translation_id,note_id,ptr_start,ptr_end) VALUES (73,818,1107,1122);
INSERT INTO translationHasNote (translation_id,note_id,ptr_start,ptr_end) VALUES (73,819,1132,1138);
INSERT INTO translationHasNote (translation_id,note_id,ptr_start,ptr_end) VALUES (73,820,1146,1155);
INSERT INTO translationHasNote (translation_id,note_id,ptr_start,ptr_end) VALUES (73,821,1180,1192);
INSERT INTO translationHasNote (translation_id,note_id,ptr_start,ptr_end) VALUES (73,822,1248,1259);
--========================================
INSERT INTO note (note_id,note_type_id,user_ref,content) VALUES (823,0,'jpilla','Sauve (dép. Gard, ch.-l. cant.). Noter qu’Éléazar est aussi désigné par une filiation maternelle, ce qui est fréquent dans ce genre de documents.');
INSERT INTO note (note_id,note_type_id,user_ref,content) VALUES (824,0,'jpilla','Sœur de Guillaume VII, seigneur de Montpellier, elle est depuis 1145 attestée comme épouse de Bernard V Aton. Mère du futur Bernard VI Aton.');
INSERT INTO note (note_id,note_type_id,user_ref,content) VALUES (825,0,'jpilla','Bernard V Aton, frère de Raimond Trencavel, vicomte de Béziers, est lui-même vicomte de Nîmes et (à partir de 1150) d’Agde. Il meurt en 1159.');
INSERT INTO note (note_id,note_type_id,user_ref,content) VALUES (826,0,'jpilla','Fort probablement, l’amphithéâtre romain des arènes de Nîmes, fortifié, siège du pouvoir vicomtal.');
INSERT INTO note (note_id,note_type_id,user_ref,content) VALUES (827,0,'jpilla','Bernis (Gard, cant. Vauvert).');
INSERT INTO note (note_id,note_type_id,user_ref,content) VALUES (828,0,'jpilla','Enclise pour “o vos” (“le château vous enlevait ou vous en enlevait [une partie]”).');
INSERT INTO note (note_id,note_type_id,user_ref,content) VALUES (829,0,'jpilla','Sans doute Brouzet-lès-Quissac (Gard, cant. Quissac).');
INSERT INTO note (note_id,note_type_id,user_ref,content) VALUES (830,0,'jpilla','Vézénobres (dép. Gard, ch.-l. cant.).');
INSERT INTO note (note_id,note_type_id,user_ref,content) VALUES (831,0,'jpilla','Sans doute La Calmette (Gard, cant. Saint-Chaptes).');
INSERT INTO note (note_id,note_type_id,user_ref,content) VALUES (832,0,'jpilla','Langlade (Gard, cant. Sommières).');
INSERT INTO note (note_id,note_type_id,user_ref,content) VALUES (833,0,'jpilla','Clarensac (dép. Gard, cant. Saint-Mamert-du-Gard).');
------------------------------------------
INSERT INTO note (note_id,note_type_id,user_ref,content) VALUES (834,0,'jpilla','Sauve (dép. Gard, ch.-l. cant.). Noter qu’Éléazar est aussi désigné par une filiation maternelle, ce qui est fréquent dans ce genre de documents.');
INSERT INTO note (note_id,note_type_id,user_ref,content) VALUES (835,0,'jpilla','Sœur de Guillaume VII, seigneur de Montpellier, elle est depuis 1145 attestée comme épouse de Bernard V Aton. Mère du futur Bernard VI Aton.');
INSERT INTO note (note_id,note_type_id,user_ref,content) VALUES (836,0,'jpilla','Bernard V Aton, frère de Raimond Trencavel, vicomte de Béziers, est lui-même vicomte de Nîmes et (à partir de 1150) d’Agde. Il meurt en 1159.');
INSERT INTO note (note_id,note_type_id,user_ref,content) VALUES (837,0,'jpilla','Fort probablement, l’amphithéâtre romain des arènes de Nîmes, fortifié, siège du pouvoir vicomtal.');
INSERT INTO note (note_id,note_type_id,user_ref,content) VALUES (838,0,'jpilla','Bernis (Gard, cant. Vauvert).');
INSERT INTO note (note_id,note_type_id,user_ref,content) VALUES (839,0,'jpilla','Sans doute Brouzet-lès-Quissac (Gard, cant. Quissac).');
INSERT INTO note (note_id,note_type_id,user_ref,content) VALUES (840,0,'jpilla','Vézénobres (dép. Gard, ch.-l. cant.).');
INSERT INTO note (note_id,note_type_id,user_ref,content) VALUES (841,0,'jpilla','Calmis');
INSERT INTO note (note_id,note_type_id,user_ref,content) VALUES (842,0,'jpilla','Langlade (Gard, cant. Sommières).');
INSERT INTO note (note_id,note_type_id,user_ref,content) VALUES (843,0,'jpilla','Clarensac (dép. Gard, cant. Saint-Mamert-du-Gard).');
------------------------------------------
INSERT INTO transcriptionHasNote (transcription_id,note_id,ptr_start,ptr_end) VALUES (74,823,43,48);
INSERT INTO transcriptionHasNote (transcription_id,note_id,ptr_start,ptr_end) VALUES (74,824,81,103);
INSERT INTO transcriptionHasNote (transcription_id,note_id,ptr_start,ptr_end) VALUES (74,825,130,143);
INSERT INTO transcriptionHasNote (transcription_id,note_id,ptr_start,ptr_end) VALUES (74,826,198,203);
INSERT INTO transcriptionHasNote (transcription_id,note_id,ptr_start,ptr_end) VALUES (74,827,298,304);
INSERT INTO transcriptionHasNote (transcription_id,note_id,ptr_start,ptr_end) VALUES (74,828,495,498);
INSERT INTO transcriptionHasNote (transcription_id,note_id,ptr_start,ptr_end) VALUES (74,829,944,951);
INSERT INTO transcriptionHasNote (transcription_id,note_id,ptr_start,ptr_end) VALUES (74,830,985,995);
INSERT INTO transcriptionHasNote (transcription_id,note_id,ptr_start,ptr_end) VALUES (74,831,1167,1173);
INSERT INTO transcriptionHasNote (transcription_id,note_id,ptr_start,ptr_end) VALUES (74,832,1206,1213);
INSERT INTO transcriptionHasNote (transcription_id,note_id,ptr_start,ptr_end) VALUES (74,833,1273,1284);
------------------------------------------
INSERT INTO translationHasNote (translation_id,note_id,ptr_start,ptr_end) VALUES (74,834,43,48);
INSERT INTO translationHasNote (translation_id,note_id,ptr_start,ptr_end) VALUES (74,835,81,104);
INSERT INTO translationHasNote (translation_id,note_id,ptr_start,ptr_end) VALUES (74,836,131,143);
INSERT INTO translationHasNote (translation_id,note_id,ptr_start,ptr_end) VALUES (74,837,203,209);
INSERT INTO translationHasNote (translation_id,note_id,ptr_start,ptr_end) VALUES (74,838,342,348);
INSERT INTO translationHasNote (translation_id,note_id,ptr_start,ptr_end) VALUES (74,839,1014,1021);
INSERT INTO translationHasNote (translation_id,note_id,ptr_start,ptr_end) VALUES (74,840,1058,1068);
INSERT INTO translationHasNote (translation_id,note_id,ptr_start,ptr_end) VALUES (74,841,1254,1265);
INSERT INTO translationHasNote (translation_id,note_id,ptr_start,ptr_end) VALUES (74,842,1312,1320);
INSERT INTO translationHasNote (translation_id,note_id,ptr_start,ptr_end) VALUES (74,843,1382,1391);
--========================================
INSERT INTO note (note_id,note_type_id,user_ref,content) VALUES (844,0,'jpilla','Orne, ch.-l. cant.');
INSERT INTO note (note_id,note_type_id,user_ref,content) VALUES (845,0,'jpilla','Guillaume II Talvas comte de Ponthieu, a pris possession des domaines normands hérités de son père Robert de Bellême en 1119. Il meurt en 1171 après avoir cédé le Ponthieu à son fils Guy II, mais en ayant gardé ses terres normandes et le titre comtal, ce qui fixe le terminus ad quem de l’acte. Le terminus a quo peut être cherché du côté de la dédicace du prieuré de Sainte-Barbe par l’évêque de Sées, le 29 mai 1157.');
INSERT INTO note (note_id,note_type_id,user_ref,content) VALUES (846,0,'jpilla','Au sens anglo-normand, les forestiers ne sont pas seulement chargés des espaces boisés, mais de toutes les terres (essentiellement mais pas exclusivement non cultivées) mises hors de l’usage commun au profit du seigneur.');
INSERT INTO note (note_id,note_type_id,user_ref,content) VALUES (847,0,'jpilla','Almenêches, Orne, cant. Mortré.');
INSERT INTO note (note_id,note_type_id,user_ref,content) VALUES (848,0,'jpilla','Sainte-Barbe-en-Auge, prieuré d’augustins à Écajeul (Calvados, cant. Mézidon-Canon, comm. Le Mesnil-Mauger).');
INSERT INTO note (note_id,note_type_id,user_ref,content) VALUES (849,0,'jpilla','La Cochère, Orne, cant. Exmes. Le qualificatif Salta encore accolé au toponyme renvoie à un espace sauvage (saltus), exploité pour la cueillette, le pâturage (herbagium), la paisson des porcs (pasnagium).');
INSERT INTO note (note_id,note_type_id,user_ref,content) VALUES (850,0,'jpilla','Robertus de Nulleio/Nullaio est un témoin fréquent des chartes du comte Guillaume.');
INSERT INTO note (note_id,note_type_id,user_ref,content) VALUES (851,0,'jpilla','Paganus de Mesdavid/Mesdavi/Mesdavit/Mansodavid apparaît souvent dans les chartes du comte Guillaume.');
------------------------------------------
INSERT INTO note (note_id,note_type_id,user_ref,content) VALUES (852,0,'jpilla','Guillaume II Talvas comte de Ponthieu, a pris possession des domaines normands hérités de son père Robert de Bellême en 1119. Il meurt en 1171 après avoir cédé le Ponthieu à son fils Guy II, mais en ayant gardé ses terres normandes et le titre comtal, ce qui fixe le terminus ad quem de l’acte. Le terminus a quo peut être cherché du côté de la dédicace du prieuré de Sainte-Barbe par l’évêque de Sées, le 29 mai 1157.');
INSERT INTO note (note_id,note_type_id,user_ref,content) VALUES (853,0,'jpilla','Au sens anglo-normand, les forestiers ne sont pas seulement chargés des espaces boisés, mais de toutes les terres (essentiellement mais pas exclusivement non cultivées) mises hors de l’usage commun au profit du seigneur.');
INSERT INTO note (note_id,note_type_id,user_ref,content) VALUES (854,0,'jpilla','Almenêches, Orne, cant. Mortré.');
INSERT INTO note (note_id,note_type_id,user_ref,content) VALUES (855,0,'jpilla','Sainte-Barbe-en-Auge, prieuré d’augustins à Écajeul (Calvados, cant. Mézidon-Canon, comm. Le Mesnil-Mauger).');
INSERT INTO note (note_id,note_type_id,user_ref,content) VALUES (856,0,'jpilla','La Cochère, Orne, cant. Exmes. Le qualificatif Salta encore accolé au toponyme renvoie à un espace sauvage (saltus), exploité pour la cueillette, le pâturage (herbagium), la paisson des porcs (pasnagium).');
INSERT INTO note (note_id,note_type_id,user_ref,content) VALUES (857,0,'jpilla','Robertus de Nulleio/Nullaio est un témoin fréquent des chartes du comte Guillaume.');
INSERT INTO note (note_id,note_type_id,user_ref,content) VALUES (858,0,'jpilla','Paganus de Mesdavid/Mesdavi/Mesdavit/Mansodavid apparaît souvent dans les chartes du comte Guillaume.');
------------------------------------------
INSERT INTO transcriptionHasNote (transcription_id,note_id,ptr_start,ptr_end) VALUES (75,844,131,136);
INSERT INTO transcriptionHasNote (transcription_id,note_id,ptr_start,ptr_end) VALUES (75,845,669,678);
INSERT INTO transcriptionHasNote (transcription_id,note_id,ptr_start,ptr_end) VALUES (75,846,711,722);
INSERT INTO transcriptionHasNote (transcription_id,note_id,ptr_start,ptr_end) VALUES (75,847,731,741);
INSERT INTO transcriptionHasNote (transcription_id,note_id,ptr_start,ptr_end) VALUES (75,848,790,804);
INSERT INTO transcriptionHasNote (transcription_id,note_id,ptr_start,ptr_end) VALUES (75,849,814,828);
INSERT INTO transcriptionHasNote (transcription_id,note_id,ptr_start,ptr_end) VALUES (75,850,1183,1202);
INSERT INTO transcriptionHasNote (transcription_id,note_id,ptr_start,ptr_end) VALUES (75,851,1231,1251);
------------------------------------------
INSERT INTO translationHasNote (translation_id,note_id,ptr_start,ptr_end) VALUES (75,852,3,12);
INSERT INTO translationHasNote (translation_id,note_id,ptr_start,ptr_end) VALUES (75,853,50,60);
INSERT INTO translationHasNote (translation_id,note_id,ptr_start,ptr_end) VALUES (75,854,63,73);
INSERT INTO translationHasNote (translation_id,note_id,ptr_start,ptr_end) VALUES (75,855,129,141);
INSERT INTO translationHasNote (translation_id,note_id,ptr_start,ptr_end) VALUES (75,856,154,164);
INSERT INTO translationHasNote (translation_id,note_id,ptr_start,ptr_end) VALUES (75,857,609,626);
INSERT INTO translationHasNote (translation_id,note_id,ptr_start,ptr_end) VALUES (75,858,652,670);
--========================================
INSERT INTO note (note_id,note_type_id,user_ref,content) VALUES (859,0,'jpilla','Elne (Pyrénées-Orientales, ch-l. cant.). Le diocèse couvrait le comté primitif de Roussillon, mais aussi le Conflent et une partie de la Cerdagne.');
INSERT INTO note (note_id,note_type_id,user_ref,content) VALUES (860,0,'jpilla','Mailloles, auj. dans la banlieue de Perpignan ; le nom évoque des terrains nouvellement plantés de vignes.');
INSERT INTO note (note_id,note_type_id,user_ref,content) VALUES (861,0,'jpilla','« Facta est carta » est l’incipit traditionnel de la date (« Datum est ») des chartes catalanes et plus largement ibériques  de même que « datum » a donné le mot “date”, « facta » a donné en castillan “fecha”.');
INSERT INTO note (note_id,note_type_id,user_ref,content) VALUES (862,0,'jpilla','Louis VI, roi de France (1108-1137). La concordance avec l’année 1116 implique que le rédacteur prend comme point de départ du règne, et sans erreur, la mort du roi Philippe Ier (29 juillet 1108), voire le sacre de Louis VI (3 août 1108), terme usuel à la chancellerie royale.');
INSERT INTO note (note_id,note_type_id,user_ref,content) VALUES (863,0,'jpilla','Le laudamentum/lods est fondamentalement une confirmation (souvent payante), donné par le seigneur à une aliénation ; le versement qui sanctionne l’accord (donc l’engagement) du censitaire est ici un droit d’entrée, assez élevé.');
------------------------------------------
INSERT INTO note (note_id,note_type_id,user_ref,content) VALUES (864,0,'jpilla','Elne (Pyrénées-Orientales, ch-l. cant.). Le diocèse couvrait le comté primitif de Roussillon, mais aussi le Conflent et une partie de la Cerdagne.');
INSERT INTO note (note_id,note_type_id,user_ref,content) VALUES (865,0,'jpilla','Mailloles, auj. dans la banlieue de Perpignan ; le nom évoque des terrains nouvellement plantés de vignes.');
INSERT INTO note (note_id,note_type_id,user_ref,content) VALUES (866,0,'jpilla',' Facta est carta » est l’incipit traditionnel de la date (« Datum est ») des chartes catalanes et plus largement ibériques, où, de même que « datum » a donné le mot “date”, « facta » a donné en castillan “fecha”.');
INSERT INTO note (note_id,note_type_id,user_ref,content) VALUES (867,0,'jpilla','Louis VI, roi de France (1108-1137). La concordance avec l’année 1116 implique que le rédacteur prend comme point de départ du règne, et sans erreur, la mort du roi Philippe Ier (29 juillet 1108), voire le sacre de Louis VI (3 août 1108), terme usuel à la chancellerie royale.');
INSERT INTO note (note_id,note_type_id,user_ref,content) VALUES (868,0,'jpilla','Le laudamentum/lods est fondamentalement une confirmation (souvent payante), donné par le seigneur à une aliénation ; le versement qui sanctionne l’accord (donc l’engagement) du censitaire est ici un droit d’entrée, assez élevé.');
INSERT INTO note (note_id,note_type_id,user_ref,content) VALUES (869,0,'jpilla','Le laudamentum/lods est fondamentalement une confirmation (souvent payante), donné par le seigneur à une aliénation ; le versement qui sanctionne l’accord (donc l’engagement) du censitaire est ici un droit d’entrée, assez élevé.');
------------------------------------------
INSERT INTO transcriptionHasNote (transcription_id,note_id,ptr_start,ptr_end) VALUES (76,859,304,313);
INSERT INTO transcriptionHasNote (transcription_id,note_id,ptr_start,ptr_end) VALUES (76,860,333,342);
INSERT INTO transcriptionHasNote (transcription_id,note_id,ptr_start,ptr_end) VALUES (76,861,1124,1129);
INSERT INTO transcriptionHasNote (transcription_id,note_id,ptr_start,ptr_end) VALUES (76,862,1312,1319);
INSERT INTO transcriptionHasNote (transcription_id,note_id,ptr_start,ptr_end) VALUES (76,863,1358,1369);
------------------------------------------
INSERT INTO translationHasNote (translation_id,note_id,ptr_start,ptr_end) VALUES (76,864,339,343);
INSERT INTO translationHasNote (translation_id,note_id,ptr_start,ptr_end) VALUES (76,865,388,397);
INSERT INTO translationHasNote (translation_id,note_id,ptr_start,ptr_end) VALUES (76,866,1319,1324);
INSERT INTO translationHasNote (translation_id,note_id,ptr_start,ptr_end) VALUES (76,867,1450,1455);
INSERT INTO translationHasNote (translation_id,note_id,ptr_start,ptr_end) VALUES (76,868,1517,1532);
INSERT INTO translationHasNote (translation_id,note_id,ptr_start,ptr_end) VALUES (76,869,1537,1541);
--========================================
INSERT INTO note (note_id,note_type_id,user_ref,content) VALUES (870,0,'jpilla','Charles II le Chauve. Dernier fils de Louis le Pieux, le roi a depuis juin 841 conforté contre son demi-frère Lothaire la base de son pouvoir en Francie occidentale, grâce à une alliance avec son autre demi-frère Louis. On le saisit ici au retour d’une campagne contre Pépin II d’Aquitaine, qu’il a mis en déroute.');
INSERT INTO note (note_id,note_type_id,user_ref,content) VALUES (871,0,'jpilla','Avallon, Yonne, ch-l. arr.');
INSERT INTO note (note_id,note_type_id,user_ref,content) VALUES (872,0,'jpilla','Dornecy, Nièvre, cant. Clamecy.');
INSERT INTO note (note_id,note_type_id,user_ref,content) VALUES (873,0,'jpilla','L’archichancelier Louis, fils du comte du Maine et d’une fille de Charlemagne, fut nommé par son cousin germain Charles vers 839-840 et demeura en fonctions jusqu’à son décès au début de 867.');
INSERT INTO note (note_id,note_type_id,user_ref,content) VALUES (874,0,'jpilla','Castillon-la-Bataille, Gironde, ch-l. cant.');
------------------------------------------
INSERT INTO note (note_id,note_type_id,user_ref,content) VALUES (875,0,'jpilla','Charles II le Chauve. Dernier fils de Louis le Pieux, le roi a depuis juin 841 conforté contre son demi-frère Lothaire la base de son pouvoir en Francie occidentale, grâce à une alliance avec son autre demi-frère Louis. On le saisit ici au retour d’une campagne contre Pépin II d’Aquitaine, qu’il a mis en déroute.');
INSERT INTO note (note_id,note_type_id,user_ref,content) VALUES (876,0,'jpilla','Avallon, Yonne, ch-l. arr.');
INSERT INTO note (note_id,note_type_id,user_ref,content) VALUES (877,0,'jpilla','Dornecy, Nièvre, cant. Clamecy.');
INSERT INTO note (note_id,note_type_id,user_ref,content) VALUES (878,0,'jpilla','L’archichancelier Louis, fils du comte du Maine et d’une fille de Charlemagne, fut nommé par son cousin germain Charles vers 839-840 et demeura en fonctions jusqu’à son décès au début de 867.');
INSERT INTO note (note_id,note_type_id,user_ref,content) VALUES (879,0,'jpilla','Castillon-la-Bataille, Gironde, ch-l. cant.');
------------------------------------------
INSERT INTO transcriptionHasNote (transcription_id,note_id,ptr_start,ptr_end) VALUES (77,870,47,54);
INSERT INTO transcriptionHasNote (transcription_id,note_id,ptr_start,ptr_end) VALUES (77,871,697,705);
INSERT INTO transcriptionHasNote (transcription_id,note_id,ptr_start,ptr_end) VALUES (77,872,732,742);
INSERT INTO transcriptionHasNote (transcription_id,note_id,ptr_start,ptr_end) VALUES (77,873,1674,1683);
INSERT INTO transcriptionHasNote (transcription_id,note_id,ptr_start,ptr_end) VALUES (77,874,1801,1812);
------------------------------------------
INSERT INTO translationHasNote (translation_id,note_id,ptr_start,ptr_end) VALUES (77,875,46,53);
INSERT INTO translationHasNote (translation_id,note_id,ptr_start,ptr_end) VALUES (77,876,716,723);
INSERT INTO translationHasNote (translation_id,note_id,ptr_start,ptr_end) VALUES (77,877,771,778);
INSERT INTO translationHasNote (translation_id,note_id,ptr_start,ptr_end) VALUES (77,878,1783,1788);
INSERT INTO translationHasNote (translation_id,note_id,ptr_start,ptr_end) VALUES (77,879,1963,1972);
--========================================
------------------------------------------
------------------------------------------
------------------------------------------
--========================================
INSERT INTO note (note_id,note_type_id,user_ref,content) VALUES (880,0,'jpilla','Bertrade de Montfort, épouse en premières noces de Foulque IV le Réchin, comte d’Anjou, puis en secondes noces  du roi Philippe Ier. Elle meurt à la fin de 1115 ou au début de 1116.');
INSERT INTO note (note_id,note_type_id,user_ref,content) VALUES (881,0,'jpilla','Philippe Ier, roi de France de 1060 à 1108, a d’abord épousé Berthe de Hollande (dont il a eu son successeur, le futur Louis VI). Après avoir répudié celle-ci, il a enlevé Bertrade en 1092, ce qui lui vaut d’être excommunié en 1095. Il est définitivement absous en 1104, même si Bertrade demeure à ses côtés.');
INSERT INTO note (note_id,note_type_id,user_ref,content) VALUES (882,0,'jpilla','Foulque V, fils de Foulque IV le Réchin et de Bertrade de Montfort ; né en 1092, il passe en Terre Sainte en 1129, devient roi de Jérusalem en 1131, meurt en 1144.');
INSERT INTO note (note_id,note_type_id,user_ref,content) VALUES (883,0,'jpilla','Marmoutier, aux portes de Tours (comm. Sainte-Radegonde), a été réformée par Cluny vers 982 et dès lors solidement rattachée à l’observance bénédictine.');
INSERT INTO note (note_id,note_type_id,user_ref,content) VALUES (884,0,'jpilla','La « forêt » (forestis) est fondamentalement un espace soustrait aux modes usuels d’exploitation ; il peut s’y trouver des bois, mais aussi bien des landes, des marécages, des cours d’eau… La différence est en principe nette avec le « bois », couvert d’arbres (boscum, silva). Pourtant les trois termes se trouvent employés successivement dans l’acte, où le rédacteur semble surtout vouloir varier l’expression.');
INSERT INTO note (note_id,note_type_id,user_ref,content) VALUES (885,0,'jpilla','La forêt des Plantes (ailleurs « de Splente », ici relatinisée à contresens) occupait, à l’ouest et à l’est de Tours la langue de terre comprise entre Loire et Cher avant le confluent des deux cours d’eau.');
INSERT INTO note (note_id,note_type_id,user_ref,content) VALUES (886,0,'jpilla','Ce don du comte serait de 1110.');
INSERT INTO note (note_id,note_type_id,user_ref,content) VALUES (887,0,'jpilla','« Finem » peut simplement renvoyer à la fin, à la limite, mais peut-être plus précisément à la limite matérialisée, par un fossé, des bornes ou d’autres repères.');
INSERT INTO note (note_id,note_type_id,user_ref,content) VALUES (888,0,'jpilla','« Dos » à l’époque peut renvoyer aussi bien à la dot qu’au douaire et c’est le contexte qui impose la traduction. Le douaire constitué par le roi à Bertrade en Touraine, largement pris sur le patrimoine de Saint-Martin de Tours, nous est bien connu pour avoir été disputé, la présente donation exceptée, à la mort de Bertrade, entre Saint-Martin et Fontevraud.');
INSERT INTO note (note_id,note_type_id,user_ref,content) VALUES (889,0,'jpilla','Louis VI le Gros, fils de Philippe Ier et de Berthe de Hollande ; né en 1077, roi en 1108, mort en 1137.');
INSERT INTO note (note_id,note_type_id,user_ref,content) VALUES (890,0,'jpilla','Cet « achat » au beau-fils d’une pièce du douaire, en principe constitué de façon irrévocable, en dit long sur la maléabilité des pratiques de contrôle du douaire par le lignage du mari.');
INSERT INTO note (note_id,note_type_id,user_ref,content) VALUES (891,0,'jpilla','Guillaume, abbé de Marmoutier de 1104 à 1124.');
INSERT INTO note (note_id,note_type_id,user_ref,content) VALUES (892,0,'jpilla','Fontcher, prieuré de Marmoutier au diocèse de Tours (Indre-et-Loire, cant. Ballan-Miré, comm. Villandry).');
INSERT INTO note (note_id,note_type_id,user_ref,content) VALUES (893,0,'jpilla','Le contenu exact du forestage est difficile à saisir. Dans la mesure où le don principal porte sur la forêt elle-même, on voit mal qu’il puisse s’agir d’un droit d’usage (coupe, paisson…), que la propriété emporte. Il s’agit peut-être plutôt de droits fiscaux et/ou judiciaires réaffirmés sur d’autres usagers.');
------------------------------------------
INSERT INTO note (note_id,note_type_id,user_ref,content) VALUES (894,0,'jpilla','Bertrade de Montfort, épouse en premières noces de Foulque IV le Réchin, comte d’Anjou, puis en secondes noces  du roi Philippe Ier. Elle meurt à la fin de 1115 ou au début de 1116.');
INSERT INTO note (note_id,note_type_id,user_ref,content) VALUES (895,0,'jpilla','Philippe Ier, roi de France de 1060 à 1108, a d’abord épousé Berthe de Hollande (dont il a eu son successeur, le futur Louis VI). Après avoir répudié celle-ci, il a enlevé Bertrade en 1092, ce qui lui vaut d’être excommunié en 1095. Il est définitivement absous en 1104, même si Bertrade demeure à ses côtés.');
INSERT INTO note (note_id,note_type_id,user_ref,content) VALUES (896,0,'jpilla','Foulque V, fils de Foulque IV le Réchin et de Bertrade de Montfort ; né en 1092, il passe en Terre Sainte en 1129, devient roi de Jérusalem en 1131, meurt en 1144.');
INSERT INTO note (note_id,note_type_id,user_ref,content) VALUES (897,0,'jpilla','Marmoutier, aux portes de Tours (comm. Sainte-Radegonde), a été réformée par Cluny vers 982 et dès lors solidement rattachée à l’observance bénédictine.');
INSERT INTO note (note_id,note_type_id,user_ref,content) VALUES (898,0,'jpilla','La « forêt » (forestis) est fondamentalement un espace soustrait aux modes usuels d’exploitation ; il peut s’y trouver des bois, mais aussi bien des landes, des marécages, des cours d’eau… La différence est en principe nette avec le « bois », couvert d’arbres (boscum, silva). Pourtant les trois termes se trouvent employés successivement dans l’acte, où le rédacteur semble surtout vouloir varier l’expression.');
INSERT INTO note (note_id,note_type_id,user_ref,content) VALUES (899,0,'jpilla','La forêt des Plantes (ailleurs « de Splente », ici relatinisée à contresens) occupait, à l’ouest et à l’est de Tours la langue de terre comprise entre Loire et Cher avant le confluent des deux cours d’eau.');
INSERT INTO note (note_id,note_type_id,user_ref,content) VALUES (900,0,'jpilla','Ce don du comte serait de 1110.');
INSERT INTO note (note_id,note_type_id,user_ref,content) VALUES (901,0,'jpilla','« Finem » peut simplement renvoyer à la fin, à la limite, mais peut-être plus précisément à la limite matérialisée, par un fossé, des bornes ou d’autres repères.');
INSERT INTO note (note_id,note_type_id,user_ref,content) VALUES (902,0,'jpilla','« Dos » à l’époque peut renvoyer aussi bien à la dot qu’au douaire et c’est le contexte qui impose la traduction. Le douaire constitué par le roi à Bertrade en Touraine, largement pris sur le patrimoine de Saint-Martin de Tours, nous est bien connu pour avoir été disputé, la présente donation exceptée, à la mort de Bertrade, entre Saint-Martin et Fontevraud.');
INSERT INTO note (note_id,note_type_id,user_ref,content) VALUES (903,0,'jpilla','Louis VI le Gros, fils de Philippe Ier et de Berthe de Hollande ; né en 1077, roi en 1108, mort en 1137.');
INSERT INTO note (note_id,note_type_id,user_ref,content) VALUES (904,0,'jpilla','Cet « achat » au beau-fils d’une pièce du douaire, en principe constitué de façon irrévocable, en dit long sur la maléabilité des pratiques de contrôle du douaire par le lignage du mari.');
INSERT INTO note (note_id,note_type_id,user_ref,content) VALUES (905,0,'jpilla','Guillaume, abbé de Marmoutier de 1104 à 1124.');
INSERT INTO note (note_id,note_type_id,user_ref,content) VALUES (906,0,'jpilla','Fontcher, prieuré de Marmoutier au diocèse de Tours (Indre-et-Loire, cant. Ballan-Miré, comm. Villandry).');
INSERT INTO note (note_id,note_type_id,user_ref,content) VALUES (907,0,'jpilla','Le contenu exact du forestage est difficile à saisir. Dans la mesure où le don principal porte sur la forêt elle-même, on voit mal qu’il puisse s’agir d’un droit d’usage (coupe, paisson…), que la propriété emporte. Il s’agit peut-être plutôt de droits fiscaux et/ou judiciaires réaffirmés sur d’autres usagers.');
------------------------------------------
INSERT INTO transcriptionHasNote (transcription_id,note_id,ptr_start,ptr_end) VALUES (79,880,151,159);
INSERT INTO transcriptionHasNote (transcription_id,note_id,ptr_start,ptr_end) VALUES (79,881,168,176);
INSERT INTO transcriptionHasNote (transcription_id,note_id,ptr_start,ptr_end) VALUES (79,882,213,221);
INSERT INTO transcriptionHasNote (transcription_id,note_id,ptr_start,ptr_end) VALUES (79,883,333,351);
INSERT INTO transcriptionHasNote (transcription_id,note_id,ptr_start,ptr_end) VALUES (79,884,474,482);
INSERT INTO transcriptionHasNote (transcription_id,note_id,ptr_start,ptr_end) VALUES (79,885,495,504);
INSERT INTO transcriptionHasNote (transcription_id,note_id,ptr_start,ptr_end) VALUES (79,886,602,609);
INSERT INTO transcriptionHasNote (transcription_id,note_id,ptr_start,ptr_end) VALUES (79,887,701,706);
INSERT INTO transcriptionHasNote (transcription_id,note_id,ptr_start,ptr_end) VALUES (79,888,833,837);
INSERT INTO transcriptionHasNote (transcription_id,note_id,ptr_start,ptr_end) VALUES (79,889,871,879);
INSERT INTO transcriptionHasNote (transcription_id,note_id,ptr_start,ptr_end) VALUES (79,890,891,897);
INSERT INTO transcriptionHasNote (transcription_id,note_id,ptr_start,ptr_end) VALUES (79,891,1125,1133);
INSERT INTO transcriptionHasNote (transcription_id,note_id,ptr_start,ptr_end) VALUES (79,892,1162,1174);
INSERT INTO transcriptionHasNote (transcription_id,note_id,ptr_start,ptr_end) VALUES (79,893,1726,1737);
------------------------------------------
INSERT INTO translationHasNote (translation_id,note_id,ptr_start,ptr_end) VALUES (79,894,196,204);
INSERT INTO translationHasNote (translation_id,note_id,ptr_start,ptr_end) VALUES (79,895,216,224);
INSERT INTO translationHasNote (translation_id,note_id,ptr_start,ptr_end) VALUES (79,896,251,258);
INSERT INTO translationHasNote (translation_id,note_id,ptr_start,ptr_end) VALUES (79,897,394,404);
INSERT INTO translationHasNote (translation_id,note_id,ptr_start,ptr_end) VALUES (79,898,533,538);
INSERT INTO translationHasNote (translation_id,note_id,ptr_start,ptr_end) VALUES (79,899,553,562);
INSERT INTO translationHasNote (translation_id,note_id,ptr_start,ptr_end) VALUES (79,900,642,648);
INSERT INTO translationHasNote (translation_id,note_id,ptr_start,ptr_end) VALUES (79,901,768,772);
INSERT INTO translationHasNote (translation_id,note_id,ptr_start,ptr_end) VALUES (79,902,912,919);
INSERT INTO translationHasNote (translation_id,note_id,ptr_start,ptr_end) VALUES (79,903,978,983);
INSERT INTO translationHasNote (translation_id,note_id,ptr_start,ptr_end) VALUES (79,904,998,1005);
INSERT INTO translationHasNote (translation_id,note_id,ptr_start,ptr_end) VALUES (79,905,1219,1228);
INSERT INTO translationHasNote (translation_id,note_id,ptr_start,ptr_end) VALUES (79,906,1278,1286);
INSERT INTO translationHasNote (translation_id,note_id,ptr_start,ptr_end) VALUES (79,907,1895,1904);
--========================================
INSERT INTO note (note_id,note_type_id,user_ref,content) VALUES (908,0,'jpilla','Thibaud III d’Heilly, évêque d’Amiens de 1169 à 1204.');
INSERT INTO note (note_id,note_type_id,user_ref,content) VALUES (909,0,'jpilla','Eustache II, successeur de l’abbé Lambert (1190-1211).');
INSERT INTO note (note_id,note_type_id,user_ref,content) VALUES (910,0,'jpilla','Abbaye bénédictine de Saint-Germer-de-Fly (Oise, cant. Le-Coudray-Saint-Germer, anc. dioc. de Beauvais). Fondée au VIIe siècle, réformée en 1036, elle était richement possessionnée en Normandie et en Picardie.');
INSERT INTO note (note_id,note_type_id,user_ref,content) VALUES (911,0,'jpilla','Presbitero. Par une extension de sens encore fréquente aujourd’hui, le terme de « prêtre » renvoie ici à l’évidence au prêtre en charge de la paroisse, « curé » au regard du droit canon.');
INSERT INTO note (note_id,note_type_id,user_ref,content) VALUES (912,0,'jpilla','Gamaches (Somme, ch.-l. cant., anc. diocèse d’Amiens, d’où l’intervention de l’ordinaire du lieu), abritait un prieuré de l’abbaye Saint-Germer-de-Fly, dédié à Saint-Pierre-Saint-Paul (devenu église paroissiale à la Révolution). Les moines avaient le droit de patronage (ou de « présentation ») de l’église paroissiale du lieu : ils choisissaient le curé, qui était ensuite investi par l’évêque d’Amiens.');
INSERT INTO note (note_id,note_type_id,user_ref,content) VALUES (913,0,'jpilla','Le cantuarium est l’ensemble des droits perçus à l’occasion des messes chantées. Le contexte nous incite à comprendre plus largement dans le sens d’un terme plus fréquent, l’autelage, revenus du service assuré par le desservant, incluant même les revenus de la dîme. Le contexte aide aussi à comprendre qu’il s’agit ici du partage entre le patron de la cure et le curé.');
INSERT INTO note (note_id,note_type_id,user_ref,content) VALUES (914,0,'jpilla','Bladii. Comprendre « bladi ». Le « bladum » (les « bleds » en français ancien) peut ou non inclure l’avoine, mais se révèle toujours plus large que le « blé » contemporain (froment) ; il désigne fondamentalement les céréales panifiables.');
INSERT INTO note (note_id,note_type_id,user_ref,content) VALUES (915,0,'jpilla','Purification de la Vierge, ou Chandeleur (2 février), fête associée à la lumière, donc à une profusion de luminaires.');
INSERT INTO note (note_id,note_type_id,user_ref,content) VALUES (916,0,'jpilla','Saint-Nicolas était alors l’église paroissiale de Gamaches.');
INSERT INTO note (note_id,note_type_id,user_ref,content) VALUES (917,0,'jpilla','Abbeville (Somme, ch.-l. arr.). Germer (noter le reflet de la dévotion régionale) est sans doute doyen du chapitre Saint-Vulfran d’Abbeville, plutôt que doyen de chrétienté du lieu.');
INSERT INTO note (note_id,note_type_id,user_ref,content) VALUES (918,0,'jpilla','Eu (Seine-Maritime, ch.-l. cant.).');
------------------------------------------
INSERT INTO note (note_id,note_type_id,user_ref,content) VALUES (919,0,'jpilla','Thibaud III d’Heilly, évêque d’Amiens de 1169 à 1204.');
INSERT INTO note (note_id,note_type_id,user_ref,content) VALUES (920,0,'jpilla','Eustache II, successeur de l’abbé Lambert (1190-1211).');
INSERT INTO note (note_id,note_type_id,user_ref,content) VALUES (921,0,'jpilla','Abbaye bénédictine de Saint-Germer-de-Fly (Oise, cant. Le-Coudray-Saint-Germer, anc. dioc. de Beauvais). Fondée au VIIe siècle, réformée en 1036, elle était richement possessionnée en Normandie et en Picardie.');
INSERT INTO note (note_id,note_type_id,user_ref,content) VALUES (922,0,'jpilla','Presbitero. Par une extension de sens encore fréquente aujourd’hui, le terme de « prêtre » renvoie ici à l’évidence au prêtre en charge de la paroisse, « curé » au regard du droit canon.');
INSERT INTO note (note_id,note_type_id,user_ref,content) VALUES (923,0,'jpilla','Gamaches (Somme, ch.-l. cant., anc. diocèse d’Amiens, d’où l’intervention de l’ordinaire du lieu), abritait un prieuré de l’abbaye Saint-Germer-de-Fly, dédié à Saint-Pierre-Saint-Paul (devenu église paroissiale à la Révolution). Les moines avaient le droit de patronage (ou de « présentation ») de l’église paroissiale du lieu : ils choisissaient le curé, qui était ensuite investi par l’évêque d’Amiens.');
INSERT INTO note (note_id,note_type_id,user_ref,content) VALUES (924,0,'jpilla','Le cantuarium est l’ensemble des droits perçus à l’occasion des messes chantées. Le contexte nous incite à comprendre plus largement dans le sens d’un terme plus fréquent, l’autelage, revenus du service assuré par le desservant, incluant même les revenus de la dîme. Le contexte aide aussi à comprendre qu’il s’agit ici du partage entre le patron de la cure et le curé.');
INSERT INTO note (note_id,note_type_id,user_ref,content) VALUES (925,0,'jpilla','Bladii. Comprendre « bladi ». Le « bladum » (les « bleds » en français ancien) peut ou non inclure l’avoine, mais se révèle toujours plus large que le « blé » contemporain (froment) ; il désigne fondamentalement les céréales panifiables.');
INSERT INTO note (note_id,note_type_id,user_ref,content) VALUES (926,0,'jpilla','Purification de la Vierge, ou Chandeleur (2 février), fête associée à la lumière, donc à une profusion de luminaires.');
INSERT INTO note (note_id,note_type_id,user_ref,content) VALUES (927,0,'jpilla','Purification de la Vierge, ou Chandeleur (2 février), fête associée à la lumière, donc à une profusion de luminaires.');
INSERT INTO note (note_id,note_type_id,user_ref,content) VALUES (928,0,'jpilla','Saint-Nicolas était alors l’église paroissiale de Gamaches.');
INSERT INTO note (note_id,note_type_id,user_ref,content) VALUES (929,0,'jpilla','Abbeville (Somme, ch.-l. arr.). Germer (noter le reflet de la dévotion régionale) est sans doute doyen du chapitre Saint-Vulfran d’Abbeville, plutôt que doyen de chrétienté du lieu.');
INSERT INTO note (note_id,note_type_id,user_ref,content) VALUES (930,0,'jpilla','Eu (Seine-Maritime, ch.-l. cant.).');
------------------------------------------
INSERT INTO transcriptionHasNote (transcription_id,note_id,ptr_start,ptr_end) VALUES (80,908,3,15);
INSERT INTO transcriptionHasNote (transcription_id,note_id,ptr_start,ptr_end) VALUES (80,909,188,199);
INSERT INTO transcriptionHasNote (transcription_id,note_id,ptr_start,ptr_end) VALUES (80,910,210,232);
INSERT INTO transcriptionHasNote (transcription_id,note_id,ptr_start,ptr_end) VALUES (80,911,236,246);
INSERT INTO transcriptionHasNote (transcription_id,note_id,ptr_start,ptr_end) VALUES (80,912,250,258);
INSERT INTO transcriptionHasNote (transcription_id,note_id,ptr_start,ptr_end) VALUES (80,913,366,375);
INSERT INTO transcriptionHasNote (transcription_id,note_id,ptr_start,ptr_end) VALUES (80,914,532,538);
INSERT INTO transcriptionHasNote (transcription_id,note_id,ptr_start,ptr_end) VALUES (80,915,887,914);
INSERT INTO transcriptionHasNote (transcription_id,note_id,ptr_start,ptr_end) VALUES (80,916,1008,1023);
INSERT INTO transcriptionHasNote (transcription_id,note_id,ptr_start,ptr_end) VALUES (80,917,1448,1460);
INSERT INTO transcriptionHasNote (transcription_id,note_id,ptr_start,ptr_end) VALUES (80,918,1518,1522);
------------------------------------------
INSERT INTO translationHasNote (translation_id,note_id,ptr_start,ptr_end) VALUES (80,919,3,10);
INSERT INTO translationHasNote (translation_id,note_id,ptr_start,ptr_end) VALUES (80,920,169,179);
INSERT INTO translationHasNote (translation_id,note_id,ptr_start,ptr_end) VALUES (80,921,194,197);
INSERT INTO translationHasNote (translation_id,note_id,ptr_start,ptr_end) VALUES (80,922,204,210);
INSERT INTO translationHasNote (translation_id,note_id,ptr_start,ptr_end) VALUES (80,923,214,222);
INSERT INTO translationHasNote (translation_id,note_id,ptr_start,ptr_end) VALUES (80,924,342,350);
INSERT INTO translationHasNote (translation_id,note_id,ptr_start,ptr_end) VALUES (80,925,504,510);
INSERT INTO translationHasNote (translation_id,note_id,ptr_start,ptr_end) VALUES (80,926,922,944);
INSERT INTO translationHasNote (translation_id,note_id,ptr_start,ptr_end) VALUES (80,927,951,956);
INSERT INTO translationHasNote (translation_id,note_id,ptr_start,ptr_end) VALUES (80,928,1055,1068);
INSERT INTO translationHasNote (translation_id,note_id,ptr_start,ptr_end) VALUES (80,929,1527,1536);
INSERT INTO translationHasNote (translation_id,note_id,ptr_start,ptr_end) VALUES (80,930,1577,1579);
--========================================
INSERT INTO note (note_id,note_type_id,user_ref,content) VALUES (931,0,'jpilla','Les officiaux sont surtout connus comme des délégués de la justice de l’évêque. Mais des archidiacres, des doyens de chapitres cathédraux, des abbés exempts eurent aussi des officiaux, qui exerçaient leur justice contentieuse et gracieuse, et furent surtout actifs au XIIIe siècle.');
INSERT INTO note (note_id,note_type_id,user_ref,content) VALUES (932,0,'jpilla','Ottobono Fieschi, représentant de la célèbre famille génoise, neveu du pape Innocent IV, et bon exemple de ces dignitaires italiens introduits au royaume de France au XIIIe siècle. Créé cardinal par son oncle en 1244, il fut pape à peine plus d’un mois en 1276, sous le nom d’Adrien V. Chanoine du chapitre cathédral de Reims, chancelier de 1243 à 1250, il perdit cet office à cette date et fut promu en échange, par collation apostolique, archidiacre de Reims. En 1254, il s’était violemment opposé à l’archevêque et s’était fait reconnaître la juridiction spirituelle dans son archidiaconé.');
INSERT INTO note (note_id,note_type_id,user_ref,content) VALUES (933,0,'jpilla','Les archidiacres, proches collaborateurs de l’évêque dans la gestion du diocèse, dont ils surveillaient une portion, étaient en nombre variable selon les diocèses. Il y en avait, au XIIIe siècle, deux dans le diocèse de Reims, dits de Reims (ou de la chrétienté, ou grand archidiacre) et de Champagne. Collaborateurs très proches des évêques du XIIe siècle, ils entrèrent souvent en conflit avec lui, au siècle suivant, dans l’exercice de leur juridiction.');
INSERT INTO note (note_id,note_type_id,user_ref,content) VALUES (934,0,'jpilla','Le dimanche de la Trinité est le premier dimanche après la Pentecôte (un moment où l’on est sûr que le millésime a été changé), ce qui correspond en 1255 au 23 mai. Comme la troisième férie désigne le mardi (les féries sont décomptées à partir du dimanche), on est donc le 25 mai 1255.');
INSERT INTO note (note_id,note_type_id,user_ref,content) VALUES (935,0,'jpilla','Le dimanche de la Trinité est le premier dimanche après la Pentecôte (un moment où l’on est sûr que le millésime a été changé), ce qui correspond en 1255 au 23 mai. Comme la troisième férie désigne le mardi (les féries sont décomptées à partir du dimanche), on est donc le 25 mai 1255.');
INSERT INTO note (note_id,note_type_id,user_ref,content) VALUES (936,0,'jpilla','Thomas de Beaumetz, archevêque de Reims de 1251 à 1263. Banni de Reims au début de 1235 pour son zèle excessif dans la défense des libertés ecclésiastiques, il dut faire face pendant son épiscopat aux difficultés causées par le chapitre cathédral et l’archidiacre Ottobono (1254), les bourgeois de sa cité (1258), l’abbé de Saint-Remi de Reims (1259).');
INSERT INTO note (note_id,note_type_id,user_ref,content) VALUES (937,0,'jpilla','Les doyens de chrétienté, ou archiprêtres, formaient un échelon important du contrôle diocésain, entre les paroisses et les archidiacres et évêque.');
INSERT INTO note (note_id,note_type_id,user_ref,content) VALUES (938,0,'jpilla','Les doyens de chrétienté, ou archiprêtres, formaient un échelon important du contrôle diocésain, entre les paroisses et les archidiacres et évêque.');
INSERT INTO note (note_id,note_type_id,user_ref,content) VALUES (939,0,'jpilla','Tout indique que le « prêtre » désigne ici le curé de paroisse.');
INSERT INTO note (note_id,note_type_id,user_ref,content) VALUES (940,0,'jpilla','<e> On ne voit absolument pas que la préposition “e(x)” convienne au sens. Le “e” pourrait à la rigueur procéder d’une influence de la langue vernaculaire (“échevins”) sur le terme latin usuel (escabinis). L’hypothèse, qui se heurte déjà à la grande régularité morphologique du document, est en outre contredite par le “S” majuscule de “Scabinis”. Nous ne voyons pas d’autre hypothèse que celle de l’amorce d’un mot, tracée par erreur et non supprimée.');
INSERT INTO note (note_id,note_type_id,user_ref,content) VALUES (941,0,'jpilla','« Cantate » est l’introït (chant d’ouverture de la messe) du quatrième dimanche après Pâques, le 25 avril en 1255. La cinquième férie indiquant un jeudi, le mandement de l’archevêque est du 29 avril 1255.');
INSERT INTO note (note_id,note_type_id,user_ref,content) VALUES (942,0,'jpilla','Expression typique des lettres circulaires, qui doivent être remises au porteur au cours de sa tournée, parfois munies d’un sceau (« Reddite litteras sigillatas »), pour témoigner que le destinataire en a bien pris connaissance.');
------------------------------------------
INSERT INTO note (note_id,note_type_id,user_ref,content) VALUES (943,0,'jpilla','Les officiaux sont surtout connus comme des délégués de la justice de l’évêque. Mais des archidiacres, des doyens de chapitres cathédraux, des abbés exempts eurent aussi des officiaux, qui exerçaient leur justice contentieuse et gracieuse, et furent surtout actifs au XIIIe siècle.');
INSERT INTO note (note_id,note_type_id,user_ref,content) VALUES (944,0,'jpilla','Ottobono Fieschi, représentant de la célèbre famille génoise, neveu du pape Innocent IV, et bon exemple de ces dignitaires italiens introduits au royaume de France au XIIIe siècle. Créé cardinal par son oncle en 1244, il fut pape à peine plus d’un mois en 1276, sous le nom d’Adrien V. Chanoine du chapitre cathédral de Reims, chancelier de 1243 à 1250, il perdit cet office à cette date et fut promu en échange, par collation apostolique, archidiacre de Reims. En 1254, il s’était violemment opposé à l’archevêque et s’était fait reconnaître la juridiction spirituelle dans son archidiaconé.');
INSERT INTO note (note_id,note_type_id,user_ref,content) VALUES (945,0,'jpilla','Les archidiacres, proches collaborateurs de l’évêque dans la gestion du diocèse, dont ils surveillaient une portion, étaient en nombre variable selon les diocèses. Il y en avait, au XIIIe siècle, deux dans le diocèse de Reims, dits de Reims (ou de la chrétienté, ou grand archidiacre) et de Champagne. Collaborateurs très proches des évêques du XIIe siècle, ils entrèrent souvent en conflit avec lui, au siècle suivant, dans l’exercice de leur juridiction.');
INSERT INTO note (note_id,note_type_id,user_ref,content) VALUES (946,0,'jpilla','Le dimanche de la Trinité est le premier dimanche après la Pentecôte (un moment où l’on est sûr que le millésime a été changé), ce qui correspond en 1255 au 23 mai. Comme la troisième férie désigne le mardi (les féries sont décomptées à partir du dimanche), on est donc le 25 mai 1255.');
INSERT INTO note (note_id,note_type_id,user_ref,content) VALUES (947,0,'jpilla','Thomas de Beaumetz, archevêque de Reims de 1251 à 1263. Banni de Reims au début de 1235 pour son zèle excessif dans la défense des libertés ecclésiastiques, il dut faire face pendant son épiscopat aux difficultés causées par le chapitre cathédral et l’archidiacre Ottobono (1254), les bourgeois de sa cité (1258), l’abbé de Saint-Remi de Reims (1259).');
INSERT INTO note (note_id,note_type_id,user_ref,content) VALUES (948,0,'jpilla','Les doyens de chrétienté, ou archiprêtres, formaient un échelon important du contrôle diocésain, entre les paroisses et les archidiacres et évêque.');
INSERT INTO note (note_id,note_type_id,user_ref,content) VALUES (949,0,'jpilla','Tout indique que le « prêtre » désigne ici le curé de paroisse.');
INSERT INTO note (note_id,note_type_id,user_ref,content) VALUES (950,0,'jpilla','« Cantate » est l’introït (chant d’ouverture de la messe) du quatrième dimanche après Pâques, le 25 avril en 1255. La cinquième férie indiquant un jeudi, le mandement de l’archevêque est du 29 avril 1255.');
INSERT INTO note (note_id,note_type_id,user_ref,content) VALUES (951,0,'jpilla','« Cantate » est l’introït (chant d’ouverture de la messe) du quatrième dimanche après Pâques, le 25 avril en 1255. La cinquième férie indiquant un jeudi, le mandement de l’archevêque est du 29 avril 1255.');
INSERT INTO note (note_id,note_type_id,user_ref,content) VALUES (952,0,'jpilla','Expression typique des lettres circulaires, qui doivent être remises au porteur au cours de sa tournée, parfois munies d’un sceau (« Reddite litteras sigillatas »), pour témoigner que le destinataire en a bien pris connaissance.');
------------------------------------------
INSERT INTO transcriptionHasNote (transcription_id,note_id,ptr_start,ptr_end) VALUES (81,931,74,84);
INSERT INTO transcriptionHasNote (transcription_id,note_id,ptr_start,ptr_end) VALUES (81,932,121,129);
INSERT INTO transcriptionHasNote (transcription_id,note_id,ptr_start,ptr_end) VALUES (81,933,181,193);
INSERT INTO transcriptionHasNote (transcription_id,note_id,ptr_start,ptr_end) VALUES (81,934,258,263);
INSERT INTO transcriptionHasNote (transcription_id,note_id,ptr_start,ptr_end) VALUES (81,935,270,292);
INSERT INTO transcriptionHasNote (transcription_id,note_id,ptr_start,ptr_end) VALUES (81,936,320,327);
INSERT INTO transcriptionHasNote (transcription_id,note_id,ptr_start,ptr_end) VALUES (81,937,473,488);
INSERT INTO transcriptionHasNote (transcription_id,note_id,ptr_start,ptr_end) VALUES (81,938,495,502);
INSERT INTO transcriptionHasNote (transcription_id,note_id,ptr_start,ptr_end) VALUES (81,939,506,517);
INSERT INTO transcriptionHasNote (transcription_id,note_id,ptr_start,ptr_end) VALUES (81,940,832,1456);
INSERT INTO transcriptionHasNote (transcription_id,note_id,ptr_start,ptr_end) VALUES (81,941,2161,2210);
INSERT INTO transcriptionHasNote (transcription_id,note_id,ptr_start,ptr_end) VALUES (81,942,2217,2233);
------------------------------------------
INSERT INTO translationHasNote (translation_id,note_id,ptr_start,ptr_end) VALUES (81,943,79,87);
INSERT INTO translationHasNote (translation_id,note_id,ptr_start,ptr_end) VALUES (81,944,135,143);
INSERT INTO translationHasNote (translation_id,note_id,ptr_start,ptr_end) VALUES (81,945,184,195);
INSERT INTO translationHasNote (translation_id,note_id,ptr_start,ptr_end) VALUES (81,946,273,305);
INSERT INTO translationHasNote (translation_id,note_id,ptr_start,ptr_end) VALUES (81,947,345,353);
INSERT INTO translationHasNote (translation_id,note_id,ptr_start,ptr_end) VALUES (81,948,523,543);
INSERT INTO translationHasNote (translation_id,note_id,ptr_start,ptr_end) VALUES (81,949,547,554);
INSERT INTO translationHasNote (translation_id,note_id,ptr_start,ptr_end) VALUES (81,950,1742,1763);
INSERT INTO translationHasNote (translation_id,note_id,ptr_start,ptr_end) VALUES (81,951,1770,1805);
INSERT INTO translationHasNote (translation_id,note_id,ptr_start,ptr_end) VALUES (81,952,1806,1825);
--========================================
INSERT INTO note (note_id,note_type_id,user_ref,content) VALUES (953,0,'jpilla','Les maîtres des requêtes du parlement de Paris (installé au palais de la Cité) formaient une chambre à part, qui recevait les requêtes des plaideurs et statuait sur la validité des causes et leur issue procédurale. Depuis une ordonnance de 1364, ils jugeaient aussi des causes de certains privilégiés, ce qui doit s’appliquer au cas présent. Les « requêtes du palais » ne sont pas à confondre avec les « requêtes de l’Hôtel », qui examinaient les suppliques présentées au roi.');
INSERT INTO note (note_id,note_type_id,user_ref,content) VALUES (954,0,'jpilla','Corbeil (auj. Corbeil-Essonnes, Essonne, ch.-l. cant.) était le siège d’une châtellenie relevant de la vicomté de Paris, qui était soumise au prévôt de Paris, siégeant au Châtelet. Le Châtelet n’intervient ici que pour une action de police, l’affaire montant aussitôt au parlement.');
INSERT INTO note (note_id,note_type_id,user_ref,content) VALUES (955,0,'jpilla','Noter que la femme est totalement transparente du point de vue anthroponymique.');
INSERT INTO note (note_id,note_type_id,user_ref,content) VALUES (956,0,'jpilla','Le mot “rente” (lat. redditus) peut désigner plus que notre actuelle “rente” : il peut certes s’agir d’une rente constituée sur la maison, mais aussi bien d’une redevance, par exemple d’un cens.');
------------------------------------------
------------------------------------------
INSERT INTO transcriptionHasNote (transcription_id,note_id,ptr_start,ptr_end) VALUES (82,953,69,78);
INSERT INTO transcriptionHasNote (transcription_id,note_id,ptr_start,ptr_end) VALUES (82,954,929,937);
INSERT INTO transcriptionHasNote (transcription_id,note_id,ptr_start,ptr_end) VALUES (82,955,1077,1082);
INSERT INTO transcriptionHasNote (transcription_id,note_id,ptr_start,ptr_end) VALUES (82,956,1432,1437);
------------------------------------------
--========================================
INSERT INTO note (note_id,note_type_id,user_ref,content) VALUES (957,0,'jpilla','Urraka, reine de Castille et de León (1081-1126). Fille d’Alphonse VI, elle épouse en 1087 Raimond de Bourgogne dont elle a un fils, le futur Alphonse VII. Veuve en 1107, elle se remarie avec Alphonse Ier, roi d’Aragon et de Navarre. Après l’annulation de ce mariage par le pape Pascal II en 1114, elle combat son fils puis s’efface en 1122.');
INSERT INTO note (note_id,note_type_id,user_ref,content) VALUES (958,0,'jpilla','Alphonse VI (vers 1042-1109), roi de León et de Castille. Fils de Ferdinand Ier, il reçoit le León et les Asturies lors du partage avec ses deux frères, mais il est dépossédé en 1068 par son frère Sanche III, roi de Castille. Après l’assassinat de ce dernier en 1072, il reprend ses terres, puis arrache la Galice à son frère Garcia en 1073. En 1078, il s’octroie le titre d’empereur de toute l’Espagne, titre qui fait bon marché de l’existence autonome du royaume d’Aragon, et qui alterne avec celui de roi.');
INSERT INTO note (note_id,note_type_id,user_ref,content) VALUES (959,0,'jpilla','Hugues de Semur, abbé de Cluny de 1049 à 1109.');
INSERT INTO note (note_id,note_type_id,user_ref,content) VALUES (960,0,'jpilla','Cluny L’expansion de Cluny dans la péninsule ibérique connaît un succès décisif sous l’abbé Hugues de Semur, dont le roi Alphonse VI a épousé en secondes noces une nièce. La donation d’Urraka se place dans une tradition familiale, renforcée par les liens entretenus par son époux Raimond de Bourgogne avec l’abbé Hugues.');
INSERT INTO note (note_id,note_type_id,user_ref,content) VALUES (961,0,'jpilla','Pombeiro, abbaye dédiée à Saint-Vincent (diocèse Lugo).');
INSERT INTO note (note_id,note_type_id,user_ref,content) VALUES (962,0,'jpilla','Raimond (vers 1070-1107), comte d’Amous, de Bourgogne, de Coimbra et de Galice. Fils de Guillaume Ier le Grand, comte de Bourgogne et de Mâcon, époux d’Urraka et père d’Alphonse VII de Castille.');
INSERT INTO note (note_id,note_type_id,user_ref,content) VALUES (963,0,'jpilla','1147 de l’ère d’Espagne = 1109 de l’ère de l’Incarnation.');
INSERT INTO note (note_id,note_type_id,user_ref,content) VALUES (964,0,'jpilla','Constance (1046-1092), fille de Robert Ier de Bourgogne, a épousé successivement Hugues II de Chalon puis Alphonse VI de León-Castille, dont elle a Urraka.');
INSERT INTO note (note_id,note_type_id,user_ref,content) VALUES (965,0,'jpilla','Diego Gelmírez (vers 1060-1140), chancelier et conseiller privilégié de Raimond de Bourgogne, accède en 1098/1100 au siège épiscopal de Compostelle, capitale de la Galice (devenu archevêché en 1120/1121) ; il est le deuxième Diego du nom à occuper la fonction, d’où le qualificatif de « secundus ».');
INSERT INTO note (note_id,note_type_id,user_ref,content) VALUES (966,0,'jpilla','confirmat Le mot est systématiquement abrégé dans les actes, et l’on pourrait aussi bien lire confirmans ou confirmo ; les éditeurs espagnols s’en tiennent souvent à « conf. ».');
INSERT INTO note (note_id,note_type_id,user_ref,content) VALUES (967,0,'jpilla','Mauricio Burdinho, peut-être originaire de Bourgogne, a été successivement archidiacre de Tolède, évêque de Coimbra (en 1099), puis archevêque de Braga (à compter du début 1109). Envoyé comme légat auprès de l’empereur Henri V, il fut créé par ce dernier antipape sous le nom de Grégoire VIII (8 mars 1114-avril 1121).');
INSERT INTO note (note_id,note_type_id,user_ref,content) VALUES (968,0,'jpilla','Diego Velasco, évêque d’Orense (siège suffragant de Saint-Jacques de Compostelle) de 1102 à 1132, participa au concile de Palencia et à trois conciles à Saint-Jacques de Compostelle.');
INSERT INTO note (note_id,note_type_id,user_ref,content) VALUES (969,0,'jpilla','Celanova, abbaye bénédictine (diocèse Orense).');
------------------------------------------
INSERT INTO note (note_id,note_type_id,user_ref,content) VALUES (970,0,'jpilla','Urraka Urraka, reine de Castille et de León (1081-1126). Fille d’Alphonse VI, elle épouse en 1087 Raimond de Bourgogne dont elle a un fils, le futur Alphonse VII. Veuve en 1107, elle se remarie avec Alphonse Ier, roi d’Aragon et de Navarre. Après l’annulation de ce mariage par le pape Pascal II en 1114, elle combat son fils puis s’efface en 1122.');
INSERT INTO note (note_id,note_type_id,user_ref,content) VALUES (971,0,'jpilla','Alphonse VI Alphonse VI (vers 1042-1109), roi de León et de Castille. Fils de Ferdinand Ier, il reçoit le León et les Asturies lors du partage avec ses deux frères, mais il est dépossédé en 1068 par son frère Sanche III, roi de Castille. Après l’assassinat de ce dernier en 1072, il reprend ses terres, puis arrache la Galice à son frère Garcia en 1073. En 1078, il s’octroie le titre d’empereur de toute l’Espagne, titre qui fait bon marché de l’existence autonome du royaume d’Aragon, et qui alterne avec celui de roi.');
INSERT INTO note (note_id,note_type_id,user_ref,content) VALUES (972,0,'jpilla','Hugues Hugues de Semur, abbé de Cluny de 1049 à 1109.');
INSERT INTO note (note_id,note_type_id,user_ref,content) VALUES (973,0,'jpilla','Cluny L’expansion de Cluny dans la péninsule ibérique connaît un succès décisif sous l’abbé Hugues de Semur, dont le roi Alphonse VI a épousé en secondes noces une nièce. La donation d’Urraka se place dans une tradition familiale, renforcée par les liens entretenus par son époux Raimond de Bourgogne avec l’abbé Hugues.');
INSERT INTO note (note_id,note_type_id,user_ref,content) VALUES (974,0,'jpilla','Pombeiro, abbaye dédiée à Saint-Vincent (diocèse Lugo).');
INSERT INTO note (note_id,note_type_id,user_ref,content) VALUES (975,0,'jpilla','Raimond (vers 1070-1107), comte d’Amous, de Bourgogne, de Coimbra et de Galice. Fils de Guillaume Ier le Grand, comte de Bourgogne et de Mâcon, époux d’Urraka et père d’Alphonse VII de Castille.');
INSERT INTO note (note_id,note_type_id,user_ref,content) VALUES (976,0,'jpilla','1147 de l’ère d’Espagne = 1109 de l’ère de l’Incarnation.');
INSERT INTO note (note_id,note_type_id,user_ref,content) VALUES (977,0,'jpilla','Constance (1046-1092), fille de Robert Ier de Bourgogne, a épousé successivement Hugues II de Chalon puis Alphonse VI de León-Castille, dont elle a Urraka.');
INSERT INTO note (note_id,note_type_id,user_ref,content) VALUES (978,0,'jpilla','Diego Gelmírez (vers 1060-1140), chancelier et conseiller privilégié de Raimond de Bourgogne, accède en 1098/1100 au siège épiscopal de Compostelle, capitale de la Galice (devenu archevêché en 1120/1121) ; il est le deuxième Diego du nom à occuper la fonction, d’où le qualificatif de « secundus ».');
INSERT INTO note (note_id,note_type_id,user_ref,content) VALUES (979,0,'jpilla','confirmat Le mot est systématiquement abrégé dans les actes, et l’on pourrait aussi bien lire confirmans ou confirmo ; les éditeurs espagnols s’en tiennent souvent à « conf. ».');
INSERT INTO note (note_id,note_type_id,user_ref,content) VALUES (980,0,'jpilla','Mauricio Burdinho, peut-être originaire de Bourgogne, a été successivement archidiacre de Tolède, évêque de Coimbra (en 1099), puis archevêque de Braga (à compter du début 1109). Envoyé comme légat auprès de l’empereur Henri V, il fut créé par ce dernier antipape sous le nom de Grégoire VIII (8 mars 1114-avril 1121).');
INSERT INTO note (note_id,note_type_id,user_ref,content) VALUES (981,0,'jpilla','Diego Velasco, évêque d’Orense (siège suffragant de Saint-Jacques de Compostelle) de 1102 à 1132, participa au concile de Palencia et à trois conciles à Saint-Jacques de Compostelle.');
INSERT INTO note (note_id,note_type_id,user_ref,content) VALUES (982,0,'jpilla','Celanova, abbaye bénédictine (diocèse Orense).');
------------------------------------------
INSERT INTO transcriptionHasNote (transcription_id,note_id,ptr_start,ptr_end) VALUES (83,957,72,78);
INSERT INTO transcriptionHasNote (transcription_id,note_id,ptr_start,ptr_end) VALUES (83,958,92,100);
INSERT INTO transcriptionHasNote (transcription_id,note_id,ptr_start,ptr_end) VALUES (83,959,159,164);
INSERT INTO transcriptionHasNote (transcription_id,note_id,ptr_start,ptr_end) VALUES (83,960,184,198);
INSERT INTO transcriptionHasNote (transcription_id,note_id,ptr_start,ptr_end) VALUES (83,961,546,556);
INSERT INTO transcriptionHasNote (transcription_id,note_id,ptr_start,ptr_end) VALUES (83,962,789,797);
INSERT INTO transcriptionHasNote (transcription_id,note_id,ptr_start,ptr_end) VALUES (83,963,1480,1565);
INSERT INTO transcriptionHasNote (transcription_id,note_id,ptr_start,ptr_end) VALUES (83,964,1713,1723);
INSERT INTO transcriptionHasNote (transcription_id,note_id,ptr_start,ptr_end) VALUES (83,965,1843,1850);
INSERT INTO transcriptionHasNote (transcription_id,note_id,ptr_start,ptr_end) VALUES (83,966,1930,1939);
INSERT INTO transcriptionHasNote (transcription_id,note_id,ptr_start,ptr_end) VALUES (83,967,1947,1956);
INSERT INTO transcriptionHasNote (transcription_id,note_id,ptr_start,ptr_end) VALUES (83,968,2001,2008);
INSERT INTO transcriptionHasNote (transcription_id,note_id,ptr_start,ptr_end) VALUES (83,969,2064,2074);
------------------------------------------
INSERT INTO translationHasNote (translation_id,note_id,ptr_start,ptr_end) VALUES (83,970,75,81);
INSERT INTO translationHasNote (translation_id,note_id,ptr_start,ptr_end) VALUES (83,971,105,113);
INSERT INTO translationHasNote (translation_id,note_id,ptr_start,ptr_end) VALUES (83,972,169,175);
INSERT INTO translationHasNote (translation_id,note_id,ptr_start,ptr_end) VALUES (83,973,200,205);
INSERT INTO translationHasNote (translation_id,note_id,ptr_start,ptr_end) VALUES (83,974,597,605);
INSERT INTO translationHasNote (translation_id,note_id,ptr_start,ptr_end) VALUES (83,975,800,807);
INSERT INTO translationHasNote (translation_id,note_id,ptr_start,ptr_end) VALUES (83,976,1614,1627);
INSERT INTO translationHasNote (translation_id,note_id,ptr_start,ptr_end) VALUES (83,977,1821,1830);
INSERT INTO translationHasNote (translation_id,note_id,ptr_start,ptr_end) VALUES (83,978,1942,1947);
INSERT INTO translationHasNote (translation_id,note_id,ptr_start,ptr_end) VALUES (83,979,2041,2049);
INSERT INTO translationHasNote (translation_id,note_id,ptr_start,ptr_end) VALUES (83,980,2057,2065);
INSERT INTO translationHasNote (translation_id,note_id,ptr_start,ptr_end) VALUES (83,981,2109,2114);
INSERT INTO translationHasNote (translation_id,note_id,ptr_start,ptr_end) VALUES (83,982,2174,2182);
--========================================
INSERT INTO note (note_id,note_type_id,user_ref,content) VALUES (983,0,'jpilla','Les « catteux » (latin capitalia) sont des biens individuels principalement mobiliers. Le terme est synonyme de meubles et s’oppose à heritage ou erve qui désignent dans les textes le patrimoine immobilier. Ces deux catégories de biens sont très différenciées par le droit coutumier qui, par exemple, définit des règles successorales distinctes pour chacune.');
INSERT INTO note (note_id,note_type_id,user_ref,content) VALUES (984,0,'jpilla','Les rentes à vie sont l’un des investissements favoris de la bourgeoisie.');
INSERT INTO note (note_id,note_type_id,user_ref,content) VALUES (985,0,'jpilla','Les rentes à vie sont l’un des investissements favoris de la bourgeoisie.');
INSERT INTO note (note_id,note_type_id,user_ref,content) VALUES (986,0,'jpilla','Le « mariage » (maritagium) peut désigner le douaire ou la dotation des époux : les biens sont définis comme la part de l’héritage paternel devant constituer cette dotation au jour du mariage.');
INSERT INTO note (note_id,note_type_id,user_ref,content) VALUES (987,0,'jpilla','Sans doute Angre (Belgique, Hainaut, arr. Mons).');
------------------------------------------
------------------------------------------
INSERT INTO transcriptionHasNote (transcription_id,note_id,ptr_start,ptr_end) VALUES (84,983,528,535);
INSERT INTO transcriptionHasNote (transcription_id,note_id,ptr_start,ptr_end) VALUES (84,984,539,547);
INSERT INTO transcriptionHasNote (transcription_id,note_id,ptr_start,ptr_end) VALUES (84,985,554,559);
INSERT INTO transcriptionHasNote (transcription_id,note_id,ptr_start,ptr_end) VALUES (84,986,648,668);
INSERT INTO transcriptionHasNote (transcription_id,note_id,ptr_start,ptr_end) VALUES (84,987,697,704);
------------------------------------------
--========================================
INSERT INTO note (note_id,note_type_id,user_ref,content) VALUES (988,0,'jpilla','Raymond de Felgar, dominicain, évêque de Toulouse de 1232 à 1270.');
INSERT INTO note (note_id,note_type_id,user_ref,content) VALUES (989,0,'jpilla','Raymond Gaucelm, seigneur de Lunel (Hérault, ch.-l. cant.), par ailleurs connu comme troubadour, avait été sénéchal du Venaissin pour le comte de Toulouse.');
INSERT INTO note (note_id,note_type_id,user_ref,content) VALUES (990,0,'jpilla','Sicard Alaman, issu d’une modeste famille seigneuriale d’Albigeois, a été un fidèle et lieutenant puissant de Raymond VII, puis d’Alphonse de Poitiers.');
INSERT INTO note (note_id,note_type_id,user_ref,content) VALUES (991,0,'jpilla','Amédée [IV], comte de Savoie de 1232 à sa mort en 1253, duc d’Aoste et duc de Chablais à partir de 1238. Le titre marquisal est porté par le lignage depuis le XIe siècle, mais lui-même ne put s’emparer de Turin.');
INSERT INTO note (note_id,note_type_id,user_ref,content) VALUES (992,0,'jpilla','Le redoublement du mot « benignitas », employé métaphoriquement pour désigner les destinataires, est à l’évidence une bourde du scribe qui, par persévération, a ainsi sauté un autre substantif (comme, simple hypothèse, « prudentia »).');
INSERT INTO note (note_id,note_type_id,user_ref,content) VALUES (993,0,'jpilla','Le redoublement du mot « benignitas », employé métaphoriquement pour désigner les destinataires, est à l’évidence une bourde du scribe qui, par persévération, a ainsi sauté un autre substantif (comme, simple hypothèse, « prudentia »).');
INSERT INTO note (note_id,note_type_id,user_ref,content) VALUES (994,0,'jpilla','Le monastère de Hautecombe (bénédictins, puis cisterciens) se trouvait sur la montagne de Cessens, sur la rive gauche du lac du Bourget ; depuis sa fondation, il entretenait des liens très étroits avec les comtes de Savoie ; Amédée IV y fut enseveli.');
INSERT INTO note (note_id,note_type_id,user_ref,content) VALUES (995,0,'jpilla','Raymond [VII], dit Raymond le Jeune, comte de Toulouse à partir de 1222, est mort à Millau le 27 septembre 1249.');
INSERT INTO note (note_id,note_type_id,user_ref,content) VALUES (996,0,'jpilla','Cécile des Baux, fille de Baral des Baux, vicomte de Marseille, partisan de l’empereur et depuis 1230 du comte de Toulouse. Baral avait épousé une nièce de Raymond VII, Sibile d’Anduze : nous qualiferions Cécile de petite-nièce de Raymond VII. Le qualificatif de sœur ne figurait pas quant à lui au contrat de mariage.');
INSERT INTO note (note_id,note_type_id,user_ref,content) VALUES (997,0,'jpilla','Le 29 septembre. Par sa position dans l’année, la fête constitue un fréquent terme de paiement comme de reddition de compte.');
------------------------------------------
INSERT INTO note (note_id,note_type_id,user_ref,content) VALUES (998,0,'jpilla','Raymond de Felgar, dominicain, évêque de Toulouse de 1232 à 1270.');
INSERT INTO note (note_id,note_type_id,user_ref,content) VALUES (999,0,'jpilla','Raymond Gaucelm, seigneur de Lunel (Hérault, ch.-l. cant.), par ailleurs connu comme troubadour, avait été sénéchal du Venaissin pour le comte de Toulouse.');
INSERT INTO note (note_id,note_type_id,user_ref,content) VALUES (1000,0,'jpilla','Raymond Gaucelm, seigneur de Lunel (Hérault, ch.-l. cant.), par ailleurs connu comme troubadour, avait été sénéchal du Venaissin pour le comte de Toulouse.');
INSERT INTO note (note_id,note_type_id,user_ref,content) VALUES (1001,0,'jpilla','Sicard Alaman, issu d’une modeste famille seigneuriale d’Albigeois, a été un fidèle et lieutenant puissant de Raymond VII, puis d’Alphonse de Poitiers.');
INSERT INTO note (note_id,note_type_id,user_ref,content) VALUES (1002,0,'jpilla','Amédée [IV], comte de Savoie de 1232 à sa mort en 1253, duc d’Aoste et duc de Chablais à partir de 1238. Le titre marquisal est porté par le lignage depuis le XIe siècle, mais lui-même ne put s’emparer de Turin.');
INSERT INTO note (note_id,note_type_id,user_ref,content) VALUES (1003,0,'jpilla','Le redoublement du mot « benignitas », employé métaphoriquement pour désigner les destinataires, est à l’évidence une bourde du scribe qui, par persévération, a ainsi sauté un autre substantif (comme, simple hypothèse, « prudentia »).');
INSERT INTO note (note_id,note_type_id,user_ref,content) VALUES (1004,0,'jpilla','Le monastère de Hautecombe (bénédictins, puis cisterciens) se trouvait sur la montagne de Cessens, sur la rive gauche du lac du Bourget ; depuis sa fondation, il entretenait des liens très étroits avec les comtes de Savoie ; Amédée IV y fut enseveli.');
INSERT INTO note (note_id,note_type_id,user_ref,content) VALUES (1005,0,'jpilla','Raymond [VII], dit Raymond le Jeune, comte de Toulouse à partir de 1222, est mort à Millau le 27 septembre 1249.');
INSERT INTO note (note_id,note_type_id,user_ref,content) VALUES (1006,0,'jpilla','Cécile des Baux, fille de Baral des Baux, vicomte de Marseille, partisan de l’empereur et depuis 1230 du comte de Toulouse. Baral avait épousé une nièce de Raymond VII, Sibile d’Anduze : nous qualiferions Cécile de petite-nièce de Raymond VII. Le qualificatif de sœur ne figurait pas quant à lui au contrat de mariage.');
INSERT INTO note (note_id,note_type_id,user_ref,content) VALUES (1007,0,'jpilla','Le 29 septembre. Par sa position dans l’année, la fête constitue un fréquent terme de paiement comme de reddition de compte.');
------------------------------------------
INSERT INTO transcriptionHasNote (transcription_id,note_id,ptr_start,ptr_end) VALUES (85,988,57,75);
INSERT INTO transcriptionHasNote (transcription_id,note_id,ptr_start,ptr_end) VALUES (85,989,137,170);
INSERT INTO transcriptionHasNote (transcription_id,note_id,ptr_start,ptr_end) VALUES (85,990,188,204);
INSERT INTO transcriptionHasNote (transcription_id,note_id,ptr_start,ptr_end) VALUES (85,991,206,229);
INSERT INTO transcriptionHasNote (transcription_id,note_id,ptr_start,ptr_end) VALUES (85,992,343,353);
INSERT INTO transcriptionHasNote (transcription_id,note_id,ptr_start,ptr_end) VALUES (85,993,360,376);
INSERT INTO transcriptionHasNote (transcription_id,note_id,ptr_start,ptr_end) VALUES (85,994,461,471);
INSERT INTO transcriptionHasNote (transcription_id,note_id,ptr_start,ptr_end) VALUES (85,995,664,680);
INSERT INTO transcriptionHasNote (transcription_id,note_id,ptr_start,ptr_end) VALUES (85,996,770,783);
INSERT INTO transcriptionHasNote (transcription_id,note_id,ptr_start,ptr_end) VALUES (85,997,1216,1238);
------------------------------------------
INSERT INTO translationHasNote (translation_id,note_id,ptr_start,ptr_end) VALUES (85,998,46,64);
INSERT INTO translationHasNote (translation_id,note_id,ptr_start,ptr_end) VALUES (85,999,152,180);
INSERT INTO translationHasNote (translation_id,note_id,ptr_start,ptr_end) VALUES (85,1000,187,192);
INSERT INTO translationHasNote (translation_id,note_id,ptr_start,ptr_end) VALUES (85,1001,209,222);
INSERT INTO translationHasNote (translation_id,note_id,ptr_start,ptr_end) VALUES (85,1002,224,247);
INSERT INTO translationHasNote (translation_id,note_id,ptr_start,ptr_end) VALUES (85,1003,398,428);
INSERT INTO translationHasNote (translation_id,note_id,ptr_start,ptr_end) VALUES (85,1004,577,587);
INSERT INTO translationHasNote (translation_id,note_id,ptr_start,ptr_end) VALUES (85,1005,773,790);
INSERT INTO translationHasNote (translation_id,note_id,ptr_start,ptr_end) VALUES (85,1006,941,953);
INSERT INTO translationHasNote (translation_id,note_id,ptr_start,ptr_end) VALUES (85,1007,1390,1402);
--========================================
INSERT INTO note (note_id,note_type_id,user_ref,content) VALUES (1008,0,'jpilla','Louis XI, roi de France (1461-1483).');
INSERT INTO note (note_id,note_type_id,user_ref,content) VALUES (1009,0,'jpilla','Ham (Somme, ch.-l. cant.).');
INSERT INTO note (note_id,note_type_id,user_ref,content) VALUES (1010,0,'jpilla','Péronne (Somme, ch.-l. arr.).');
INSERT INTO note (note_id,note_type_id,user_ref,content) VALUES (1011,0,'jpilla','Charles le Téméraire, duc de Bourgogne (1467-1477).');
INSERT INTO note (note_id,note_type_id,user_ref,content) VALUES (1012,0,'jpilla','Les Quatre Membres du comté sont Gand, Ypres, Bruges et le Franc de Bruges.');
INSERT INTO note (note_id,note_type_id,user_ref,content) VALUES (1013,0,'jpilla','Le relèvement en cas d’appel est une procédure par laquelle le Parlement se déclare compétent et accepte l’appel qui lui est adressé.');
INSERT INTO note (note_id,note_type_id,user_ref,content) VALUES (1014,0,'jpilla','Jean de La Loère, important secrétaire des rois Charles VII et Louis XI, encore attesté le 19 août 1478. Il avait accompagné le roi à Péronne, et c’est lui qui y établit l’acte dit « traité de Péronne » et ses lettres d’exécution.');
INSERT INTO note (note_id,note_type_id,user_ref,content) VALUES (1015,0,'jpilla','Gilbert Brunat était lui aussi notaire et secrétaire du roi, mais attaché au greffe du Parlement de Paris. Il résigna sa charge en faveur de son fils en 1478.');
------------------------------------------
------------------------------------------
INSERT INTO transcriptionHasNote (transcription_id,note_id,ptr_start,ptr_end) VALUES (86,1008,3,7);
INSERT INTO transcriptionHasNote (transcription_id,note_id,ptr_start,ptr_end) VALUES (86,1009,168,171);
INSERT INTO transcriptionHasNote (transcription_id,note_id,ptr_start,ptr_end) VALUES (86,1010,218,225);
INSERT INTO transcriptionHasNote (transcription_id,note_id,ptr_start,ptr_end) VALUES (86,1011,323,340);
INSERT INTO transcriptionHasNote (transcription_id,note_id,ptr_start,ptr_end) VALUES (86,1012,686,712);
INSERT INTO transcriptionHasNote (transcription_id,note_id,ptr_start,ptr_end) VALUES (86,1013,1038,1064);
INSERT INTO transcriptionHasNote (transcription_id,note_id,ptr_start,ptr_end) VALUES (86,1014,2775,2789);
INSERT INTO transcriptionHasNote (transcription_id,note_id,ptr_start,ptr_end) VALUES (86,1015,3088,3097);
------------------------------------------
--========================================
INSERT INTO note (note_id,note_type_id,user_ref,content) VALUES (1016,0,'jpilla','Le doyen de chrétienté ou archiprêtre était à la tête d’un groupe de paroisses. Cette subdivision de base du diocèse joue un rôle très important à compter du XIIIe siècle.');
INSERT INTO note (note_id,note_type_id,user_ref,content) VALUES (1017,0,'jpilla','Verberie (Oise, cant. Pont-Sainte-Maxence), n’est plus au XVIe siècle chef-lieu de doyenné, mais dépend alors de celui de Béthisy (diocèse Soissons).');
INSERT INTO note (note_id,note_type_id,user_ref,content) VALUES (1018,0,'jpilla','Compiègne (Oise, ch.-l. arr.).');
INSERT INTO note (note_id,note_type_id,user_ref,content) VALUES (1019,0,'jpilla','Chaalis, abbaye cistercienne, fille de Pontigny, fondée en 1136 (Oise, cant. Nanteuil-le-Haudouin, comm. Fontaine-Chaalis), 18 km SSW de Verberie.');
INSERT INTO note (note_id,note_type_id,user_ref,content) VALUES (1020,0,'jpilla','Huleux (Oise, cant. Crépy-en-Valois, comm. Néry), 6 km SSE de Verberie. C’est la localisation de ce bien, plus que celle des parties, qui semble expliquer le recours au doyen de chrétienté de Verberie.');
INSERT INTO note (note_id,note_type_id,user_ref,content) VALUES (1021,0,'jpilla','Il existe plusieurs Fresnoy dans l’Oise ; la proximité des autres lieux identifiés impose de choisir Grandfresnoy (Oise, cant. Estrées-Saint-Denis), 12 km SW de Compiègne.');
INSERT INTO note (note_id,note_type_id,user_ref,content) VALUES (1022,0,'jpilla','Sacy-le-Petit (Oise, cant. Liancourt, 2 km SW de Grandfresnoy) reçoit déjà son surnom dans deux actes de 1162.');
INSERT INTO note (note_id,note_type_id,user_ref,content) VALUES (1023,0,'jpilla','La foi corporelle est une promesse faite en touchant physisquement un objet consacré.');
------------------------------------------
INSERT INTO note (note_id,note_type_id,user_ref,content) VALUES (1024,0,'jpilla','Le doyen de chrétienté ou archiprêtre était à la tête d’un groupe de paroisses. Cette subdivision de base du diocèse joue un rôle très important à compter du XIIIe siècle.');
INSERT INTO note (note_id,note_type_id,user_ref,content) VALUES (1025,0,'jpilla','Verberie (Oise, cant. Pont-Sainte-Maxence), n’est plus au XVIe siècle chef-lieu de doyenné, mais dépend alors de celui de Béthisy (diocèse Soissons).');
INSERT INTO note (note_id,note_type_id,user_ref,content) VALUES (1026,0,'jpilla','Compiègne (Oise, ch.-l. arr.).');
INSERT INTO note (note_id,note_type_id,user_ref,content) VALUES (1027,0,'jpilla','Chaalis, abbaye cistercienne, fille de Pontigny, fondée en 1136 (Oise, cant. Nanteuil-le-Haudouin, comm. Fontaine-Chaalis), 18 km SSW de Verberie.');
INSERT INTO note (note_id,note_type_id,user_ref,content) VALUES (1028,0,'jpilla','Huleux (Oise, cant. Crépy-en-Valois, comm. Néry), 6 km SSE de Verberie. C’est la localisation de ce bien, plus que celle des parties, qui semble expliquer le recours au doyen de chrétienté de Verberie.');
INSERT INTO note (note_id,note_type_id,user_ref,content) VALUES (1029,0,'jpilla','Il existe plusieurs Fresnoy dans l’Oise ; la proximité des autres lieux identifiés impose de choisir Grandfresnoy (Oise, cant. Estrées-Saint-Denis), 12 km SW de Compiègne.');
INSERT INTO note (note_id,note_type_id,user_ref,content) VALUES (1030,0,'jpilla','Sacy-le-Petit (Oise, cant. Liancourt, 2 km SW de Grandfresnoy) reçoit déjà son surnom dans deux actes de 1162.');
INSERT INTO note (note_id,note_type_id,user_ref,content) VALUES (1031,0,'jpilla','La foi corporelle est une promesse faite en touchant physisquement un objet consacré.');
------------------------------------------
INSERT INTO transcriptionHasNote (transcription_id,note_id,ptr_start,ptr_end) VALUES (87,1016,14,37);
INSERT INTO transcriptionHasNote (transcription_id,note_id,ptr_start,ptr_end) VALUES (87,1017,41,49);
INSERT INTO transcriptionHasNote (transcription_id,note_id,ptr_start,ptr_end) VALUES (87,1018,198,207);
INSERT INTO transcriptionHasNote (transcription_id,note_id,ptr_start,ptr_end) VALUES (87,1019,277,287);
INSERT INTO transcriptionHasNote (transcription_id,note_id,ptr_start,ptr_end) VALUES (87,1020,431,455);
INSERT INTO transcriptionHasNote (transcription_id,note_id,ptr_start,ptr_end) VALUES (87,1021,888,912);
INSERT INTO transcriptionHasNote (transcription_id,note_id,ptr_start,ptr_end) VALUES (87,1022,921,936);
INSERT INTO transcriptionHasNote (transcription_id,note_id,ptr_start,ptr_end) VALUES (87,1023,1179,1189);
------------------------------------------
INSERT INTO translationHasNote (translation_id,note_id,ptr_start,ptr_end) VALUES (87,1024,12,31);
INSERT INTO translationHasNote (translation_id,note_id,ptr_start,ptr_end) VALUES (87,1025,35,43);
INSERT INTO translationHasNote (translation_id,note_id,ptr_start,ptr_end) VALUES (87,1026,206,215);
INSERT INTO translationHasNote (translation_id,note_id,ptr_start,ptr_end) VALUES (87,1027,293,300);
INSERT INTO translationHasNote (translation_id,note_id,ptr_start,ptr_end) VALUES (87,1028,437,443);
INSERT INTO translationHasNote (translation_id,note_id,ptr_start,ptr_end) VALUES (87,1029,882,894);
INSERT INTO translationHasNote (translation_id,note_id,ptr_start,ptr_end) VALUES (87,1030,906,919);
INSERT INTO translationHasNote (translation_id,note_id,ptr_start,ptr_end) VALUES (87,1031,1151,1165);
--========================================
INSERT INTO note (note_id,note_type_id,user_ref,content) VALUES (1032,0,'jpilla','En 1276, le bailli de Cotentin est Chrétien le Chambellan (1274-1286), originaire du diocèse de Bayeux et vicomte de Caen en 1269. Mais son nom n’est pas donné : il agit ex officio, comme le ferait un official.');
INSERT INTO note (note_id,note_type_id,user_ref,content) VALUES (1033,0,'jpilla','Mortain (Manche, ch.-l. cant.), 36 km E d’Avranches. L’expression vise le couvent dit « des Blanches » (Albae dominae), moniales installées en 1105 par le comte de Mortain puis affiliées à l’ordre cistercien.');
INSERT INTO note (note_id,note_type_id,user_ref,content) VALUES (1034,0,'jpilla','tournois, l’une des deux grandes monnaies royales, à l’origine frappée à Tours, et saisie par Philippe Auguste avec les possessions plantagenet.');
INSERT INTO note (note_id,note_type_id,user_ref,content) VALUES (1035,0,'jpilla','Célébrée le 29 septembre, la Saint-Michel est particulièrement fêtée en Normandie, où elle constitue un terme de paiement très fréquent. La précision du mois distingue la fête d’autres, Apparition (8 mai), et surtout Dédicace de l’église du Mont-Saint-Michel (16 novembre).');
INSERT INTO note (note_id,note_type_id,user_ref,content) VALUES (1036,0,'jpilla','Célébrée le 29 septembre, la Saint-Michel est particulièrement fêtée en Normandie, où elle constitue un terme de paiement très fréquent. La précision du mois distingue la fête d’autres, Apparition (8 mai), et surtout Dédicace de l’église du Mont-Saint-Michel (16 novembre).');
INSERT INTO note (note_id,note_type_id,user_ref,content) VALUES (1037,0,'jpilla','s’arme = son âme.');
INSERT INTO note (note_id,note_type_id,user_ref,content) VALUES (1038,0,'jpilla','porseer = posséder (lat. possidere).');
INSERT INTO note (note_id,note_type_id,user_ref,content) VALUES (1039,0,'jpilla','Chalandrey (Manche, cant. et comm. Isigny-le-Buat), 20 km WSW de Mortain.');
INSERT INTO note (note_id,note_type_id,user_ref,content) VALUES (1040,0,'jpilla','À comprendre sans doute au sens large (lat. jus), “droit” : “en un autre lieu convenable où le prieur et les moniales estimeront pouvoir exercer [sans perte] leur droit à percevoir ladite rente”.');
INSERT INTO note (note_id,note_type_id,user_ref,content) VALUES (1041,0,'jpilla','Représentant, procureur, qui doit présenter des lettres de procuration.');
INSERT INTO note (note_id,note_type_id,user_ref,content) VALUES (1042,0,'jpilla','Vite repérables, vite démontées, indispensables, les parties en fer de la machinerie du moulin sont souvent citées comme proies des malfaiteurs ou comme gages. Le “fer du moulin” ou “grand fer” désignait l’axe de la lanterne qui transmettait le mouvement aux meules ; le “petit fer” pourrait être le tourillon supportant l’arbre.');
INSERT INTO note (note_id,note_type_id,user_ref,content) VALUES (1043,0,'jpilla','Sur le modèle de la clause de réserve usuelle dans l’acte royal, l’acte du bailli déclare que l’acte ne pourra en rien porter atteinte aux droits du roi ou d’un tiers.');
INSERT INTO note (note_id,note_type_id,user_ref,content) VALUES (1044,0,'jpilla','Le bailli royal ne peut que suivre, à cette date, le style de Pâques. L’acte est délivré en carême, donc avant Pâques : le millésime 1275 (a.st.) doit être converti en 1276 (n.st.). Cette année-là, Pâques tombe le 5 avril, et la mi-carême (placée au Moyen Âge au 4e dimanche de carême) le 15 mars. Nous sommes donc le mardi 17 mars 1276 (n.st.).');
------------------------------------------
------------------------------------------
INSERT INTO transcriptionHasNote (transcription_id,note_id,ptr_start,ptr_end) VALUES (88,1032,72,80);
INSERT INTO transcriptionHasNote (transcription_id,note_id,ptr_start,ptr_end) VALUES (88,1033,265,273);
INSERT INTO transcriptionHasNote (transcription_id,note_id,ptr_start,ptr_end) VALUES (88,1034,310,317);
INSERT INTO transcriptionHasNote (transcription_id,note_id,ptr_start,ptr_end) VALUES (88,1035,373,385);
INSERT INTO transcriptionHasNote (transcription_id,note_id,ptr_start,ptr_end) VALUES (88,1036,392,403);
INSERT INTO transcriptionHasNote (transcription_id,note_id,ptr_start,ptr_end) VALUES (88,1037,487,493);
INSERT INTO transcriptionHasNote (transcription_id,note_id,ptr_start,ptr_end) VALUES (88,1038,507,514);
INSERT INTO transcriptionHasNote (transcription_id,note_id,ptr_start,ptr_end) VALUES (88,1039,626,636);
INSERT INTO transcriptionHasNote (transcription_id,note_id,ptr_start,ptr_end) VALUES (88,1040,802,810);
INSERT INTO transcriptionHasNote (transcription_id,note_id,ptr_start,ptr_end) VALUES (88,1041,1014,1026);
INSERT INTO transcriptionHasNote (transcription_id,note_id,ptr_start,ptr_end) VALUES (88,1042,1079,1082);
INSERT INTO transcriptionHasNote (transcription_id,note_id,ptr_start,ptr_end) VALUES (88,1043,1536,1549);
INSERT INTO transcriptionHasNote (transcription_id,note_id,ptr_start,ptr_end) VALUES (88,1044,1686,1693);
------------------------------------------
--========================================
------------------------------------------
------------------------------------------
------------------------------------------
--========================================
------------------------------------------
------------------------------------------
------------------------------------------
--========================================
INSERT INTO note (note_id,note_type_id,user_ref,content) VALUES (1045,0,'jpilla','Guy du Més est attesté comme prévôt de Paris (plus exactement comme « garde de la prévôté », ne tenant pas la prévôté à ferme), représentant direct du pouvoir royal dans la ville et alentour, entre 1277 et 1281.');
INSERT INTO note (note_id,note_type_id,user_ref,content) VALUES (1046,0,'jpilla','Robert II le Pieux, associé au trône le 25 décembre 987, seul roi au décès de Hugues Capet le 24 octobre 996.');
INSERT INTO note (note_id,note_type_id,user_ref,content) VALUES (1047,0,'jpilla','Le copiste de 1279 a souvent lu à tort « eciam » l’abréviation « et » de l’original de 999, que l’on rend ici avec un sens affaibli ou comme une simple conjonction.');
INSERT INTO note (note_id,note_type_id,user_ref,content) VALUES (1048,0,'jpilla','Ermenfroi, connu comme vassal du comte Bouchard II, mort après 1006.');
INSERT INTO note (note_id,note_type_id,user_ref,content) VALUES (1049,0,'jpilla','Évry (Essonne, ch.-l. dép.). L’original de 999 donne « Ayvreum ».');
INSERT INTO note (note_id,note_type_id,user_ref,content) VALUES (1050,0,'jpilla','Corbeil-Essonnes (Essone, ch.-l. cant.).');
INSERT INTO note (note_id,note_type_id,user_ref,content) VALUES (1051,0,'jpilla','La « voirie » (on parle plus bas des voyers) recouvre fondamentalement les droits de police et de justice, tout ce qui touche le maintien de l’ordre ; elle sous-entend aussi l’idée de délégation (le vicarius est à l’origine un subordonné du comte).');
INSERT INTO note (note_id,note_type_id,user_ref,content) VALUES (1052,0,'jpilla','L’avouerie semble viser ici à la fois l’exclusion de toute intervention d’un puissant laïque agissant comme avoué du monastère, et l’ensemble des droits qu’il exerce et lève à cette occasion.');
INSERT INTO note (note_id,note_type_id,user_ref,content) VALUES (1053,0,'jpilla','L’abbaye des Fossés (Saint-Maur-des-Fossés, Val-de-Marne, ch.-l. cant.), abbaye bénédictine fondé en 638, a été réformée par Maïeul de Cluny en 988 à la demande de Hugues Capet. Elle a accueilli en 868 les reliques de saint Maur, dont elle finit par prendre le nom.');
INSERT INTO note (note_id,note_type_id,user_ref,content) VALUES (1054,0,'jpilla','Hésitant sur un « G » majuscule qui lui était étranger, le copiste de 1279 a rendu par « Zelo » le nom franc « Gelo/Geilo ».');
INSERT INTO note (note_id,note_type_id,user_ref,content) VALUES (1055,0,'jpilla','Lisses (Essonne, cant. Évry-Sud).');
INSERT INTO note (note_id,note_type_id,user_ref,content) VALUES (1056,0,'jpilla','Bouchard « le Vénérable », fidèle du roi de France, comte de Vendôme, de Corbeil, de Melun et de Paris de 959 à 1007, avoué de Saint-Maur-des-Fossés.');
INSERT INTO note (note_id,note_type_id,user_ref,content) VALUES (1057,0,'jpilla','Peinant à lire et comprendre le « precluenti[s] » à la fois alambiqué et fautif de l’original, le copiste a simplifié la leçon (c’est une illustration du principe philologique de la lectio difficilior : les copistes préfèrant des mots plus simples, la leçon plus complexe a plus de chance d’être bonne).');
INSERT INTO note (note_id,note_type_id,user_ref,content) VALUES (1058,0,'jpilla','Renaud, fils du comte Bouchard, chancelier du roi à partir de 989, évêque de Paris à partir de 991.');
INSERT INTO note (note_id,note_type_id,user_ref,content) VALUES (1059,0,'jpilla','Adélaïde, sœur du duc d’Aquitaine Guillaume IV, épouse de Hugues Capet, encore attestée en 1003.');
INSERT INTO note (note_id,note_type_id,user_ref,content) VALUES (1060,0,'jpilla','Adélaïde, sœur du duc d’Aquitaine Guillaume IV, épouse de Hugues Capet, encore attestée en 1003.');
INSERT INTO note (note_id,note_type_id,user_ref,content) VALUES (1061,0,'jpilla','Francon, chancelier du roi jusqu’en 1018, évêque de Paris de 1020 à 1030.');
------------------------------------------
INSERT INTO note (note_id,note_type_id,user_ref,content) VALUES (1062,0,'jpilla','Guy du Més est attesté comme prévôt de Paris (plus exactement comme « garde de la prévôté », ne tenant pas la prévôté à ferme), représentant direct du pouvoir royal dans la ville et alentour, entre 1277 et 1281.');
INSERT INTO note (note_id,note_type_id,user_ref,content) VALUES (1063,0,'jpilla','Robert II le Pieux, associé au trône le 25 décembre 987, seul roi au décès de Hugues Capet le 24 octobre 996.');
INSERT INTO note (note_id,note_type_id,user_ref,content) VALUES (1064,0,'jpilla','Le copiste de 1279 a souvent lu à tort « eciam » l’abréviation « et » de l’original de 999, que l’on rend ici avec un sens affaibli ou comme une simple conjonction.');
INSERT INTO note (note_id,note_type_id,user_ref,content) VALUES (1065,0,'jpilla','Ermenfroi, connu comme vassal du comte Bouchard II, mort après 1006.');
INSERT INTO note (note_id,note_type_id,user_ref,content) VALUES (1066,0,'jpilla','Évry (Essonne, ch.-l. dép.). L’original de 999 donne « Ayvreum ».');
INSERT INTO note (note_id,note_type_id,user_ref,content) VALUES (1067,0,'jpilla','Corbeil-Essonnes (Essone, ch.-l. cant.).');
INSERT INTO note (note_id,note_type_id,user_ref,content) VALUES (1068,0,'jpilla','La « voirie » (on parle plus bas des voyers) recouvre fondamentalement les droits de police et de justice, tout ce qui touche le maintien de l’ordre ; elle sous-entend aussi l’idée de délégation (le vicarius est à l’origine un subordonné du comte).');
INSERT INTO note (note_id,note_type_id,user_ref,content) VALUES (1069,0,'jpilla','L’avouerie semble viser ici à la fois l’exclusion de toute intervention d’un puissant laïque agissant comme avoué du monastère, et l’ensemble des droits qu’il exerce et lève à cette occasion.');
INSERT INTO note (note_id,note_type_id,user_ref,content) VALUES (1070,0,'jpilla','L’abbaye des Fossés (Saint-Maur-des-Fossés, Val-de-Marne, ch.-l. cant.), abbaye bénédictine fondé en 638, a été réformée par Maïeul de Cluny en 988 à la demande de Hugues Capet. Elle a accueilli en 868 les reliques de saint Maur, dont elle finit par prendre le nom.');
INSERT INTO note (note_id,note_type_id,user_ref,content) VALUES (1071,0,'jpilla','Hésitant sur un « G » majuscule qui lui était étranger, le copiste de 1279 a rendu par « Zelo » le nom franc « Gelo/Geilo ».');
INSERT INTO note (note_id,note_type_id,user_ref,content) VALUES (1072,0,'jpilla','Lisses (Essonne, cant. Évry-Sud).');
INSERT INTO note (note_id,note_type_id,user_ref,content) VALUES (1073,0,'jpilla','Bouchard « le Vénérable », fidèle du roi de France, comte de Vendôme, de Corbeil, de Melun et de Paris de 959 à 1007, avoué de Saint-Maur-des-Fossés.');
INSERT INTO note (note_id,note_type_id,user_ref,content) VALUES (1074,0,'jpilla','Renaud, fils du comte Bouchard, chancelier du roi à partir de 989, évêque de Paris à partir de 991.');
INSERT INTO note (note_id,note_type_id,user_ref,content) VALUES (1075,0,'jpilla','Peinant à lire et comprendre le « precluenti[s] » à la fois alambiqué et fautif de l’original, le copiste a simplifié la leçon (c’est une illustration du principe philologique de la lectio difficilior : les copistes préfèrant des mots plus simples, la leçon plus complexe a plus de chance d’être bonne).');
INSERT INTO note (note_id,note_type_id,user_ref,content) VALUES (1076,0,'jpilla','Adélaïde, sœur du duc d’Aquitaine Guillaume IV, épouse de Hugues Capet, encore attestée en 1003.');
INSERT INTO note (note_id,note_type_id,user_ref,content) VALUES (1077,0,'jpilla','Berthe, veuve d’Eudes I de Blois et deuxième épouse de Robert le Pieux. Les époux sont alors sous le coup de l’anathème pontifical pour union illicite.');
INSERT INTO note (note_id,note_type_id,user_ref,content) VALUES (1078,0,'jpilla','Francon, chancelier du roi jusqu’en 1018, évêque de Paris de 1020 à 1030.');
------------------------------------------
INSERT INTO transcriptionHasNote (transcription_id,note_id,ptr_start,ptr_end) VALUES (91,1045,42,52);
INSERT INTO transcriptionHasNote (transcription_id,note_id,ptr_start,ptr_end) VALUES (91,1046,294,302);
INSERT INTO transcriptionHasNote (transcription_id,note_id,ptr_start,ptr_end) VALUES (91,1047,649,659);
INSERT INTO transcriptionHasNote (transcription_id,note_id,ptr_start,ptr_end) VALUES (91,1048,708,719);
INSERT INTO transcriptionHasNote (transcription_id,note_id,ptr_start,ptr_end) VALUES (91,1049,919,926);
INSERT INTO transcriptionHasNote (transcription_id,note_id,ptr_start,ptr_end) VALUES (91,1050,938,946);
INSERT INTO transcriptionHasNote (transcription_id,note_id,ptr_start,ptr_end) VALUES (91,1051,1000,1007);
INSERT INTO transcriptionHasNote (transcription_id,note_id,ptr_start,ptr_end) VALUES (91,1052,1014,1025);
INSERT INTO transcriptionHasNote (transcription_id,note_id,ptr_start,ptr_end) VALUES (91,1053,1136,1146);
INSERT INTO transcriptionHasNote (transcription_id,note_id,ptr_start,ptr_end) VALUES (91,1054,1476,1483);
INSERT INTO transcriptionHasNote (transcription_id,note_id,ptr_start,ptr_end) VALUES (91,1055,1734,1740);
INSERT INTO transcriptionHasNote (transcription_id,note_id,ptr_start,ptr_end) VALUES (91,1056,1807,1816);
INSERT INTO transcriptionHasNote (transcription_id,note_id,ptr_start,ptr_end) VALUES (91,1057,1867,1876);
INSERT INTO transcriptionHasNote (transcription_id,note_id,ptr_start,ptr_end) VALUES (91,1058,1877,1885);
INSERT INTO transcriptionHasNote (transcription_id,note_id,ptr_start,ptr_end) VALUES (91,1059,2072,2080);
INSERT INTO transcriptionHasNote (transcription_id,note_id,ptr_start,ptr_end) VALUES (91,1060,2102,2107);
INSERT INTO transcriptionHasNote (transcription_id,note_id,ptr_start,ptr_end) VALUES (91,1061,3039,3045);
------------------------------------------
INSERT INTO translationHasNote (translation_id,note_id,ptr_start,ptr_end) VALUES (91,1062,40,50);
INSERT INTO translationHasNote (translation_id,note_id,ptr_start,ptr_end) VALUES (91,1063,259,265);
INSERT INTO translationHasNote (translation_id,note_id,ptr_start,ptr_end) VALUES (91,1064,657,660);
INSERT INTO translationHasNote (translation_id,note_id,ptr_start,ptr_end) VALUES (91,1065,708,717);
INSERT INTO translationHasNote (translation_id,note_id,ptr_start,ptr_end) VALUES (91,1066,1018,1022);
INSERT INTO translationHasNote (translation_id,note_id,ptr_start,ptr_end) VALUES (91,1067,1067,1074);
INSERT INTO translationHasNote (translation_id,note_id,ptr_start,ptr_end) VALUES (91,1068,1094,1100);
INSERT INTO translationHasNote (translation_id,note_id,ptr_start,ptr_end) VALUES (91,1069,1104,1114);
INSERT INTO translationHasNote (translation_id,note_id,ptr_start,ptr_end) VALUES (91,1070,1237,1243);
INSERT INTO translationHasNote (translation_id,note_id,ptr_start,ptr_end) VALUES (91,1071,1625,1631);
INSERT INTO translationHasNote (translation_id,note_id,ptr_start,ptr_end) VALUES (91,1072,1825,1831);
INSERT INTO translationHasNote (translation_id,note_id,ptr_start,ptr_end) VALUES (91,1073,1917,1925);
INSERT INTO translationHasNote (translation_id,note_id,ptr_start,ptr_end) VALUES (91,1074,1947,1953);
INSERT INTO translationHasNote (translation_id,note_id,ptr_start,ptr_end) VALUES (91,1075,1958,1964);
INSERT INTO translationHasNote (translation_id,note_id,ptr_start,ptr_end) VALUES (91,1076,2113,2121);
INSERT INTO translationHasNote (translation_id,note_id,ptr_start,ptr_end) VALUES (91,1077,2155,2161);
INSERT INTO translationHasNote (translation_id,note_id,ptr_start,ptr_end) VALUES (91,1078,3199,3206);
--========================================
INSERT INTO note (note_id,note_type_id,user_ref,content) VALUES (1079,0,'jpilla','Michel est attesté comme doyen du chapitre cathédral de Paris de 1191 à 1194 ou 1195. Le doyen occupait, à la cathédrale de Paris, le premier rang (ce pouvait être ailleurs un autre dignitaire, par exemple le prévôt). Élu par les chanoines, il dirigeait le chapitre.');
INSERT INTO note (note_id,note_type_id,user_ref,content) VALUES (1080,0,'jpilla','Hilduin fut chancelier de l’église de Paris autour de 1180-1193 ; il est sans doute à confondre avec l’auteur homonyme d’ouvrages d’exégèse.');
INSERT INTO note (note_id,note_type_id,user_ref,content) VALUES (1081,0,'jpilla','Le chancelier conservait le sceau du chapitre et supervisait, comme ici, la rédaction de ses actes, mais à Paris faisait aussi fonction d’écolâtre ; à ce titre, il dirigeait l’école capitulaire et, après la naissance de l’Université de Paris, continua à délivrer (mais automatiquement) la licence.');
INSERT INTO note (note_id,note_type_id,user_ref,content) VALUES (1082,0,'jpilla','Anciens thermes gallo-romains, près de l’hôtel de l’abbé de Cluny (actuel Musée du Moyen Âge).');
INSERT INTO note (note_id,note_type_id,user_ref,content) VALUES (1083,0,'jpilla','L’église Saint-Benoît-le-Bétourné était consacrée à la Trinité. Elle s’élevait tout près de l’actuel carrefour de la rue des Écoles et de la rue Saint-Jacques, sur l’emplacement des bâtiments contemporains de la Sorbonne.');
INSERT INTO note (note_id,note_type_id,user_ref,content) VALUES (1084,0,'jpilla','Saint-Remi : il s’agit très probablement de la fête principale (translation en l’occurrence), le 1er octobre.');
INSERT INTO note (note_id,note_type_id,user_ref,content) VALUES (1085,0,'jpilla','Le chantre (ou préchantre) était chargé de la célébration et en premier lieu du chant et de l’enseignement du chant. À Paris, il contesta souvent la préséance au doyen.');
INSERT INTO note (note_id,note_type_id,user_ref,content) VALUES (1086,0,'jpilla','Assomption de la Vierge : le 15 août.');
INSERT INTO note (note_id,note_type_id,user_ref,content) VALUES (1087,0,'jpilla','signum. Les souscriptions (factices) sont énoncées dans l’ordre hiérarchique : prêtres, diacres, sous-diacres, pueri (clercs n’ayant reçu que les ordres mineurs) ; les prêtres simples chanoines sont précédés des dignitaires (il y en avait 8 à Paris, sur un total de 51 chanoines), énumérés dans l’ordre de préséance (seul ici le pénitencier est absent, puisque le chancelier est cité plus bas).');
INSERT INTO note (note_id,note_type_id,user_ref,content) VALUES (1088,0,'jpilla','Les archidiacres, bras droits de l’évêque dans l’administration du diocèse, sont aussi intégrés au chapitre, comme dignitaires. Il y en avait trois dans le diocèse de Paris, comme souvent désignés du nom de leur circonscription : de Paris, de Josas, de Brie.');
INSERT INTO note (note_id,note_type_id,user_ref,content) VALUES (1089,0,'jpilla','Le sous-chantre secondait le chantre.');
------------------------------------------
INSERT INTO note (note_id,note_type_id,user_ref,content) VALUES (1090,0,'jpilla','Michel est attesté comme doyen du chapitre cathédral de Paris de 1191 à 1194 ou 1195. Le doyen occupait, à la cathédrale de Paris, le premier rang (ce pouvait être ailleurs un autre dignitaire, par exemple le prévôt). Élu par les chanoines, il dirigeait le chapitre.');
INSERT INTO note (note_id,note_type_id,user_ref,content) VALUES (1091,0,'jpilla','Hilduin fut chancelier de l’église de Paris autour de 1180-1193 ; il est sans doute à confondre avec l’auteur homonyme d’ouvrages d’exégèse.');
INSERT INTO note (note_id,note_type_id,user_ref,content) VALUES (1092,0,'jpilla','Le chancelier conservait le sceau du chapitre et supervisait, comme ici, la rédaction de ses actes, mais à Paris faisait aussi fonction d’écolâtre ; à ce titre, il dirigeait l’école capitulaire et, après la naissance de l’Université de Paris, continua à délivrer (mais automatiquement) la licence.');
INSERT INTO note (note_id,note_type_id,user_ref,content) VALUES (1093,0,'jpilla','Anciens thermes gallo-romains, près de l’hôtel de l’abbé de Cluny (actuel Musée du Moyen Âge).');
INSERT INTO note (note_id,note_type_id,user_ref,content) VALUES (1094,0,'jpilla','L’église Saint-Benoît-le-Bétourné était consacrée à la Trinité. Elle s’élevait tout près de l’actuel carrefour de la rue des Écoles et de la rue Saint-Jacques, sur l’emplacement des bâtiments contemporains de la Sorbonne.');
INSERT INTO note (note_id,note_type_id,user_ref,content) VALUES (1095,0,'jpilla','Saint-Remi : il s’agit très probablement de la fête principale (translation en l’occurrence), le 1er octobre.');
INSERT INTO note (note_id,note_type_id,user_ref,content) VALUES (1096,0,'jpilla','Le chantre (ou préchantre) était chargé de la célébration et en premier lieu du chant et de l’enseignement du chant. À Paris, il contesta souvent la préséance au doyen.');
INSERT INTO note (note_id,note_type_id,user_ref,content) VALUES (1097,0,'jpilla','Assomption de la Vierge : le 15 août.');
INSERT INTO note (note_id,note_type_id,user_ref,content) VALUES (1098,0,'jpilla','signum. Les souscriptions (factices) sont énoncées dans l’ordre hiérarchique : prêtres, diacres, sous-diacres, pueri (clercs n’ayant reçu que les ordres mineurs) ; les prêtres simples chanoines sont précédés des dignitaires (il y en avait 8 à Paris, sur un total de 51 chanoines), énumérés dans l’ordre de préséance (seul ici le pénitencier est absent, puisque le chancelier est cité plus bas).');
INSERT INTO note (note_id,note_type_id,user_ref,content) VALUES (1099,0,'jpilla','Les archidiacres, bras droits de l’évêque dans l’administration du diocèse, sont aussi intégrés au chapitre, comme dignitaires. Il y en avait trois dans le diocèse de Paris, comme souvent désignés du nom de leur circonscription : de Paris, de Josas, de Brie.');
INSERT INTO note (note_id,note_type_id,user_ref,content) VALUES (1100,0,'jpilla','Le sous-chantre secondait le chantre.');
------------------------------------------
INSERT INTO transcriptionHasNote (transcription_id,note_id,ptr_start,ptr_end) VALUES (92,1079,54,69);
INSERT INTO transcriptionHasNote (transcription_id,note_id,ptr_start,ptr_end) VALUES (92,1080,183,192);
INSERT INTO transcriptionHasNote (transcription_id,note_id,ptr_start,ptr_end) VALUES (92,1081,205,217);
INSERT INTO transcriptionHasNote (transcription_id,note_id,ptr_start,ptr_end) VALUES (92,1082,274,280);
INSERT INTO transcriptionHasNote (transcription_id,note_id,ptr_start,ptr_end) VALUES (92,1083,633,649);
INSERT INTO transcriptionHasNote (transcription_id,note_id,ptr_start,ptr_end) VALUES (92,1084,660,674);
INSERT INTO transcriptionHasNote (transcription_id,note_id,ptr_start,ptr_end) VALUES (92,1085,822,833);
INSERT INTO transcriptionHasNote (transcription_id,note_id,ptr_start,ptr_end) VALUES (92,1086,960,983);
INSERT INTO transcriptionHasNote (transcription_id,note_id,ptr_start,ptr_end) VALUES (92,1087,1322,1328);
INSERT INTO transcriptionHasNote (transcription_id,note_id,ptr_start,ptr_end) VALUES (92,1088,1398,1410);
INSERT INTO transcriptionHasNote (transcription_id,note_id,ptr_start,ptr_end) VALUES (92,1089,1488,1499);
------------------------------------------
INSERT INTO translationHasNote (translation_id,note_id,ptr_start,ptr_end) VALUES (92,1090,55,68);
INSERT INTO translationHasNote (translation_id,note_id,ptr_start,ptr_end) VALUES (92,1091,205,219);
INSERT INTO translationHasNote (translation_id,note_id,ptr_start,ptr_end) VALUES (92,1092,221,231);
INSERT INTO translationHasNote (translation_id,note_id,ptr_start,ptr_end) VALUES (92,1093,358,365);
INSERT INTO translationHasNote (translation_id,note_id,ptr_start,ptr_end) VALUES (92,1094,657,669);
INSERT INTO translationHasNote (translation_id,note_id,ptr_start,ptr_end) VALUES (92,1095,695,705);
INSERT INTO translationHasNote (translation_id,note_id,ptr_start,ptr_end) VALUES (92,1096,824,834);
INSERT INTO translationHasNote (translation_id,note_id,ptr_start,ptr_end) VALUES (92,1097,984,1008);
INSERT INTO translationHasNote (translation_id,note_id,ptr_start,ptr_end) VALUES (92,1098,1383,1395);
INSERT INTO translationHasNote (translation_id,note_id,ptr_start,ptr_end) VALUES (92,1099,1478,1489);
INSERT INTO translationHasNote (translation_id,note_id,ptr_start,ptr_end) VALUES (92,1100,1589,1601);
--========================================
INSERT INTO note (note_id,note_type_id,user_ref,content) VALUES (1101,0,'jpilla','Henri II Plantagenêt (mort en 1189), comte d’Anjou et duc de Normandie par son père Geoffroy V Plantagenêt (mort en 1151), duc d’Aquitaine en 1152 par son mariage avec Aliénor, fille de Guillaume X d’Aquitaine, et roi d’Angleterre en 1154.');
INSERT INTO note (note_id,note_type_id,user_ref,content) VALUES (1102,0,'jpilla','Le Loroux (Maine-et-Loire, cant. Longué-Jumelles, comm. Vernantes, 18 km de Saumur), abbaye cistercienne fondée en 1121 par le comte d’Anjou Foulque V.');
INSERT INTO note (note_id,note_type_id,user_ref,content) VALUES (1103,0,'jpilla','Locus désigne tout type de maison religieuse, avec une connotation de simplicité, voire de modestie, d’absence d’institutionnalité. Repris par les cisterciens, le « lieu » devient « abbaye ».');
INSERT INTO note (note_id,note_type_id,user_ref,content) VALUES (1104,0,'jpilla','Beaugerais (Indre-et-Loire, cant. Montrésor, comm. Loché-sur-Indrois), à une quinzaine de km de Tours. Le site était occupé depuis quelque temps par un ermitage (d’où le terme de locus et la mention de biens déjà donnés) officiellement attesté dès 1153.');
INSERT INTO note (note_id,note_type_id,user_ref,content) VALUES (1105,0,'jpilla','Le boscus n’est pas tant ici l’espace boisé que l’espace inculte, mis en opposition aux terres exploitées ; l’opposition médiévale entre bosc et plain, comme le dit l’ancien français, poursuit l’opposition antique entre saltus et ager.');
INSERT INTO note (note_id,note_type_id,user_ref,content) VALUES (1106,0,'jpilla','L’exemption de taxes ne porte donc pas sur les biens destinés à la vente, ni sur ceux que les moines transporteraient pour autrui.');
INSERT INTO note (note_id,note_type_id,user_ref,content) VALUES (1107,0,'jpilla','Loches (Indre-et-Loire, ch.-l. arr.), importante forteresse du comte d’Anjou, abritait une abbaye, restaurée en 1104 comme prieuré de l’abbaye de Beaulieu-lès-Loches.');
INSERT INTO note (note_id,note_type_id,user_ref,content) VALUES (1108,0,'jpilla','Le Dorat (Haute-Vienne, ch.-l. cant.), abbaye bénédictine puis augustine.');
INSERT INTO note (note_id,note_type_id,user_ref,content) VALUES (1109,0,'jpilla','Frère Roger est un personnage assez important de la cour de Henri II. D’après les Gesta regis Henrici Secundi, « vers le 2 juin 1177, Henri II étant à Winchester, choisit pour être aumônier de sa maison (…) un frère du Temple, du nom de Roger ».');
INSERT INTO note (note_id,note_type_id,user_ref,content) VALUES (1110,0,'jpilla','Étienne de Tours, attesté comme sénéchal d’Anjou de 1172 à 1188, avait été chambrier du roi, et depuis 1163 garde du donjon de Chinon.');
INSERT INTO note (note_id,note_type_id,user_ref,content) VALUES (1111,0,'jpilla','Guillaume d’Ostillie semble être préposé au service de la chambre du roi ; il appartient en tous cas comme les précédents à un cercle assez proche du souverain. On a mention d’un autre Guillaume d’Ostillie, visiblement de la même famille, évêque d’Avranches au début du XIIIe siècle.');
INSERT INTO note (note_id,note_type_id,user_ref,content) VALUES (1112,0,'jpilla','Montbazon (Indre-et-Loire, ch.-l. cant.).');
INSERT INTO note (note_id,note_type_id,user_ref,content) VALUES (1113,0,'jpilla','Beaulieu-lès-Loches (Indre-et-Loire, cant. Loches), siège d’une abbaye bénédictine fondée par le comte d’Anjou.');
------------------------------------------
INSERT INTO note (note_id,note_type_id,user_ref,content) VALUES (1114,0,'jpilla','Henri II Plantagenêt (mort en 1189), comte d’Anjou et duc de Normandie par son père Geoffroy V Plantagenêt (mort en 1151), duc d’Aquitaine en 1152 par son mariage avec Aliénor, fille de Guillaume X d’Aquitaine, et roi d’Angleterre en 1154.');
INSERT INTO note (note_id,note_type_id,user_ref,content) VALUES (1115,0,'jpilla','Le Loroux (Maine-et-Loire, cant. Longué-Jumelles, comm. Vernantes, 18 km de Saumur), abbaye cistercienne fondée en 1121 par le comte d’Anjou Foulque V.');
INSERT INTO note (note_id,note_type_id,user_ref,content) VALUES (1116,0,'jpilla','Locus désigne tout type de maison religieuse, avec une connotation de simplicité, voire de modestie, d’absence d’institutionnalité. Repris par les cisterciens, le « lieu » devient « abbaye ».');
INSERT INTO note (note_id,note_type_id,user_ref,content) VALUES (1117,0,'jpilla','Beaugerais (Indre-et-Loire, cant. Montrésor, comm. Loché-sur-Indrois), à une quinzaine de km de Tours. Le site était occupé depuis quelque temps par un ermitage (d’où le terme de locus et la mention de biens déjà donnés) officiellement attesté dès 1153.');
INSERT INTO note (note_id,note_type_id,user_ref,content) VALUES (1118,0,'jpilla','Le boscus n’est pas tant ici l’espace boisé que l’espace inculte, mis en opposition aux terres exploitées ; l’opposition médiévale entre bosc et plain, comme le dit l’ancien français, poursuit l’opposition antique entre saltus et ager.');
INSERT INTO note (note_id,note_type_id,user_ref,content) VALUES (1119,0,'jpilla','L’exemption de taxes ne porte donc pas sur les biens destinés à la vente, ni sur ceux que les moines transporteraient pour autrui.');
INSERT INTO note (note_id,note_type_id,user_ref,content) VALUES (1120,0,'jpilla','Loches (Indre-et-Loire, ch.-l. arr.), importante forteresse du comte d’Anjou, abritait une abbaye, restaurée en 1104 comme prieuré de l’abbaye de Beaulieu-lès-Loches.');
INSERT INTO note (note_id,note_type_id,user_ref,content) VALUES (1121,0,'jpilla','Le Dorat (Haute-Vienne, ch.-l. cant.), abbaye bénédictine puis augustine.');
INSERT INTO note (note_id,note_type_id,user_ref,content) VALUES (1122,0,'jpilla','Frère Roger est un personnage assez important de la cour de Henri II. D’après les Gesta regis Henrici Secundi, « vers le 2 juin 1177, Henri II étant à Winchester, choisit pour être aumônier de sa maison (…) un frère du Temple, du nom de Roger ».');
INSERT INTO note (note_id,note_type_id,user_ref,content) VALUES (1123,0,'jpilla','Étienne de Tours, attesté comme sénéchal d’Anjou de 1172 à 1188, avait été chambrier du roi, et depuis 1163 garde du donjon de Chinon.');
INSERT INTO note (note_id,note_type_id,user_ref,content) VALUES (1124,0,'jpilla','Guillaume d’Ostillie semble être préposé au service de la chambre du roi ; il appartient en tous cas comme les précédents à un cercle assez proche du souverain. On a mention d’un autre Guillaume d’Ostillie, visiblement de la même famille, évêque d’Avranches au début du XIIIe siècle.');
INSERT INTO note (note_id,note_type_id,user_ref,content) VALUES (1125,0,'jpilla','Montbazon (Indre-et-Loire, ch.-l. cant.).');
INSERT INTO note (note_id,note_type_id,user_ref,content) VALUES (1126,0,'jpilla','Beaulieu-lès-Loches (Indre-et-Loire, cant. Loches), siège d’une abbaye bénédictine fondée par le comte d’Anjou.');
------------------------------------------
INSERT INTO transcriptionHasNote (transcription_id,note_id,ptr_start,ptr_end) VALUES (93,1101,3,11);
INSERT INTO transcriptionHasNote (transcription_id,note_id,ptr_start,ptr_end) VALUES (93,1102,400,408);
INSERT INTO transcriptionHasNote (transcription_id,note_id,ptr_start,ptr_end) VALUES (93,1103,408,413);
INSERT INTO transcriptionHasNote (transcription_id,note_id,ptr_start,ptr_end) VALUES (93,1104,417,426);
INSERT INTO transcriptionHasNote (transcription_id,note_id,ptr_start,ptr_end) VALUES (93,1105,978,983);
INSERT INTO transcriptionHasNote (transcription_id,note_id,ptr_start,ptr_end) VALUES (93,1106,1445,1459);
INSERT INTO transcriptionHasNote (transcription_id,note_id,ptr_start,ptr_end) VALUES (93,1107,1580,1587);
INSERT INTO transcriptionHasNote (transcription_id,note_id,ptr_start,ptr_end) VALUES (93,1108,1608,1615);
INSERT INTO transcriptionHasNote (transcription_id,note_id,ptr_start,ptr_end) VALUES (93,1109,1624,1630);
INSERT INTO transcriptionHasNote (transcription_id,note_id,ptr_start,ptr_end) VALUES (93,1110,1655,1674);
INSERT INTO transcriptionHasNote (transcription_id,note_id,ptr_start,ptr_end) VALUES (93,1111,1712,1719);
INSERT INTO transcriptionHasNote (transcription_id,note_id,ptr_start,ptr_end) VALUES (93,1112,1732,1741);
INSERT INTO transcriptionHasNote (transcription_id,note_id,ptr_start,ptr_end) VALUES (93,1113,1775,1787);
------------------------------------------
INSERT INTO translationHasNote (translation_id,note_id,ptr_start,ptr_end) VALUES (93,1114,3,8);
INSERT INTO translationHasNote (translation_id,note_id,ptr_start,ptr_end) VALUES (93,1115,405,411);
INSERT INTO translationHasNote (translation_id,note_id,ptr_start,ptr_end) VALUES (93,1116,415,419);
INSERT INTO translationHasNote (translation_id,note_id,ptr_start,ptr_end) VALUES (93,1117,423,433);
INSERT INTO translationHasNote (translation_id,note_id,ptr_start,ptr_end) VALUES (93,1118,1023,1038);
INSERT INTO translationHasNote (translation_id,note_id,ptr_start,ptr_end) VALUES (93,1119,1509,1522);
INSERT INTO translationHasNote (translation_id,note_id,ptr_start,ptr_end) VALUES (93,1120,1650,1656);
INSERT INTO translationHasNote (translation_id,note_id,ptr_start,ptr_end) VALUES (93,1121,1676,1681);
INSERT INTO translationHasNote (translation_id,note_id,ptr_start,ptr_end) VALUES (93,1122,1689,1694);
INSERT INTO translationHasNote (translation_id,note_id,ptr_start,ptr_end) VALUES (93,1123,1715,1731);
INSERT INTO translationHasNote (translation_id,note_id,ptr_start,ptr_end) VALUES (93,1124,1762,1770);
INSERT INTO translationHasNote (translation_id,note_id,ptr_start,ptr_end) VALUES (93,1125,1781,1790);
INSERT INTO translationHasNote (translation_id,note_id,ptr_start,ptr_end) VALUES (93,1126,1824,1843);
--========================================
------------------------------------------
------------------------------------------
------------------------------------------
--========================================
------------------------------------------
------------------------------------------
------------------------------------------
--========================================
------------------------------------------
------------------------------------------
------------------------------------------
--========================================
------------------------------------------
------------------------------------------
------------------------------------------
--========================================
------------------------------------------
------------------------------------------
------------------------------------------
--========================================
------------------------------------------
------------------------------------------
------------------------------------------
--========================================
INSERT INTO note (note_id,note_type_id,user_ref,content) VALUES (1127,0,'jpilla','D’après la localisation de Saint-Hippolyte, sans doute Vernet, comm. Perpignan.');
INSERT INTO note (note_id,note_type_id,user_ref,content) VALUES (1128,0,'jpilla','Pyrénées-Orientales, cant. Rivesaltes.');
------------------------------------------
INSERT INTO note (note_id,note_type_id,user_ref,content) VALUES (1129,0,'jpilla','D’après la localisation de Saint-Hippolyte, sans doute Vernet, comm. Perpignan.');
INSERT INTO note (note_id,note_type_id,user_ref,content) VALUES (1130,0,'jpilla','Pyrénées-Orientales, cant. Rivesaltes.');
------------------------------------------
INSERT INTO transcriptionHasNote (transcription_id,note_id,ptr_start,ptr_end) VALUES (100,1127,134,141);
INSERT INTO transcriptionHasNote (transcription_id,note_id,ptr_start,ptr_end) VALUES (100,1128,471,503);
------------------------------------------
INSERT INTO translationHasNote (translation_id,note_id,ptr_start,ptr_end) VALUES (100,1129,66,72);
INSERT INTO translationHasNote (translation_id,note_id,ptr_start,ptr_end) VALUES (100,1130,246,261);
--========================================
------------------------------------------
------------------------------------------
------------------------------------------
--========================================
------------------------------------------
------------------------------------------
------------------------------------------
--========================================
------------------------------------------
------------------------------------------
------------------------------------------
--========================================
------------------------------------------
------------------------------------------
------------------------------------------
--========================================
------------------------------------------
------------------------------------------
------------------------------------------
--========================================
INSERT INTO note (note_id,note_type_id,user_ref,content) VALUES (1131,0,'jpilla','Premislav II (alias Ottokar I), roi de Bohême en 1192-1193 et 1197-1230.');
INSERT INTO note (note_id,note_type_id,user_ref,content) VALUES (1132,0,'jpilla','Saint-Jacques, église située au nord du château de Brno, dans un quartier nouveau du XIIIe siècle.');
INSERT INTO note (note_id,note_type_id,user_ref,content) VALUES (1133,0,'jpilla','Brno (all. Brünn), capitale de la Moravie (Rép. tchèque). Le vocable de « bourg »  (all. Burg)  rappelle l’origine castrale du lieu, attesté à partir de la fin du XIe siècle,  mais dénonce aussi que la ville n’est pas une civitas épiscopale  (un évêché n’y sera installé qu’en 1777).');
INSERT INTO note (note_id,note_type_id,user_ref,content) VALUES (1134,0,'jpilla','La correction portée au registre  indique in extremis que l’évêque concerné était l’un des prédécesseurs  de l’évêque alors en fonction, Bruno de Holstein (1245-1281).');
INSERT INTO note (note_id,note_type_id,user_ref,content) VALUES (1135,0,'jpilla','L’expression est à prendre  en son sens étymologique : une partie convenable, adaptée. Les patrons ayant eu tendance à sans  cesse la réduire, la « portion congrue » en est venue à désigner l’inverse, une portion insuffisante…');
INSERT INTO note (note_id,note_type_id,user_ref,content) VALUES (1136,0,'jpilla','L’expression est à prendre en son sens étymologique :  une partie convenable, adaptée. Les patrons ayant eu tendance à  sans cesse la réduire, la « portion congrue » en est venue à désigner  l’inverse, une portion insuffisante…');
INSERT INTO note (note_id,note_type_id,user_ref,content) VALUES (1137,0,'jpilla','Appel condensé de la clause prohibitive, d’une formulation développée telle que « Nulli ergo omnino hominum liceat hanc paginam nostre confirmationis  infringere vel ei ausu temerario contraire ».');
INSERT INTO note (note_id,note_type_id,user_ref,content) VALUES (1138,0,'jpilla','L’année de pontificat est calculée à partir du jour de la consécration du  pape (le 20 décembre 1254 pour Alexandre IV) ; la septième année de pontificat  devait couvrir la période [20 décembre 1260-19 décembre 1261], mais a été interrompue  par le décès du pape le 25 mai 1261 ; la fourchette est précisée par le jour, exprimé à la  mode antique, 5 cal. février = (31+2-5) janvier, 28 janvier 1261.');
INSERT INTO note (note_id,note_type_id,user_ref,content) VALUES (1139,0,'jpilla','Venceslas (all. Wenzel) III, roi de Bohême en 1228-1253. Comme il est  ici encore question d’un prédécesseur de l’évêque alors en fonction, la  mesure est antérieure à l’élection de l’évêque Bruno de Holstein en 1245.');
INSERT INTO note (note_id,note_type_id,user_ref,content) VALUES (1140,0,'jpilla','Saint-Pierre, église paroissiale de Brno, construite dès le XIIe siècle.');
INSERT INTO note (note_id,note_type_id,user_ref,content) VALUES (1141,0,'jpilla','Saint-Pierre, église paroissiale de Brno, construite dès le XIIe siècle.');
INSERT INTO note (note_id,note_type_id,user_ref,content) VALUES (1142,0,'jpilla','La correction portée au registre  indique in extremis que l’évêque concerné était l’un des prédécesseurs  de l’évêque alors en fonction, Bruno de Holstein (1245-1281).');
INSERT INTO note (note_id,note_type_id,user_ref,content) VALUES (1143,0,'jpilla','La correction portée au registre  indique in extremis que l’évêque concerné était l’un des prédécesseurs  de l’évêque alors en fonction, Bruno de Holstein (1245-1281).');
------------------------------------------
INSERT INTO note (note_id,note_type_id,user_ref,content) VALUES (1144,0,'jpilla','Le « convent » (qui a donné « couvent ») est l’ensemble des moines ou  moniales d’un monastère, en opposition/complémentarité à l’abbé ou abbesse  (ils ont vite deux sceaux différents) ; le droit canonique impose à l’abbé ou abbesse de s’assurer du consentement du convent dans les actes de gestion.');
INSERT INTO note (note_id,note_type_id,user_ref,content) VALUES (1145,0,'jpilla','Abbaye cistercienne de Mariental à Oslavany/Oslawan, 25 km WSW de Brno.');
INSERT INTO note (note_id,note_type_id,user_ref,content) VALUES (1146,0,'jpilla','Tch. Olomouc (all. Olmütz), cité de Moravie (Rép. tchèque).');
INSERT INTO note (note_id,note_type_id,user_ref,content) VALUES (1147,0,'jpilla','Premislav II (alias Ottokar I), roi de Bohême en 1192-1193 et 1197-1230.');
INSERT INTO note (note_id,note_type_id,user_ref,content) VALUES (1148,0,'jpilla','La correction portée au registre indique in extremis que l’évêque concerné était l’un des prédécesseurs de l’évêque alors en fonction, Bruno de Holstein (1245-1281).');
INSERT INTO note (note_id,note_type_id,user_ref,content) VALUES (1149,0,'jpilla','Saint-Jacques, église située au nord du château de Brno, dans un quartier nouveau du XIIIe siècle.');
INSERT INTO note (note_id,note_type_id,user_ref,content) VALUES (1150,0,'jpilla','Brno (all. Brünn), capitale de la Moravie (Rép. tchèque).  Le vocable de « bourg » (all. Burg)  rappelle l’origine castrale du lieu, attesté à partir de la fin du XIe siècle,  mais dénonce aussi que la ville n’est pas une civitas épiscopale (un évêché n’y sera installé qu’en 1777).');
INSERT INTO note (note_id,note_type_id,user_ref,content) VALUES (1151,0,'jpilla','L’expression est à prendre en son sens étymologique : une partie convenable, adaptée.  Les patrons ayant eu tendance à sans cesse la réduire, la « portion congrue » en est venue à  désigner l’inverse, une portion insuffisante…');
INSERT INTO note (note_id,note_type_id,user_ref,content) VALUES (1152,0,'jpilla','L’expression est à prendre en son sens étymologique : une partie convenable, adaptée.  Les patrons ayant eu tendance à sans cesse la réduire, la « portion congrue »  en est venue à désigner l’inverse, une portion insuffisante…');
INSERT INTO note (note_id,note_type_id,user_ref,content) VALUES (1153,0,'jpilla','Appel condensé de la clause prohibitive, d’une formulation développée telle  que « Nulli ergo omnino hominum liceat hanc paginam nostre confirmationis infringere vel ei ausu temerario contraire ».');
INSERT INTO note (note_id,note_type_id,user_ref,content) VALUES (1154,0,'jpilla','L’année de pontificat est calculée à partir du jour de la consécration du  pape (le 20 décembre 1254 pour Alexandre IV) ; la septième année de  pontificat devait couvrir la période [20 décembre 1260-19 décembre 1261],  mais a été interrompue par le décès du pape le 25 mai 1261 ; la fourchette  est précisée par le jour, exprimé à la mode antique, 5 cal. février = (31+2-5)  janvier, 28 janvier 1261.');
INSERT INTO note (note_id,note_type_id,user_ref,content) VALUES (1155,0,'jpilla','Venceslas (all. Wenzel) III, roi de Bohême en 1228-1253. Comme il est  ici encore question d’un prédécesseur de l’évêque alors en fonction, la mesure est antérieure à l’élection de l’évêque Bruno de Holstein en 1245.');
INSERT INTO note (note_id,note_type_id,user_ref,content) VALUES (1156,0,'jpilla','Saint-Pierre, église paroissiale de Brno, construite dès le XIIe siècle.');
------------------------------------------
INSERT INTO transcriptionHasNote (transcription_id,note_id,ptr_start,ptr_end) VALUES (106,1131,284,303);
INSERT INTO transcriptionHasNote (transcription_id,note_id,ptr_start,ptr_end) VALUES (106,1132,377,408);
INSERT INTO transcriptionHasNote (transcription_id,note_id,ptr_start,ptr_end) VALUES (106,1133,418,435);
INSERT INTO transcriptionHasNote (transcription_id,note_id,ptr_start,ptr_end) VALUES (106,1134,560,580);
INSERT INTO transcriptionHasNote (transcription_id,note_id,ptr_start,ptr_end) VALUES (106,1135,1451,1458);
INSERT INTO transcriptionHasNote (transcription_id,note_id,ptr_start,ptr_end) VALUES (106,1136,1465,1473);
INSERT INTO transcriptionHasNote (transcription_id,note_id,ptr_start,ptr_end) VALUES (106,1137,2212,2257);
INSERT INTO transcriptionHasNote (transcription_id,note_id,ptr_start,ptr_end) VALUES (106,1138,2394,2407);
INSERT INTO transcriptionHasNote (transcription_id,note_id,ptr_start,ptr_end) VALUES (106,1139,2576,2595);
INSERT INTO transcriptionHasNote (transcription_id,note_id,ptr_start,ptr_end) VALUES (106,1140,2657,2681);
INSERT INTO transcriptionHasNote (transcription_id,note_id,ptr_start,ptr_end) VALUES (106,1141,2688,2694);
INSERT INTO transcriptionHasNote (transcription_id,note_id,ptr_start,ptr_end) VALUES (106,1142,2878,2898);
INSERT INTO transcriptionHasNote (transcription_id,note_id,ptr_start,ptr_end) VALUES (106,1143,2905,2923);
------------------------------------------
INSERT INTO translationHasNote (translation_id,note_id,ptr_start,ptr_end) VALUES (106,1144,21,29);
INSERT INTO translationHasNote (translation_id,note_id,ptr_start,ptr_end) VALUES (106,1145,45,65);
INSERT INTO translationHasNote (translation_id,note_id,ptr_start,ptr_end) VALUES (106,1146,101,107);
INSERT INTO translationHasNote (translation_id,note_id,ptr_start,ptr_end) VALUES (106,1147,374,383);
INSERT INTO translationHasNote (translation_id,note_id,ptr_start,ptr_end) VALUES (106,1148,491,508);
INSERT INTO translationHasNote (translation_id,note_id,ptr_start,ptr_end) VALUES (106,1149,553,566);
INSERT INTO translationHasNote (translation_id,note_id,ptr_start,ptr_end) VALUES (106,1150,581,585);
INSERT INTO translationHasNote (translation_id,note_id,ptr_start,ptr_end) VALUES (106,1151,913,920);
INSERT INTO translationHasNote (translation_id,note_id,ptr_start,ptr_end) VALUES (106,1152,927,934);
INSERT INTO translationHasNote (translation_id,note_id,ptr_start,ptr_end) VALUES (106,1153,1615,1650);
INSERT INTO translationHasNote (translation_id,note_id,ptr_start,ptr_end) VALUES (106,1154,1726,1739);
INSERT INTO translationHasNote (translation_id,note_id,ptr_start,ptr_end) VALUES (106,1155,1848,1857);
INSERT INTO translationHasNote (translation_id,note_id,ptr_start,ptr_end) VALUES (106,1156,2003,2015);
--========================================
------------------------------------------
------------------------------------------
------------------------------------------
--========================================
------------------------------------------
------------------------------------------
------------------------------------------
--========================================
------------------------------------------
------------------------------------------
------------------------------------------
--========================================
------------------------------------------
------------------------------------------
------------------------------------------
