DELETE FROM note ;
--========================================
INSERT INTO note (note_id,note_type_id,user_ref,content) VALUES (0,0,'jpilla','Juge en matière contentieuse et gracieuse, délégué de l’évêque.');
INSERT INTO note (note_id,note_type_id,user_ref,content) VALUES (1,0,'jpilla','Oise, cant. Grandvilliers.');
INSERT INTO note (note_id,note_type_id,user_ref,content) VALUES (2,0,'jpilla','Oise, cant. Mouy.');
INSERT INTO note (note_id,note_type_id,user_ref,content) VALUES (3,0,'jpilla','Abbaye bénédictine (Oise, cant. Le Coudray-Saint-Germer).');
INSERT INTO note (note_id,note_type_id,user_ref,content) VALUES (4,0,'jpilla','Ancien habitat sur la commune de Senantes (Oise, cant. Songeons).');
INSERT INTO note (note_id,note_type_id,user_ref,content) VALUES (5,0,'jpilla','Tante maternelle d’après l’étymologie (mater), mais parfois pris comme amita au sens de tante paternelle (voir Du Cange, Glossarium).');
INSERT INTO note (note_id,note_type_id,user_ref,content) VALUES (6,0,'jpilla','L’émine (mina) est une mesure de capacité des céréales ; par extension l’éminée est une mesure de superficie (terre recevant en principe une émine de semence).');
INSERT INTO note (note_id,note_type_id,user_ref,content) VALUES (7,0,'jpilla','L’expression pourrait fonctionner comme un microtoponyme, mais, suivie d’un génitif (dictorum abbatis...), elle peut être aussi comprise comme la référence à un élément précis du paysage; le metz (forme la plus courante dans la région), mansus, masus, est un ensemble de bâtiments d’exploitation et de terres.');
INSERT INTO note (note_id,note_type_id,user_ref,content) VALUES (8,0,'jpilla','Mode de tenure de la terre à part de fruits.');
INSERT INTO note (note_id,note_type_id,user_ref,content) VALUES (9,0,'jpilla','Les deniers parisis sont la monnaie frappée à Paris, puis l’une des deux grandes monnaies royales (avec le tournois), qui peut être frappée ailleurs; l’expression ne vise a priori qu’une monnaie de compte ; seuls les deniers sont frappés, les sous et les livres sont donc « de [deniers] parisis » (au génitif en latin).');
INSERT INTO note (note_id,note_type_id,user_ref,content) VALUES (10,0,'jpilla','La foi corporelle indique que le serment a impliqué un contact corporel avec un objet lui-même en rapport avec le sacré (évangiles, croix, reliques...)');
INSERT INTO note (note_id,note_type_id,user_ref,content) VALUES (11,0,'jpilla','Attention aux millésimes exprimés en ancien style ; vu la région et la période, il y a de grandes chances que le style utilisé soit ou Pâques ou l’Annonciation florentine ; tout doute est ici levé par la date du jour, postérieur à Pâques: on est bien en 1248 nouveau style.');
INSERT INTO note (note_id,note_type_id,user_ref,content) VALUES (12,0,'jpilla','Attention aux millésimes exprimés en ancien style ; vu la région et la période, il y a de grandes chances que le style utilisé soit ou Pâques ou l’Annonciation florentine ; tout doute est ici levé par la date du jour, postérieur à Pâques: on est bien en 1248 nouveau style.');
INSERT INTO note (note_id,note_type_id,user_ref,content) VALUES (13,0,'jpilla','« Jubilate » est l’introït du troisième dimanche après Pâques (Cappelli, éd. 1978, p. 116 ; Giry, p. 267) ; le millésime ne correspondrait pas au nôtre qu’en cas d’usage du style pisan, totalement exclu ici. C’est donc sous l’année 1248 (n.st.) qu’il faut chercher dans les outils modernes la concordance du quantième, du mois et du jour de la semaine. D’après Cappelli, en 1248 Pâques tombe le 19 avril (p. 262) ; une année où Pâques tombe le 19 avril, le dimanche de Jubilate tombe le 10 mai (p. 92), l’acte est donc du 11 mai 1248. D’après Giry, 1248 a pour lettres dominicales ED (p. 197) ; pour une telle année (calendrier D) où en outre Pâques tombe le 19 avril, le dimanche de Jubilate tombe le 10 mai (p. 237), l’acte est donc du 11 mai 1248.');
------------------------------------------
INSERT INTO note (note_id,note_type_id,user_ref,content) VALUES (14,0,'jpilla','Juge en matière contentieuse et gracieuse, délégué de l’évêque.');
INSERT INTO note (note_id,note_type_id,user_ref,content) VALUES (15,0,'jpilla','Oise, cant. Grandvilliers.');
INSERT INTO note (note_id,note_type_id,user_ref,content) VALUES (16,0,'jpilla','Oise, cant. Mouy.');
INSERT INTO note (note_id,note_type_id,user_ref,content) VALUES (17,0,'jpilla','Abbaye bénédictine (Oise, cant. Le Coudray-Saint-Germer).');
INSERT INTO note (note_id,note_type_id,user_ref,content) VALUES (18,0,'jpilla','Ancien habitat sur la commune de Senantes (Oise, cant. Songeons).');
INSERT INTO note (note_id,note_type_id,user_ref,content) VALUES (19,0,'jpilla','Tante maternelle d’après l’étymologie (mater), mais parfois pris comme amita au sens de tante paternelle (voir Du Cange, Glossarium).');
INSERT INTO note (note_id,note_type_id,user_ref,content) VALUES (20,0,'jpilla','L’émine (mina) est une mesure de capacité des céréales ; par extension l’éminée est une mesure de superficie (terre recevant en principe une émine de semence).');
INSERT INTO note (note_id,note_type_id,user_ref,content) VALUES (21,0,'jpilla','L’expression pourrait fonctionner comme un microtoponyme, mais, suivie d’un génitif (dictorum abbatis...), elle peut être aussi comprise comme la référence à un élément précis du paysage; le metz (forme la plus courante dans la région), mansus, masus, est un ensemble de bâtiments d’exploitation et de terres.');
INSERT INTO note (note_id,note_type_id,user_ref,content) VALUES (22,0,'jpilla','Mode de tenure de la terre à part de fruits.');
INSERT INTO note (note_id,note_type_id,user_ref,content) VALUES (23,0,'jpilla','Les deniers parisis sont la monnaie frappée à Paris, puis l’une des deux grandes monnaies royales (avec le tournois), qui peut être frappée ailleurs ; l’expression ne vise a priori qu’une monnaie de compte ; seuls les deniers sont frappés, les sous et les livres sont donc « de [deniers] parisis » (au génitif en latin).');
INSERT INTO note (note_id,note_type_id,user_ref,content) VALUES (24,0,'jpilla','La foi corporelle indique que le serment a impliqué un contact corporel avec un objet lui-même en rapport avec le sacré (évangiles, croix, reliques...)');
INSERT INTO note (note_id,note_type_id,user_ref,content) VALUES (25,0,'jpilla','Attention aux millésimes exprimés en ancien style ; vu la région et la période, il y a de grandes chances que le style utilisé soit ou Pâques ou l’Annonciation florentine ; tout doute est ici levé par la date du jour, postérieur à Pâques: on est bien en 1248 nouveau style.');
INSERT INTO note (note_id,note_type_id,user_ref,content) VALUES (26,0,'jpilla','"Jubilate" est l’introït du troisième dimanche après Pâques (Cappelli, éd. 1978, p. 116 ; Giry, p. 267) ; le millésime ne correspondrait pas au nôtre qu’en cas d’usage du style pisan, totalement exclu ici. C’est donc sous l’année 1248 (n.st.) qu’il faut chercher dans les outils modernes la concordance du quantième, du mois et du jour de la semaine. D’après Cappelli, en 1248 Pâques tombe le 19 avril (p. 262) ; une année où Pâques tombe le 19 avril, le dimanche de Jubilate tombe le 10 mai (p. 92), l’acte est donc du 11 mai 1248. D’après Giry, 1248 a pour lettres dominicales ED (p. 197) ; pour une telle année (calendrier D) où en outre Pâques tombe le 19 avril, le dimanche de Jubilate tombe le 10 mai (p. 237), l’acte est donc du 11 mai 1248.');
------------------------------------------
INSERT INTO transcription_has_note (transcription_id,note_id,ptr_start,ptr_end) VALUES (0,0,88,107);
INSERT INTO transcription_has_note (transcription_id,note_id,ptr_start,ptr_end) VALUES (0,1,328,332);
INSERT INTO transcription_has_note (transcription_id,note_id,ptr_start,ptr_end) VALUES (0,2,336,367);
INSERT INTO transcription_has_note (transcription_id,note_id,ptr_start,ptr_end) VALUES (0,3,589,653);
INSERT INTO transcription_has_note (transcription_id,note_id,ptr_start,ptr_end) VALUES (0,4,763,769);
INSERT INTO transcription_has_note (transcription_id,note_id,ptr_start,ptr_end) VALUES (0,5,771,780);
INSERT INTO transcription_has_note (transcription_id,note_id,ptr_start,ptr_end) VALUES (0,6,808,813);
INSERT INTO transcription_has_note (transcription_id,note_id,ptr_start,ptr_end) VALUES (0,7,838,843);
INSERT INTO transcription_has_note (transcription_id,note_id,ptr_start,ptr_end) VALUES (0,8,993,1004);
INSERT INTO transcription_has_note (transcription_id,note_id,ptr_start,ptr_end) VALUES (0,9,1025,1045);
INSERT INTO transcription_has_note (transcription_id,note_id,ptr_start,ptr_end) VALUES (0,10,1315,1325);
INSERT INTO transcription_has_note (transcription_id,note_id,ptr_start,ptr_end) VALUES (0,11,2714,2724);
INSERT INTO transcription_has_note (transcription_id,note_id,ptr_start,ptr_end) VALUES (0,12,2737,2741);
INSERT INTO transcription_has_note (transcription_id,note_id,ptr_start,ptr_end) VALUES (0,13,2746,2773);
------------------------------------------
INSERT INTO translation_has_note (translation_id,note_id,ptr_start,ptr_end) VALUES (0,14,50,60);
INSERT INTO translation_has_note (translation_id,note_id,ptr_start,ptr_end) VALUES (0,15,157,161);
INSERT INTO translation_has_note (translation_id,note_id,ptr_start,ptr_end) VALUES (0,16,166,177);
INSERT INTO translation_has_note (translation_id,note_id,ptr_start,ptr_end) VALUES (0,17,330,349);
INSERT INTO translation_has_note (translation_id,note_id,ptr_start,ptr_end) VALUES (0,18,416,422);
INSERT INTO translation_has_note (translation_id,note_id,ptr_start,ptr_end) VALUES (0,19,424,440);
INSERT INTO translation_has_note (translation_id,note_id,ptr_start,ptr_end) VALUES (0,20,469,476);
INSERT INTO translation_has_note (translation_id,note_id,ptr_start,ptr_end) VALUES (0,21,493,497);
INSERT INTO translation_has_note (translation_id,note_id,ptr_start,ptr_end) VALUES (0,22,566,574);
INSERT INTO translation_has_note (translation_id,note_id,ptr_start,ptr_end) VALUES (0,23,615,630);
INSERT INTO translation_has_note (translation_id,note_id,ptr_start,ptr_end) VALUES (0,24,809,819);
INSERT INTO translation_has_note (translation_id,note_id,ptr_start,ptr_end) VALUES (0,25,1650,1654);
INSERT INTO translation_has_note (translation_id,note_id,ptr_start,ptr_end) VALUES (0,26,1659,1679);
